BUILD beacons macos
   Compiling beacons-logic v0.1.0 (/Users/ccheever/projects/exact2-wt-game/game/games/beacons/logic)
   Compiling exact-gpu v0.1.0 (/Users/ccheever/projects/exact2-wt-game/gpu)
   Compiling exact-game-render v0.1.0 (/Users/ccheever/projects/exact2-wt-game/game/render)
   Compiling beacons-gpu v0.1.0 (/Users/ccheever/projects/exact2-wt-game/game/.shells/d3679e06b82168ec6c85c47d-gpu)
    Finished `release` profile [optimized] target(s) in 6.83s
   Compiling beacons-apple v0.1.0 (/Users/ccheever/projects/exact2-wt-game/game/.shells/d3679e06b82168ec6c85c47d-apple)
    Finished `release` profile [optimized] target(s) in 15.05s
host/apple: baked L=0; Swift embedded composition
[0/1] Planning build
Building for production...
[0/5] Write sources
[2/5] Write swift-version--1AB21518FC5DEDBE.txt
[4/6] Compiling ExactKit Accessibility.swift
[5/7] Compiling ExactComposition Composition.swift
[6/8] Compiling ExactMac main.swift
[6/8] Write Objects.LinkFileList
[7/8] Linking ExactMac
Build of product 'ExactMac' complete! (27.56s)
warning: '--build-system native' has been deprecated and will be removed in a future release; please report an issue at https://github.com/swiftlang/swift-package-manager/issues if you are unable to adopt the default build system.
local client: /Users/ccheever/projects/exact2-wt-game/game/target/clients/4e90fca7c56b777c2cf4c311/com.exact.beacons/macos/Beacons.app
  Open this app once to register its native opening link.
host/apple: game/target/clients/4e90fca7c56b777c2cf4c311/com.exact.beacons/macos/aarch64-apple-darwin/embedded/development/standalone/ExactMac (cargo 25.0 s, swift 83.8 s; signed -); GPU: libbeacons_gpu.dylib; web arm: libexact_web.dylib
tree 
epoch 1 · incarnation 1 · clock 0 ms · 7 nodes
View#1
  View#2
    Text#3 "BEACONS"
    Text#4 "Find three lights. Bring the clearing to life."
    Text#5 "WASD or arrows to move · Space to jump · E to light"
    Pressable#6 [play] [focused] name="Play" (press)
      Text#7 "Play"
PASS title has focused accessible Play
PASS world waits for Play
tap play
{"incarnation":1,"clock":0,"delivery":"platform","tapped":6,"epoch":2,"at":[640,453],"target":"play","carrier":"macos","mode":"agent"}
type world {"key":"KeyW","for":1500}
type world {"key":"KeyW","phase":"down"}
{"epoch":2,"key":"KeyW","typed":8,"incarnation":1,"delivery":"recognized","clock":0,"phase":"down","target":"world","carrier":"macos","mode":"agent"}
clock +1500
{"world":[{"canvas":8,"tick":90,"quiescent":false,"hash":"0xfe8d70a16822564c"}],"epoch":2,"incarnation":1,"clock":1500}
type world {"key":"KeyW","phase":"up"}
{"epoch":2,"key":"KeyW","typed":8,"incarnation":1,"clock":1500,"delivery":"recognized","phase":"up","target":"world","carrier":"macos","mode":"agent"}
state world:player
{
  "incarnation": 1,
  "epoch": 2,
  "clock": 1500,
  "entity": {
    "id": 1,
    "name": "player",
    "components": {
      "Player": {
        "velocity": [
          0,
          0,
          -4
        ]
      },
      "Material": {
        "metallic": 0,
        "roughness": 0.5,
        "emissive": [
          0,
          0,
          0
        ],
        "grid_spacing": 0,
        "color": [
          0.96,
          0.65,
          0.22,
          1
        ]
      },
      "Mesh": {
        "Capsule": {
          "height": 1.8,
          "radius": 0.4
        }
      },
      "Transform": {
        "scale": [
          1,
          1,
          1
        ],
        "position": [
          0,
          0.9,
          -5.3666644
        ],
        "rotation": [
          0,
          0,
          0,
          1
        ]
      }
    }
  },
  "tick": 90
}
PASS W exactly 1.5 s: [0, 0.9, -5.3666644] within 1 mm: [0,0.9,-5.3666644]
state 
{
  "epoch": 2,
  "incarnation": 1,
  "clock": 1500,
  "slots": {
    "playing": true,
    "seed": 7,
    "paused": false,
    "round": 0
  },
  "derives": {},
  "resources": {
    "hud": {
      "beacons": 0
    }
  },
  "pending": [],
  "store": [],
  "delivery": {
    "stream": "embedded",
    "seq": 0,
    "embeddedSeq": 0,
    "staged": false,
    "sunset": "",
    "interpreted": [],
    "compatibilityId": "2d822b959578587f0093707307e7f1c2",
    "L": "0",
    "E": [
      "native"
    ]
  },
  "logic": {
    "revision": null,
    "rustExecutor": null,
    "ready": true
  },
  "world": [
    {
      "hz": 60,
      "seed": 7,
      "tick": 90,
      "entities": 13,
      "restored": false,
      "paused": false,
      "args": {
        "seed": 7,
        "paused": false,
        "round": 0
      },
      "name": "world",
      "audio": {
        "sources": [],
        "voices": []
      },
      "published": {
        "beacons": 0
      },
      "hash": "0xfe8d70a16822564c",
      "perf": {
        "pixels": [
          0,
          0
        ],
        "tickMs": {
          "max": 0,
          "mean": 0,
          "count": 0,
          "p50": 0,
          "p95": 0,
          "p99": 0
        },
        "wallClock": true,
        "feedMs": {
          "max": 0,
          "mean": 0,
          "count": 0,
          "p50": 0,
          "p95": 0,
          "p99": 0
        },
        "ticksPerFrame": {
          "max": 0,
          "mean": 0,
          "count": 0,
          "p50": 0,
          "p95": 0,
          "p99": 0
        },
        "draws": 0,
        "instances": 0,
        "encodeMs": {
          "max": 0,
          "mean": 0,
          "count": 0,
          "p50": 0,
          "p95": 0,
          "p99": 0
        },
        "triangles": 0,
        "frameMs": {
          "max": 0,
          "mean": 0,
          "count": 0,
          "p50": 0,
          "p95": 0,
          "p99": 0
        }
      },
      "input": {
        "actions": {
          "move": {
            "keys": [],
            "name": "move",
            "stick": [
              {
                "keys": [
                  [
                    "KeyW",
                    "KeyS",
                    "KeyA",
                    "KeyD"
                  ],
                  [
                    "ArrowUp",
                    "ArrowDown",
                    "ArrowLeft",
                    "ArrowRight"
                  ]
                ],
                "touch": []
              }
            ],
            "touch": []
          },
          "light": {
            "keys": [
              "KeyE"
            ],
            "name": "light",
            "stick": [],
            "touch": []
          },
          "jump": {
            "keys": [
              "Space"
            ],
            "name": "jump",
            "stick": [],
            "touch": []
          }
        },
        "forwarded": [],
        "held": [
          "KeyW"
        ]
      },
      "resources": {},
      "device": false,
      "canvas": 8
    }
  ],
  "navigation": {
    "url": null,
    "closedby": null,
    "route": null,
    "presentation": null,
    "stack": [],
    "transition": {
      "interactive": false,
      "phase": "idle"
    }
  },
  "keyboard": {
    "policy": "resizes-visual",
    "interactive": false,
    "visible": false,
    "overlap": 0
  },
  "focus": {
    "responder": "NodeView",
    "editor": null,
    "logical": 8,
    "pending": null
  }
}
PASS exactly 90 ticks
state world:*
{
  "epoch": 2,
  "entities": [
    {
      "id": 0,
      "name": "ground",
      "components": {
        "Material": {
          "metallic": 0,
          "roughness": 0.5,
          "emissive": [
            0,
            0,
            0
          ],
          "grid_spacing": 0,
          "color": [
            0.12,
            0.22,
            0.24,
            1
          ]
        },
        "Transform": {
          "scale": [
            1,
            1,
            1
          ],
          "position": [
            0,
            0,
            0
          ],
          "rotation": [
            0,
            0,
            0,
            1
          ]
        },
        "Mesh": {
          "Plane": {
            "width": 40,
            "depth": 40
          }
        }
      }
    },
    {
      "id": 1,
      "name": "player",
      "components": {
        "Player": {
          "velocity": [
            0,
            0,
            -4
          ]
        },
        "Material": {
          "metallic": 0,
          "roughness": 0.5,
          "emissive": [
            0,
            0,
            0
          ],
          "grid_spacing": 0,
          "color": [
            0.96,
            0.65,
            0.22,
            1
          ]
        },
        "Mesh": {
          "Capsule": {
            "height": 1.8,
            "radius": 0.4
          }
        },
        "Transform": {
          "scale": [
            1,
            1,
            1
          ],
          "position": [
            0,
            0.9,
            -5.3666644
          ],
          "rotation": [
            0,
            0,
            0,
            1
          ]
        }
      }
    },
    {
      "id": 2,
      "name": "camera",
      "components": {
        "Transform": {
          "scale": [
            1,
            1,
            1
          ],
          "position": [
            0,
            12.9,
            12.200529
          ],
          "rotation": [
            -0.30251622,
            0,
            0,
            0.95314425
          ]
        },
        "Camera": {
          "fov_y_degrees": 60,
          "near": 0.1,
          "active": true,
          "far": 1000
        },
        "Follow": {
          "initialized": true,
          "resolved": [
            {
              "index": 1,
              "generation": 0
            }
          ],
          "offset": [
            0,
            12,
            17
          ],
          "look_at_offset": [
            0,
            0,
            0
          ],
          "target": {
            "Entity": [
              {
                "index": 1,
                "generation": 0
              }
            ]
          },
          "lag": 0.15
        }
      }
    },
    {
      "id": 3,
      "name": "sun",
      "components": {
        "DirectionalLight": {
          "color": [
            1,
            1,
            1
          ],
          "illuminance": 10000,
          "shadows": true
        },
        "Transform": {
          "scale": [
            1,
            1,
            1
          ],
          "position": [
            8,
            16,
            10
          ],
          "rotation": [
            -0.4086679,
            0.2983547,
            0.14335296,
            0.8505439
          ]
        }
      }
    },
    {
      "id": 4,
      "name": "crate-1",
      "components": {
        "Material": {
          "metallic": 0,
          "roughness": 0.5,
          "emissive": [
            0,
            0,
            0
          ],
          "grid_spacing": 0,
          "color": [
            0.44,
            0.34,
            0.25,
            1
          ]
        },
        "Transform": {
          "scale": [
            1,
            1,
            1
          ],
          "position": [
            -6.5119476,
            0.5,
            15.302141
          ],
          "rotation": [
            0,
            0,
            0,
            1
          ]
        },
        "Mesh": {
          "Box": {
            "size": [
              1,
              1,
              1
            ]
          }
        }
      }
    },
    {
      "id": 5,
      "name": "crate-2",
      "components": {
        "Material": {
          "metallic": 0,
          "roughness": 0.5,
          "emissive": [
            0,
            0,
            0
          ],
          "grid_spacing": 0,
          "color": [
            0.44,
            0.34,
            0.25,
            1
          ]
        },
        "Transform": {
          "scale": [
            1,
            1,
            1
          ],
          "position": [
            -2.8830242,
            0.5,
            12.395628
          ],
          "rotation": [
            0,
            0,
            0,
            1
          ]
        },
        "Mesh": {
          "Box": {
            "size": [
              1,
              1,
              1
            ]
          }
        }
      }
    },
    {
      "id": 6,
      "name": "crate-3",
      "components": {
        "Material": {
          "metallic": 0,
          "roughness": 0.5,
          "emissive": [
            0,
            0,
            0
          ],
          "grid_spacing": 0,
          "color": [
            0.44,
            0.34,
            0.25,
            1
          ]
        },
        "Transform": {
          "scale": [
            1,
            1,
            1
          ],
          "position": [
            -11.312119,
            0.5,
            1.5342407
          ],
          "rotation": [
            0,
            0,
            0,
            1
          ]
        },
        "Mesh": {
          "Box": {
            "size": [
              1,
              1,
              1
            ]
          }
        }
      }
    },
    {
      "id": 7,
      "name": "crate-4",
      "components": {
        "Material": {
          "metallic": 0,
          "roughness": 0.5,
          "emissive": [
            0,
            0,
            0
          ],
          "grid_spacing": 0,
          "color": [
            0.44,
            0.34,
            0.25,
            1
          ]
        },
        "Transform": {
          "scale": [
            1,
            1,
            1
          ],
          "position": [
            -6.945545,
            0.5,
            -1.616478
          ],
          "rotation": [
            0,
            0,
            0,
            1
          ]
        },
        "Mesh": {
          "Box": {
            "size": [
              1,
              1,
              1
            ]
          }
        }
      }
    },
    {
      "id": 8,
      "name": "crate-5",
      "components": {
        "Material": {
          "metallic": 0,
          "roughness": 0.5,
          "emissive": [
            0,
            0,
            0
          ],
          "grid_spacing": 0,
          "color": [
            0.44,
            0.34,
            0.25,
            1
          ]
        },
        "Transform": {
          "scale": [
            1,
            1,
            1
          ],
          "position": [
            15.145346,
            0.5,
            13.686558
          ],
          "rotation": [
            0,
            0,
            0,
            1
          ]
        },
        "Mesh": {
          "Box": {
            "size": [
              1,
              1,
              1
            ]
          }
        }
      }
    },
    {
      "id": 9,
      "name": "crate-6",
      "components": {
        "Material": {
          "metallic": 0,
          "roughness": 0.5,
          "emissive": [
            0,
            0,
            0
          ],
          "grid_spacing": 0,
          "color": [
            0.44,
            0.34,
            0.25,
            1
          ]
        },
        "Transform": {
          "scale": [
            1,
            1,
            1
          ],
          "position": [
            1.7558537,
            0.5,
            -12.80928
          ],
          "rotation": [
            0,
            0,
            0,
            1
          ]
        },
        "Mesh": {
          "Box": {
            "size": [
              1,
              1,
              1
            ]
          }
        }
      }
    },
    {
      "id": 10,
      "name": "beacon-1",
      "components": {
        "Beacon": {
          "lit": false,
          "glow": {
            "duration": 0,
            "start_value": 0,
            "target": 0,
            "start_tick": 0
          }
        },
        "Material": {
          "metallic": 0,
          "roughness": 0.5,
          "emissive": [
            0,
            0,
            0
          ],
          "grid_spacing": 0,
          "color": [
            0.18,
            0.73,
            0.79,
            1
          ]
        },
        "Mesh": {
          "Sphere": {
            "radius": 0.5
          }
        },
        "Transform": {
          "scale": [
            1,
            1,
            1
          ],
          "position": [
            8,
            1,
            0
          ],
          "rotation": [
            0,
            0,
            0,
            1
          ]
        }
      }
    },
    {
      "id": 11,
      "name": "beacon-2",
      "components": {
        "Beacon": {
          "lit": false,
          "glow": {
            "duration": 0,
            "start_value": 0,
            "target": 0,
            "start_tick": 0
          }
        },
        "Material": {
          "metallic": 0,
          "roughness": 0.5,
          "emissive": [
            0,
            0,
            0
          ],
          "grid_spacing": 0,
          "color": [
            0.18,
            0.73,
            0.79,
            1
          ]
        },
        "Mesh": {
          "Sphere": {
            "radius": 0.5
          }
        },
        "Transform": {
          "scale": [
            1,
            1,
            1
          ],
          "position": [
            -6,
            1,
            7
          ],
          "rotation": [
            0,
            0,
            0,
            1
          ]
        }
      }
    },
    {
      "id": 12,
      "name": "beacon-3",
      "components": {
        "Beacon": {
          "lit": false,
          "glow": {
            "duration": 0,
            "start_value": 0,
            "target": 0,
            "start_tick": 0
          }
        },
        "Material": {
          "metallic": 0,
          "roughness": 0.5,
          "emissive": [
            0,
            0,
            0
          ],
          "grid_spacing": 0,
          "color": [
            0.18,
            0.73,
            0.79,
            1
          ]
        },
        "Mesh": {
          "Sphere": {
            "radius": 0.5
          }
        },
        "Transform": {
          "scale": [
            1,
            1,
            1
          ],
          "position": [
            3,
            1,
            -9
          ],
          "rotation": [
            0,
            0,
            0,
            1
          ]
        }
      }
    }
  ],
  "truncated": false,
  "clock": 1500,
  "incarnation": 1,
  "tick": 90,
  "hash": "0xfe8d70a16822564c"
}
PASS entity snapshot is complete
type world {"key":"KeyE"}
{"clock":1500,"delivery":"recognized","key":"KeyE","incarnation":1,"typed":8,"epoch":2,"target":"world","carrier":"macos","mode":"agent"}
clock +100
{"world":[{"canvas":8,"quiescent":false,"tick":96,"hash":"0xf4b9fa1968f79332"}],"epoch":2,"incarnation":1,"clock":1600}
tree 
epoch 2 · incarnation 1 · clock 1600 ms · 6 nodes
View#1
  Canvas#8 [world] [focused] world{world} · 13 entities · tick 96
    Text#9 [hud-beacons] "Beacons 0 / 3"
    Pressable#10 [pause] name="Pause" (press)
      Text#11 "Pause"
    Text#12 "WASD / arrows · Move     Space · Jump     E · Light nearby beacon"
PASS E outside range lights nothing
clock settle
{"world":[{"canvas":8,"quiescent":true,"hash":"0x86afdb9dccf6877b","tick":186}],"clock":3100,"incarnation":1,"settled":true,"epoch":2}
PASS brakes and camera settle
state world:player
{
  "clock": 3100,
  "incarnation": 1,
  "entity": {
    "id": 1,
    "name": "player",
    "components": {
      "Player": {
        "velocity": [
          0,
          0,
          0
        ]
      },
      "Material": {
        "metallic": 0,
        "roughness": 0.5,
        "emissive": [
          0,
          0,
          0
        ],
        "grid_spacing": 0,
        "color": [
          0.96,
          0.65,
          0.22,
          1
        ]
      },
      "Mesh": {
        "Capsule": {
          "height": 1.8,
          "radius": 0.4
        }
      },
      "Transform": {
        "scale": [
          1,
          1,
          1
        ],
        "position": [
          0,
          0.9,
          -5.733331
        ],
        "rotation": [
          0,
          0,
          0,
          1
        ]
      }
    }
  },
  "epoch": 2,
  "tick": 186
}
type world {"key":"KeyD","for":2066.666666666667}
type world {"key":"KeyD","phase":"down"}
{"delivery":"recognized","key":"KeyD","phase":"down","epoch":2,"clock":3100,"incarnation":1,"typed":8,"target":"world","carrier":"macos","mode":"agent"}
clock +2066.666666666667
{"world":[{"canvas":8,"quiescent":false,"tick":310,"hash":"0x11e85a8c294aa8b2"}],"epoch":2,"incarnation":1,"clock":5166.666666666667}
type world {"key":"KeyD","phase":"up"}
{"delivery":"recognized","key":"KeyD","phase":"up","epoch":2,"clock":5166.666666666667,"incarnation":1,"typed":8,"target":"world","carrier":"macos","mode":"agent"}
clock settle
{"world":[{"canvas":8,"hash":"0x3d20cf9bd0d968ed","quiescent":true,"tick":395}],"clock":6583.334,"incarnation":1,"settled":true,"epoch":2}
PASS walk comes to rest
state world:player
{
  "clock": 6583.334,
  "incarnation": 1,
  "entity": {
    "id": 1,
    "name": "player",
    "components": {
      "Player": {
        "velocity": [
          0,
          0,
          0
        ]
      },
      "Material": {
        "metallic": 0,
        "roughness": 0.5,
        "emissive": [
          0,
          0,
          0
        ],
        "grid_spacing": 0,
        "color": [
          0.96,
          0.65,
          0.22,
          1
        ]
      },
      "Mesh": {
        "Capsule": {
          "height": 1.8,
          "radius": 0.4
        }
      },
      "Transform": {
        "scale": [
          1,
          1,
          1
        ],
        "position": [
          7.9999957,
          0.9,
          -5.733331
        ],
        "rotation": [
          0,
          0,
          0,
          1
        ]
      }
    }
  },
  "epoch": 2,
  "tick": 395
}
type world {"key":"KeyS","for":1500}
type world {"key":"KeyS","phase":"down"}
{"epoch":2,"key":"KeyS","typed":8,"incarnation":1,"delivery":"recognized","clock":6583.334,"phase":"down","target":"world","carrier":"macos","mode":"agent"}
clock +1500
{"world":[{"canvas":8,"quiescent":false,"tick":485,"hash":"0x0c5f33adf7747356"}],"epoch":2,"incarnation":1,"clock":8083.334}
type world {"key":"KeyS","phase":"up"}
{"epoch":2,"key":"KeyS","typed":8,"incarnation":1,"clock":8083.334,"delivery":"recognized","phase":"up","target":"world","carrier":"macos","mode":"agent"}
clock settle
{"world":[{"canvas":8,"quiescent":true,"hash":"0xd38313dce1f3b51f","tick":570}],"clock":9500,"incarnation":1,"settled":true,"epoch":2}
PASS walk comes to rest
state world:player
{
  "clock": 9500,
  "incarnation": 1,
  "entity": {
    "id": 1,
    "name": "player",
    "components": {
      "Player": {
        "velocity": [
          0,
          0,
          0
        ]
      },
      "Material": {
        "metallic": 0,
        "roughness": 0.5,
        "emissive": [
          0,
          0,
          0
        ],
        "grid_spacing": 0,
        "color": [
          0.96,
          0.65,
          0.22,
          1
        ]
      },
      "Mesh": {
        "Capsule": {
          "height": 1.8,
          "radius": 0.4
        }
      },
      "Transform": {
        "scale": [
          1,
          1,
          1
        ],
        "position": [
          7.9999957,
          0.9,
          0.0000018797194
        ],
        "rotation": [
          0,
          0,
          0,
          1
        ]
      }
    }
  },
  "epoch": 2,
  "tick": 570
}
PASS walk reaches (8, 0): [7.9999957,0.9,0.0000018797194]
type world {"key":"KeyE"}
{"clock":9500,"delivery":"recognized","key":"KeyE","incarnation":1,"typed":8,"epoch":2,"target":"world","carrier":"macos","mode":"agent"}
clock +100
{"clock":9600,"world":[{"canvas":8,"quiescent":false,"tick":576,"hash":"0x7360b02910f98eb5"}],"epoch":3,"incarnation":1}
state world:beacon-1
{
  "entity": {
    "id": 10,
    "name": "beacon-1",
    "components": {
      "Beacon": {
        "lit": true,
        "glow": {
          "duration": 0.5,
          "start_value": 0,
          "target": 1,
          "start_tick": 570
        }
      },
      "Material": {
        "metallic": 0,
        "roughness": 0.5,
        "emissive": [
          0.05185185,
          0.1851852,
          0.22222222
        ],
        "grid_spacing": 0,
        "color": [
          0.18,
          0.73,
          0.79,
          1
        ]
      },
      "Mesh": {
        "Sphere": {
          "radius": 0.5
        }
      },
      "Transform": {
        "scale": [
          1,
          1,
          1
        ],
        "position": [
          8,
          1,
          0
        ],
        "rotation": [
          0,
          0,
          0,
          1
        ]
      }
    }
  },
  "tick": 576,
  "incarnation": 1,
  "clock": 9600,
  "epoch": 3
}
PASS first beacon lit
PASS glow partway up after 0.1 s: [0.05185185,0.1851852,0.22222222]
tree 
epoch 3 · incarnation 1 · clock 9600 ms · 6 nodes
View#1
  Canvas#8 [world] [focused] world{world} · 13 entities · tick 576
    Text#9 [hud-beacons] "Beacons 1 / 3"
    Pressable#10 [pause] name="Pause" (press)
      Text#11 "Pause"
    Text#12 "WASD / arrows · Move     Space · Jump     E · Light nearby beacon"
PASS HUD reads Beacons 1 / 3, polite live region
type world {"key":"KeyW","phase":"down"}
{"delivery":"recognized","key":"KeyW","phase":"down","epoch":3,"clock":9600,"incarnation":1,"typed":8,"target":"world","carrier":"macos","mode":"agent"}
type world {"key":"Space","phase":"down"}
{"epoch":3,"key":"Space","typed":8,"delivery":"recognized","clock":9600,"incarnation":1,"phase":"down","target":"world","carrier":"macos","mode":"agent"}
state world:*
{
  "epoch": 3,
  "entities": [
    {
      "id": 0,
      "name": "ground",
      "components": {
        "Material": {
          "metallic": 0,
          "roughness": 0.5,
          "emissive": [
            0,
            0,
            0
          ],
          "grid_spacing": 0,
          "color": [
            0.12,
            0.22,
            0.24,
            1
          ]
        },
        "Transform": {
          "scale": [
            1,
            1,
            1
          ],
          "position": [
            0,
            0,
            0
          ],
          "rotation": [
            0,
            0,
            0,
            1
          ]
        },
        "Mesh": {
          "Plane": {
            "width": 40,
            "depth": 40
          }
        }
      }
    },
    {
      "id": 1,
      "name": "player",
      "components": {
        "Player": {
          "velocity": [
            0,
            0,
            0
          ]
        },
        "Material": {
          "metallic": 0,
          "roughness": 0.5,
          "emissive": [
            0,
            0,
            0
          ],
          "grid_spacing": 0,
          "color": [
            0.96,
            0.65,
            0.22,
            1
          ]
        },
        "Mesh": {
          "Capsule": {
            "height": 1.8,
            "radius": 0.4
          }
        },
        "Transform": {
          "scale": [
            1,
            1,
            1
          ],
          "position": [
            7.9999957,
            0.9,
            0.0000018797194
          ],
          "rotation": [
            0,
            0,
            0,
            1
          ]
        }
      }
    },
    {
      "id": 2,
      "name": "camera",
      "components": {
        "Transform": {
          "scale": [
            1,
            1,
            1
          ],
          "position": [
            7.9999957,
            12.9,
            17.000002
          ],
          "rotation": [
            -0.30251622,
            0,
            0,
            0.95314425
          ]
        },
        "Camera": {
          "fov_y_degrees": 60,
          "near": 0.1,
          "active": true,
          "far": 1000
        },
        "Follow": {
          "initialized": true,
          "resolved": [
            {
              "index": 1,
              "generation": 0
            }
          ],
          "offset": [
            0,
            12,
            17
          ],
          "look_at_offset": [
            0,
            0,
            0
          ],
          "target": {
            "Entity": [
              {
                "index": 1,
                "generation": 0
              }
            ]
          },
          "lag": 0.15
        }
      }
    },
    {
      "id": 3,
      "name": "sun",
      "components": {
        "DirectionalLight": {
          "color": [
            1,
            1,
            1
          ],
          "illuminance": 10000,
          "shadows": true
        },
        "Transform": {
          "scale": [
            1,
            1,
            1
          ],
          "position": [
            8,
            16,
            10
          ],
          "rotation": [
            -0.4086679,
            0.2983547,
            0.14335296,
            0.8505439
          ]
        }
      }
    },
    {
      "id": 4,
      "name": "crate-1",
      "components": {
        "Material": {
          "metallic": 0,
          "roughness": 0.5,
          "emissive": [
            0,
            0,
            0
          ],
          "grid_spacing": 0,
          "color": [
            0.44,
            0.34,
            0.25,
            1
          ]
        },
        "Transform": {
          "scale": [
            1,
            1,
            1
          ],
          "position": [
            -6.5119476,
            0.5,
            15.302141
          ],
          "rotation": [
            0,
            0,
            0,
            1
          ]
        },
        "Mesh": {
          "Box": {
            "size": [
              1,
              1,
              1
            ]
          }
        }
      }
    },
    {
      "id": 5,
      "name": "crate-2",
      "components": {
        "Material": {
          "metallic": 0,
          "roughness": 0.5,
          "emissive": [
            0,
            0,
            0
          ],
          "grid_spacing": 0,
          "color": [
            0.44,
            0.34,
            0.25,
            1
          ]
        },
        "Transform": {
          "scale": [
            1,
            1,
            1
          ],
          "position": [
            -2.8830242,
            0.5,
            12.395628
          ],
          "rotation": [
            0,
            0,
            0,
            1
          ]
        },
        "Mesh": {
          "Box": {
            "size": [
              1,
              1,
              1
            ]
          }
        }
      }
    },
    {
      "id": 6,
      "name": "crate-3",
      "components": {
        "Material": {
          "metallic": 0,
          "roughness": 0.5,
          "emissive": [
            0,
            0,
            0
          ],
          "grid_spacing": 0,
          "color": [
            0.44,
            0.34,
            0.25,
            1
          ]
        },
        "Transform": {
          "scale": [
            1,
            1,
            1
          ],
          "position": [
            -11.312119,
            0.5,
            1.5342407
          ],
          "rotation": [
            0,
            0,
            0,
            1
          ]
        },
        "Mesh": {
          "Box": {
            "size": [
              1,
              1,
              1
            ]
          }
        }
      }
    },
    {
      "id": 7,
      "name": "crate-4",
      "components": {
        "Material": {
          "metallic": 0,
          "roughness": 0.5,
          "emissive": [
            0,
            0,
            0
          ],
          "grid_spacing": 0,
          "color": [
            0.44,
            0.34,
            0.25,
            1
          ]
        },
        "Transform": {
          "scale": [
            1,
            1,
            1
          ],
          "position": [
            -6.945545,
            0.5,
            -1.616478
          ],
          "rotation": [
            0,
            0,
            0,
            1
          ]
        },
        "Mesh": {
          "Box": {
            "size": [
              1,
              1,
              1
            ]
          }
        }
      }
    },
    {
      "id": 8,
      "name": "crate-5",
      "components": {
        "Material": {
          "metallic": 0,
          "roughness": 0.5,
          "emissive": [
            0,
            0,
            0
          ],
          "grid_spacing": 0,
          "color": [
            0.44,
            0.34,
            0.25,
            1
          ]
        },
        "Transform": {
          "scale": [
            1,
            1,
            1
          ],
          "position": [
            15.145346,
            0.5,
            13.686558
          ],
          "rotation": [
            0,
            0,
            0,
            1
          ]
        },
        "Mesh": {
          "Box": {
            "size": [
              1,
              1,
              1
            ]
          }
        }
      }
    },
    {
      "id": 9,
      "name": "crate-6",
      "components": {
        "Material": {
          "metallic": 0,
          "roughness": 0.5,
          "emissive": [
            0,
            0,
            0
          ],
          "grid_spacing": 0,
          "color": [
            0.44,
            0.34,
            0.25,
            1
          ]
        },
        "Transform": {
          "scale": [
            1,
            1,
            1
          ],
          "position": [
            1.7558537,
            0.5,
            -12.80928
          ],
          "rotation": [
            0,
            0,
            0,
            1
          ]
        },
        "Mesh": {
          "Box": {
            "size": [
              1,
              1,
              1
            ]
          }
        }
      }
    },
    {
      "id": 10,
      "name": "beacon-1",
      "components": {
        "Beacon": {
          "lit": true,
          "glow": {
            "duration": 0.5,
            "start_value": 0,
            "target": 1,
            "start_tick": 570
          }
        },
        "Material": {
          "metallic": 0,
          "roughness": 0.5,
          "emissive": [
            0.05185185,
            0.1851852,
            0.22222222
          ],
          "grid_spacing": 0,
          "color": [
            0.18,
            0.73,
            0.79,
            1
          ]
        },
        "Mesh": {
          "Sphere": {
            "radius": 0.5
          }
        },
        "Transform": {
          "scale": [
            1,
            1,
            1
          ],
          "position": [
            8,
            1,
            0
          ],
          "rotation": [
            0,
            0,
            0,
            1
          ]
        }
      }
    },
    {
      "id": 11,
      "name": "beacon-2",
      "components": {
        "Beacon": {
          "lit": false,
          "glow": {
            "duration": 0,
            "start_value": 0,
            "target": 0,
            "start_tick": 0
          }
        },
        "Material": {
          "metallic": 0,
          "roughness": 0.5,
          "emissive": [
            0,
            0,
            0
          ],
          "grid_spacing": 0,
          "color": [
            0.18,
            0.73,
            0.79,
            1
          ]
        },
        "Mesh": {
          "Sphere": {
            "radius": 0.5
          }
        },
        "Transform": {
          "scale": [
            1,
            1,
            1
          ],
          "position": [
            -6,
            1,
            7
          ],
          "rotation": [
            0,
            0,
            0,
            1
          ]
        }
      }
    },
    {
      "id": 12,
      "name": "beacon-3",
      "components": {
        "Beacon": {
          "lit": false,
          "glow": {
            "duration": 0,
            "start_value": 0,
            "target": 0,
            "start_tick": 0
          }
        },
        "Material": {
          "metallic": 0,
          "roughness": 0.5,
          "emissive": [
            0,
            0,
            0
          ],
          "grid_spacing": 0,
          "color": [
            0.18,
            0.73,
            0.79,
            1
          ]
        },
        "Mesh": {
          "Sphere": {
            "radius": 0.5
          }
        },
        "Transform": {
          "scale": [
            1,
            1,
            1
          ],
          "position": [
            3,
            1,
            -9
          ],
          "rotation": [
            0,
            0,
            0,
            1
          ]
        }
      }
    }
  ],
  "truncated": false,
  "clock": 9600,
  "incarnation": 1,
  "tick": 576,
  "hash": "0x7360b02910f98eb5"
}
PASS entity snapshot is complete
screenshot /Users/ccheever/projects/exact2-wt-game/game/games/beacons/artifacts/checkpoint.world world save
{"bytes":4572,"epoch":3,"clock":9600,"incarnation":1,"hash":"0x7360b02910f98eb5","tick":576,"screenshot":"/Users/ccheever/projects/exact2-wt-game/game/games/beacons/artifacts/checkpoint.world"}
clock +900
{"clock":10500,"incarnation":1,"world":[{"canvas":8,"tick":630,"quiescent":false,"hash":"0x5c9c309d3b8ede36"}],"epoch":3}
type world {"key":"KeyW","phase":"up"}
{"epoch":3,"key":"KeyW","typed":8,"clock":10500,"delivery":"recognized","incarnation":1,"phase":"up","target":"world","carrier":"macos","mode":"agent"}
type world {"key":"Space","phase":"up"}
{"delivery":"recognized","key":"Space","phase":"up","epoch":3,"clock":10500,"incarnation":1,"typed":8,"target":"world","carrier":"macos","mode":"agent"}
state world:beacon-1
{
  "clock": 10500,
  "incarnation": 1,
  "entity": {
    "id": 10,
    "name": "beacon-1",
    "components": {
      "Beacon": {
        "lit": true,
        "glow": {
          "duration": 0.5,
          "start_value": 0,
          "target": 1,
          "start_tick": 570
        }
      },
      "Material": {
        "metallic": 0,
        "roughness": 0.5,
        "emissive": [
          0.7,
          2.5,
          3
        ],
        "grid_spacing": 0,
        "color": [
          0.18,
          0.73,
          0.79,
          1
        ]
      },
      "Mesh": {
        "Sphere": {
          "radius": 0.5
        }
      },
      "Transform": {
        "scale": [
          1,
          1,
          1
        ],
        "position": [
          8,
          1,
          0
        ],
        "rotation": [
          0,
          0,
          0,
          1
        ]
      }
    }
  },
  "tick": 630,
  "epoch": 3
}
PASS glow fully up at one second after E
clock settle
{"clock":13516.667,"world":[{"canvas":8,"tick":811,"hash":"0x95d2927a8997c0d9","quiescent":true}],"incarnation":1,"settled":true,"epoch":3}
PASS continuation settles
state world:*
{
  "entities": [
    {
      "id": 0,
      "name": "ground",
      "components": {
        "Material": {
          "metallic": 0,
          "roughness": 0.5,
          "emissive": [
            0,
            0,
            0
          ],
          "grid_spacing": 0,
          "color": [
            0.12,
            0.22,
            0.24,
            1
          ]
        },
        "Transform": {
          "scale": [
            1,
            1,
            1
          ],
          "position": [
            0,
            0,
            0
          ],
          "rotation": [
            0,
            0,
            0,
            1
          ]
        },
        "Mesh": {
          "Plane": {
            "width": 40,
            "depth": 40
          }
        }
      }
    },
    {
      "id": 1,
      "name": "player",
      "components": {
        "Player": {
          "velocity": [
            0,
            0,
            0
          ]
        },
        "Material": {
          "metallic": 0,
          "roughness": 0.5,
          "emissive": [
            0,
            0,
            0
          ],
          "grid_spacing": 0,
          "color": [
            0.96,
            0.65,
            0.22,
            1
          ]
        },
        "Mesh": {
          "Capsule": {
            "height": 1.8,
            "radius": 0.4
          }
        },
        "Transform": {
          "scale": [
            1,
            1,
            1
          ],
          "position": [
            7.9999957,
            0.9,
            -3.3333316
          ],
          "rotation": [
            0,
            0,
            0,
            1
          ]
        }
      }
    },
    {
      "id": 2,
      "name": "camera",
      "components": {
        "Transform": {
          "scale": [
            1,
            1,
            1
          ],
          "position": [
            7.9999957,
            12.9,
            13.666668
          ],
          "rotation": [
            -0.30251622,
            0,
            0,
            0.95314425
          ]
        },
        "Camera": {
          "fov_y_degrees": 60,
          "near": 0.1,
          "active": true,
          "far": 1000
        },
        "Follow": {
          "initialized": true,
          "resolved": [
            {
              "index": 1,
              "generation": 0
            }
          ],
          "offset": [
            0,
            12,
            17
          ],
          "look_at_offset": [
            0,
            0,
            0
          ],
          "target": {
            "Entity": [
              {
                "index": 1,
                "generation": 0
              }
            ]
          },
          "lag": 0.15
        }
      }
    },
    {
      "id": 3,
      "name": "sun",
      "components": {
        "DirectionalLight": {
          "color": [
            1,
            1,
            1
          ],
          "illuminance": 10000,
          "shadows": true
        },
        "Transform": {
          "scale": [
            1,
            1,
            1
          ],
          "position": [
            8,
            16,
            10
          ],
          "rotation": [
            -0.4086679,
            0.2983547,
            0.14335296,
            0.8505439
          ]
        }
      }
    },
    {
      "id": 4,
      "name": "crate-1",
      "components": {
        "Material": {
          "metallic": 0,
          "roughness": 0.5,
          "emissive": [
            0,
            0,
            0
          ],
          "grid_spacing": 0,
          "color": [
            0.44,
            0.34,
            0.25,
            1
          ]
        },
        "Transform": {
          "scale": [
            1,
            1,
            1
          ],
          "position": [
            -6.5119476,
            0.5,
            15.302141
          ],
          "rotation": [
            0,
            0,
            0,
            1
          ]
        },
        "Mesh": {
          "Box": {
            "size": [
              1,
              1,
              1
            ]
          }
        }
      }
    },
    {
      "id": 5,
      "name": "crate-2",
      "components": {
        "Material": {
          "metallic": 0,
          "roughness": 0.5,
          "emissive": [
            0,
            0,
            0
          ],
          "grid_spacing": 0,
          "color": [
            0.44,
            0.34,
            0.25,
            1
          ]
        },
        "Transform": {
          "scale": [
            1,
            1,
            1
          ],
          "position": [
            -2.8830242,
            0.5,
            12.395628
          ],
          "rotation": [
            0,
            0,
            0,
            1
          ]
        },
        "Mesh": {
          "Box": {
            "size": [
              1,
              1,
              1
            ]
          }
        }
      }
    },
    {
      "id": 6,
      "name": "crate-3",
      "components": {
        "Material": {
          "metallic": 0,
          "roughness": 0.5,
          "emissive": [
            0,
            0,
            0
          ],
          "grid_spacing": 0,
          "color": [
            0.44,
            0.34,
            0.25,
            1
          ]
        },
        "Transform": {
          "scale": [
            1,
            1,
            1
          ],
          "position": [
            -11.312119,
            0.5,
            1.5342407
          ],
          "rotation": [
            0,
            0,
            0,
            1
          ]
        },
        "Mesh": {
          "Box": {
            "size": [
              1,
              1,
              1
            ]
          }
        }
      }
    },
    {
      "id": 7,
      "name": "crate-4",
      "components": {
        "Material": {
          "metallic": 0,
          "roughness": 0.5,
          "emissive": [
            0,
            0,
            0
          ],
          "grid_spacing": 0,
          "color": [
            0.44,
            0.34,
            0.25,
            1
          ]
        },
        "Transform": {
          "scale": [
            1,
            1,
            1
          ],
          "position": [
            -6.945545,
            0.5,
            -1.616478
          ],
          "rotation": [
            0,
            0,
            0,
            1
          ]
        },
        "Mesh": {
          "Box": {
            "size": [
              1,
              1,
              1
            ]
          }
        }
      }
    },
    {
      "id": 8,
      "name": "crate-5",
      "components": {
        "Material": {
          "metallic": 0,
          "roughness": 0.5,
          "emissive": [
            0,
            0,
            0
          ],
          "grid_spacing": 0,
          "color": [
            0.44,
            0.34,
            0.25,
            1
          ]
        },
        "Transform": {
          "scale": [
            1,
            1,
            1
          ],
          "position": [
            15.145346,
            0.5,
            13.686558
          ],
          "rotation": [
            0,
            0,
            0,
            1
          ]
        },
        "Mesh": {
          "Box": {
            "size": [
              1,
              1,
              1
            ]
          }
        }
      }
    },
    {
      "id": 9,
      "name": "crate-6",
      "components": {
        "Material": {
          "metallic": 0,
          "roughness": 0.5,
          "emissive": [
            0,
            0,
            0
          ],
          "grid_spacing": 0,
          "color": [
            0.44,
            0.34,
            0.25,
            1
          ]
        },
        "Transform": {
          "scale": [
            1,
            1,
            1
          ],
          "position": [
            1.7558537,
            0.5,
            -12.80928
          ],
          "rotation": [
            0,
            0,
            0,
            1
          ]
        },
        "Mesh": {
          "Box": {
            "size": [
              1,
              1,
              1
            ]
          }
        }
      }
    },
    {
      "id": 10,
      "name": "beacon-1",
      "components": {
        "Beacon": {
          "lit": true,
          "glow": {
            "duration": 0.5,
            "start_value": 0,
            "target": 1,
            "start_tick": 570
          }
        },
        "Material": {
          "metallic": 0,
          "roughness": 0.5,
          "emissive": [
            0.7,
            2.5,
            3
          ],
          "grid_spacing": 0,
          "color": [
            0.18,
            0.73,
            0.79,
            1
          ]
        },
        "Mesh": {
          "Sphere": {
            "radius": 0.5
          }
        },
        "Transform": {
          "scale": [
            1,
            1,
            1
          ],
          "position": [
            8,
            1,
            0
          ],
          "rotation": [
            0,
            0,
            0,
            1
          ]
        }
      }
    },
    {
      "id": 11,
      "name": "beacon-2",
      "components": {
        "Beacon": {
          "lit": false,
          "glow": {
            "duration": 0,
            "start_value": 0,
            "target": 0,
            "start_tick": 0
          }
        },
        "Material": {
          "metallic": 0,
          "roughness": 0.5,
          "emissive": [
            0,
            0,
            0
          ],
          "grid_spacing": 0,
          "color": [
            0.18,
            0.73,
            0.79,
            1
          ]
        },
        "Mesh": {
          "Sphere": {
            "radius": 0.5
          }
        },
        "Transform": {
          "scale": [
            1,
            1,
            1
          ],
          "position": [
            -6,
            1,
            7
          ],
          "rotation": [
            0,
            0,
            0,
            1
          ]
        }
      }
    },
    {
      "id": 12,
      "name": "beacon-3",
      "components": {
        "Beacon": {
          "lit": false,
          "glow": {
            "duration": 0,
            "start_value": 0,
            "target": 0,
            "start_tick": 0
          }
        },
        "Material": {
          "metallic": 0,
          "roughness": 0.5,
          "emissive": [
            0,
            0,
            0
          ],
          "grid_spacing": 0,
          "color": [
            0.18,
            0.73,
            0.79,
            1
          ]
        },
        "Mesh": {
          "Sphere": {
            "radius": 0.5
          }
        },
        "Transform": {
          "scale": [
            1,
            1,
            1
          ],
          "position": [
            3,
            1,
            -9
          ],
          "rotation": [
            0,
            0,
            0,
            1
          ]
        }
      }
    }
  ],
  "epoch": 3,
  "clock": 13516.667,
  "incarnation": 1,
  "hash": "0x95d2927a8997c0d9",
  "tick": 811,
  "truncated": false
}
PASS entity snapshot is complete
screenshot /Users/ccheever/projects/exact2-wt-game/game/games/beacons/artifacts/run-0.world world save
{"epoch":3,"clock":13516.667,"bytes":4457,"tick":811,"incarnation":1,"hash":"0x95d2927a8997c0d9","screenshot":"/Users/ccheever/projects/exact2-wt-game/game/games/beacons/artifacts/run-0.world"}
tap pause
{"clock":13516.667,"delivery":"platform","incarnation":1,"at":[1217.5,49],"tapped":10,"epoch":4,"target":"pause","carrier":"macos","mode":"agent"}
state world:*
{
  "entities": [
    {
      "id": 0,
      "name": "ground",
      "components": {
        "Material": {
          "metallic": 0,
          "roughness": 0.5,
          "emissive": [
            0,
            0,
            0
          ],
          "grid_spacing": 0,
          "color": [
            0.12,
            0.22,
            0.24,
            1
          ]
        },
        "Transform": {
          "scale": [
            1,
            1,
            1
          ],
          "position": [
            0,
            0,
            0
          ],
          "rotation": [
            0,
            0,
            0,
            1
          ]
        },
        "Mesh": {
          "Plane": {
            "width": 40,
            "depth": 40
          }
        }
      }
    },
    {
      "id": 1,
      "name": "player",
      "components": {
        "Player": {
          "velocity": [
            0,
            0,
            0
          ]
        },
        "Material": {
          "metallic": 0,
          "roughness": 0.5,
          "emissive": [
            0,
            0,
            0
          ],
          "grid_spacing": 0,
          "color": [
            0.96,
            0.65,
            0.22,
            1
          ]
        },
        "Mesh": {
          "Capsule": {
            "height": 1.8,
            "radius": 0.4
          }
        },
        "Transform": {
          "scale": [
            1,
            1,
            1
          ],
          "position": [
            7.9999957,
            0.9,
            -3.3333316
          ],
          "rotation": [
            0,
            0,
            0,
            1
          ]
        }
      }
    },
    {
      "id": 2,
      "name": "camera",
      "components": {
        "Transform": {
          "scale": [
            1,
            1,
            1
          ],
          "position": [
            7.9999957,
            12.9,
            13.666668
          ],
          "rotation": [
            -0.30251622,
            0,
            0,
            0.95314425
          ]
        },
        "Camera": {
          "fov_y_degrees": 60,
          "near": 0.1,
          "active": true,
          "far": 1000
        },
        "Follow": {
          "initialized": true,
          "resolved": [
            {
              "index": 1,
              "generation": 0
            }
          ],
          "offset": [
            0,
            12,
            17
          ],
          "look_at_offset": [
            0,
            0,
            0
          ],
          "target": {
            "Entity": [
              {
                "index": 1,
                "generation": 0
              }
            ]
          },
          "lag": 0.15
        }
      }
    },
    {
      "id": 3,
      "name": "sun",
      "components": {
        "DirectionalLight": {
          "color": [
            1,
            1,
            1
          ],
          "illuminance": 10000,
          "shadows": true
        },
        "Transform": {
          "scale": [
            1,
            1,
            1
          ],
          "position": [
            8,
            16,
            10
          ],
          "rotation": [
            -0.4086679,
            0.2983547,
            0.14335296,
            0.8505439
          ]
        }
      }
    },
    {
      "id": 4,
      "name": "crate-1",
      "components": {
        "Material": {
          "metallic": 0,
          "roughness": 0.5,
          "emissive": [
            0,
            0,
            0
          ],
          "grid_spacing": 0,
          "color": [
            0.44,
            0.34,
            0.25,
            1
          ]
        },
        "Transform": {
          "scale": [
            1,
            1,
            1
          ],
          "position": [
            -6.5119476,
            0.5,
            15.302141
          ],
          "rotation": [
            0,
            0,
            0,
            1
          ]
        },
        "Mesh": {
          "Box": {
            "size": [
              1,
              1,
              1
            ]
          }
        }
      }
    },
    {
      "id": 5,
      "name": "crate-2",
      "components": {
        "Material": {
          "metallic": 0,
          "roughness": 0.5,
          "emissive": [
            0,
            0,
            0
          ],
          "grid_spacing": 0,
          "color": [
            0.44,
            0.34,
            0.25,
            1
          ]
        },
        "Transform": {
          "scale": [
            1,
            1,
            1
          ],
          "position": [
            -2.8830242,
            0.5,
            12.395628
          ],
          "rotation": [
            0,
            0,
            0,
            1
          ]
        },
        "Mesh": {
          "Box": {
            "size": [
              1,
              1,
              1
            ]
          }
        }
      }
    },
    {
      "id": 6,
      "name": "crate-3",
      "components": {
        "Material": {
          "metallic": 0,
          "roughness": 0.5,
          "emissive": [
            0,
            0,
            0
          ],
          "grid_spacing": 0,
          "color": [
            0.44,
            0.34,
            0.25,
            1
          ]
        },
        "Transform": {
          "scale": [
            1,
            1,
            1
          ],
          "position": [
            -11.312119,
            0.5,
            1.5342407
          ],
          "rotation": [
            0,
            0,
            0,
            1
          ]
        },
        "Mesh": {
          "Box": {
            "size": [
              1,
              1,
              1
            ]
          }
        }
      }
    },
    {
      "id": 7,
      "name": "crate-4",
      "components": {
        "Material": {
          "metallic": 0,
          "roughness": 0.5,
          "emissive": [
            0,
            0,
            0
          ],
          "grid_spacing": 0,
          "color": [
            0.44,
            0.34,
            0.25,
            1
          ]
        },
        "Transform": {
          "scale": [
            1,
            1,
            1
          ],
          "position": [
            -6.945545,
            0.5,
            -1.616478
          ],
          "rotation": [
            0,
            0,
            0,
            1
          ]
        },
        "Mesh": {
          "Box": {
            "size": [
              1,
              1,
              1
            ]
          }
        }
      }
    },
    {
      "id": 8,
      "name": "crate-5",
      "components": {
        "Material": {
          "metallic": 0,
          "roughness": 0.5,
          "emissive": [
            0,
            0,
            0
          ],
          "grid_spacing": 0,
          "color": [
            0.44,
            0.34,
            0.25,
            1
          ]
        },
        "Transform": {
          "scale": [
            1,
            1,
            1
          ],
          "position": [
            15.145346,
            0.5,
            13.686558
          ],
          "rotation": [
            0,
            0,
            0,
            1
          ]
        },
        "Mesh": {
          "Box": {
            "size": [
              1,
              1,
              1
            ]
          }
        }
      }
    },
    {
      "id": 9,
      "name": "crate-6",
      "components": {
        "Material": {
          "metallic": 0,
          "roughness": 0.5,
          "emissive": [
            0,
            0,
            0
          ],
          "grid_spacing": 0,
          "color": [
            0.44,
            0.34,
            0.25,
            1
          ]
        },
        "Transform": {
          "scale": [
            1,
            1,
            1
          ],
          "position": [
            1.7558537,
            0.5,
            -12.80928
          ],
          "rotation": [
            0,
            0,
            0,
            1
          ]
        },
        "Mesh": {
          "Box": {
            "size": [
              1,
              1,
              1
            ]
          }
        }
      }
    },
    {
      "id": 10,
      "name": "beacon-1",
      "components": {
        "Beacon": {
          "lit": true,
          "glow": {
            "duration": 0.5,
            "start_value": 0,
            "target": 1,
            "start_tick": 570
          }
        },
        "Material": {
          "metallic": 0,
          "roughness": 0.5,
          "emissive": [
            0.7,
            2.5,
            3
          ],
          "grid_spacing": 0,
          "color": [
            0.18,
            0.73,
            0.79,
            1
          ]
        },
        "Mesh": {
          "Sphere": {
            "radius": 0.5
          }
        },
        "Transform": {
          "scale": [
            1,
            1,
            1
          ],
          "position": [
            8,
            1,
            0
          ],
          "rotation": [
            0,
            0,
            0,
            1
          ]
        }
      }
    },
    {
      "id": 11,
      "name": "beacon-2",
      "components": {
        "Beacon": {
          "lit": false,
          "glow": {
            "duration": 0,
            "start_value": 0,
            "target": 0,
            "start_tick": 0
          }
        },
        "Material": {
          "metallic": 0,
          "roughness": 0.5,
          "emissive": [
            0,
            0,
            0
          ],
          "grid_spacing": 0,
          "color": [
            0.18,
            0.73,
            0.79,
            1
          ]
        },
        "Mesh": {
          "Sphere": {
            "radius": 0.5
          }
        },
        "Transform": {
          "scale": [
            1,
            1,
            1
          ],
          "position": [
            -6,
            1,
            7
          ],
          "rotation": [
            0,
            0,
            0,
            1
          ]
        }
      }
    },
    {
      "id": 12,
      "name": "beacon-3",
      "components": {
        "Beacon": {
          "lit": false,
          "glow": {
            "duration": 0,
            "start_value": 0,
            "target": 0,
            "start_tick": 0
          }
        },
        "Material": {
          "metallic": 0,
          "roughness": 0.5,
          "emissive": [
            0,
            0,
            0
          ],
          "grid_spacing": 0,
          "color": [
            0.18,
            0.73,
            0.79,
            1
          ]
        },
        "Mesh": {
          "Sphere": {
            "radius": 0.5
          }
        },
        "Transform": {
          "scale": [
            1,
            1,
            1
          ],
          "position": [
            3,
            1,
            -9
          ],
          "rotation": [
            0,
            0,
            0,
            1
          ]
        }
      }
    }
  ],
  "epoch": 4,
  "clock": 13516.667,
  "incarnation": 1,
  "hash": "0x95d2927a8997c0d9",
  "tick": 811,
  "truncated": false
}
PASS entity snapshot is complete
type world {"key":"KeyW","phase":"down"}
{"epoch":4,"key":"KeyW","typed":8,"incarnation":1,"delivery":"recognized","clock":13516.667,"phase":"down","target":"world","carrier":"macos","mode":"agent"}
clock +2000
{"incarnation":1,"epoch":4,"world":[{"canvas":8,"quiescent":true,"tick":811,"hash":"0x95d2927a8997c0d9"}],"clock":15516.667}
state world:*
{
  "epoch": 4,
  "entities": [
    {
      "id": 0,
      "name": "ground",
      "components": {
        "Material": {
          "metallic": 0,
          "roughness": 0.5,
          "emissive": [
            0,
            0,
            0
          ],
          "grid_spacing": 0,
          "color": [
            0.12,
            0.22,
            0.24,
            1
          ]
        },
        "Transform": {
          "scale": [
            1,
            1,
            1
          ],
          "position": [
            0,
            0,
            0
          ],
          "rotation": [
            0,
            0,
            0,
            1
          ]
        },
        "Mesh": {
          "Plane": {
            "width": 40,
            "depth": 40
          }
        }
      }
    },
    {
      "id": 1,
      "name": "player",
      "components": {
        "Player": {
          "velocity": [
            0,
            0,
            0
          ]
        },
        "Material": {
          "metallic": 0,
          "roughness": 0.5,
          "emissive": [
            0,
            0,
            0
          ],
          "grid_spacing": 0,
          "color": [
            0.96,
            0.65,
            0.22,
            1
          ]
        },
        "Mesh": {
          "Capsule": {
            "height": 1.8,
            "radius": 0.4
          }
        },
        "Transform": {
          "scale": [
            1,
            1,
            1
          ],
          "position": [
            7.9999957,
            0.9,
            -3.3333316
          ],
          "rotation": [
            0,
            0,
            0,
            1
          ]
        }
      }
    },
    {
      "id": 2,
      "name": "camera",
      "components": {
        "Transform": {
          "scale": [
            1,
            1,
            1
          ],
          "position": [
            7.9999957,
            12.9,
            13.666668
          ],
          "rotation": [
            -0.30251622,
            0,
            0,
            0.95314425
          ]
        },
        "Camera": {
          "fov_y_degrees": 60,
          "near": 0.1,
          "active": true,
          "far": 1000
        },
        "Follow": {
          "initialized": true,
          "resolved": [
            {
              "index": 1,
              "generation": 0
            }
          ],
          "offset": [
            0,
            12,
            17
          ],
          "look_at_offset": [
            0,
            0,
            0
          ],
          "target": {
            "Entity": [
              {
                "index": 1,
                "generation": 0
              }
            ]
          },
          "lag": 0.15
        }
      }
    },
    {
      "id": 3,
      "name": "sun",
      "components": {
        "DirectionalLight": {
          "color": [
            1,
            1,
            1
          ],
          "illuminance": 10000,
          "shadows": true
        },
        "Transform": {
          "scale": [
            1,
            1,
            1
          ],
          "position": [
            8,
            16,
            10
          ],
          "rotation": [
            -0.4086679,
            0.2983547,
            0.14335296,
            0.8505439
          ]
        }
      }
    },
    {
      "id": 4,
      "name": "crate-1",
      "components": {
        "Material": {
          "metallic": 0,
          "roughness": 0.5,
          "emissive": [
            0,
            0,
            0
          ],
          "grid_spacing": 0,
          "color": [
            0.44,
            0.34,
            0.25,
            1
          ]
        },
        "Transform": {
          "scale": [
            1,
            1,
            1
          ],
          "position": [
            -6.5119476,
            0.5,
            15.302141
          ],
          "rotation": [
            0,
            0,
            0,
            1
          ]
        },
        "Mesh": {
          "Box": {
            "size": [
              1,
              1,
              1
            ]
          }
        }
      }
    },
    {
      "id": 5,
      "name": "crate-2",
      "components": {
        "Material": {
          "metallic": 0,
          "roughness": 0.5,
          "emissive": [
            0,
            0,
            0
          ],
          "grid_spacing": 0,
          "color": [
            0.44,
            0.34,
            0.25,
            1
          ]
        },
        "Transform": {
          "scale": [
            1,
            1,
            1
          ],
          "position": [
            -2.8830242,
            0.5,
            12.395628
          ],
          "rotation": [
            0,
            0,
            0,
            1
          ]
        },
        "Mesh": {
          "Box": {
            "size": [
              1,
              1,
              1
            ]
          }
        }
      }
    },
    {
      "id": 6,
      "name": "crate-3",
      "components": {
        "Material": {
          "metallic": 0,
          "roughness": 0.5,
          "emissive": [
            0,
            0,
            0
          ],
          "grid_spacing": 0,
          "color": [
            0.44,
            0.34,
            0.25,
            1
          ]
        },
        "Transform": {
          "scale": [
            1,
            1,
            1
          ],
          "position": [
            -11.312119,
            0.5,
            1.5342407
          ],
          "rotation": [
            0,
            0,
            0,
            1
          ]
        },
        "Mesh": {
          "Box": {
            "size": [
              1,
              1,
              1
            ]
          }
        }
      }
    },
    {
      "id": 7,
      "name": "crate-4",
      "components": {
        "Material": {
          "metallic": 0,
          "roughness": 0.5,
          "emissive": [
            0,
            0,
            0
          ],
          "grid_spacing": 0,
          "color": [
            0.44,
            0.34,
            0.25,
            1
          ]
        },
        "Transform": {
          "scale": [
            1,
            1,
            1
          ],
          "position": [
            -6.945545,
            0.5,
            -1.616478
          ],
          "rotation": [
            0,
            0,
            0,
            1
          ]
        },
        "Mesh": {
          "Box": {
            "size": [
              1,
              1,
              1
            ]
          }
        }
      }
    },
    {
      "id": 8,
      "name": "crate-5",
      "components": {
        "Material": {
          "metallic": 0,
          "roughness": 0.5,
          "emissive": [
            0,
            0,
            0
          ],
          "grid_spacing": 0,
          "color": [
            0.44,
            0.34,
            0.25,
            1
          ]
        },
        "Transform": {
          "scale": [
            1,
            1,
            1
          ],
          "position": [
            15.145346,
            0.5,
            13.686558
          ],
          "rotation": [
            0,
            0,
            0,
            1
          ]
        },
        "Mesh": {
          "Box": {
            "size": [
              1,
              1,
              1
            ]
          }
        }
      }
    },
    {
      "id": 9,
      "name": "crate-6",
      "components": {
        "Material": {
          "metallic": 0,
          "roughness": 0.5,
          "emissive": [
            0,
            0,
            0
          ],
          "grid_spacing": 0,
          "color": [
            0.44,
            0.34,
            0.25,
            1
          ]
        },
        "Transform": {
          "scale": [
            1,
            1,
            1
          ],
          "position": [
            1.7558537,
            0.5,
            -12.80928
          ],
          "rotation": [
            0,
            0,
            0,
            1
          ]
        },
        "Mesh": {
          "Box": {
            "size": [
              1,
              1,
              1
            ]
          }
        }
      }
    },
    {
      "id": 10,
      "name": "beacon-1",
      "components": {
        "Beacon": {
          "lit": true,
          "glow": {
            "duration": 0.5,
            "start_value": 0,
            "target": 1,
            "start_tick": 570
          }
        },
        "Material": {
          "metallic": 0,
          "roughness": 0.5,
          "emissive": [
            0.7,
            2.5,
            3
          ],
          "grid_spacing": 0,
          "color": [
            0.18,
            0.73,
            0.79,
            1
          ]
        },
        "Mesh": {
          "Sphere": {
            "radius": 0.5
          }
        },
        "Transform": {
          "scale": [
            1,
            1,
            1
          ],
          "position": [
            8,
            1,
            0
          ],
          "rotation": [
            0,
            0,
            0,
            1
          ]
        }
      }
    },
    {
      "id": 11,
      "name": "beacon-2",
      "components": {
        "Beacon": {
          "lit": false,
          "glow": {
            "duration": 0,
            "start_value": 0,
            "target": 0,
            "start_tick": 0
          }
        },
        "Material": {
          "metallic": 0,
          "roughness": 0.5,
          "emissive": [
            0,
            0,
            0
          ],
          "grid_spacing": 0,
          "color": [
            0.18,
            0.73,
            0.79,
            1
          ]
        },
        "Mesh": {
          "Sphere": {
            "radius": 0.5
          }
        },
        "Transform": {
          "scale": [
            1,
            1,
            1
          ],
          "position": [
            -6,
            1,
            7
          ],
          "rotation": [
            0,
            0,
            0,
            1
          ]
        }
      }
    },
    {
      "id": 12,
      "name": "beacon-3",
      "components": {
        "Beacon": {
          "lit": false,
          "glow": {
            "duration": 0,
            "start_value": 0,
            "target": 0,
            "start_tick": 0
          }
        },
        "Material": {
          "metallic": 0,
          "roughness": 0.5,
          "emissive": [
            0,
            0,
            0
          ],
          "grid_spacing": 0,
          "color": [
            0.18,
            0.73,
            0.79,
            1
          ]
        },
        "Mesh": {
          "Sphere": {
            "radius": 0.5
          }
        },
        "Transform": {
          "scale": [
            1,
            1,
            1
          ],
          "position": [
            3,
            1,
            -9
          ],
          "rotation": [
            0,
            0,
            0,
            1
          ]
        }
      }
    }
  ],
  "truncated": false,
  "incarnation": 1,
  "clock": 15516.667,
  "tick": 811,
  "hash": "0x95d2927a8997c0d9"
}
PASS entity snapshot is complete
PASS paused two seconds with W held: all entities and tick unchanged
type world {"key":"KeyW","phase":"up"}
{"delivery":"recognized","key":"KeyW","phase":"up","epoch":4,"clock":15516.667,"incarnation":1,"typed":8,"target":"world","carrier":"macos","mode":"agent"}
tree 
epoch 4 · incarnation 1 · clock 15516.667 ms · 6 nodes
View#1
  Canvas#8 [world] [focused] world{world} · 13 entities · tick 811
    Text#9 [hud-beacons] "Beacons 1 / 3"
    Pressable#10 [pause] name="Resume" (press)
      Text#11 "Resume"
    Text#12 "WASD / arrows · Move     Space · Jump     E · Light nearby beacon"
PASS pause button now accessible Resume
screenshot /Users/ccheever/projects/exact2-wt-game/game/games/beacons/artifacts/beacons-playing.png
{"epoch":4,"clock":15516.667,"incarnation":1,"w":1280,"h":720,"screenshot":"/Users/ccheever/projects/exact2-wt-game/game/games/beacons/artifacts/beacons-playing.png"}
tap pause
{"tapped":10,"delivery":"platform","clock":15516.667,"at":[1209.5,49],"incarnation":1,"epoch":5,"target":"pause","carrier":"macos","mode":"agent"}
state world:player
{
  "tick": 811,
  "clock": 15516.667,
  "incarnation": 1,
  "epoch": 5,
  "entity": {
    "id": 1,
    "name": "player",
    "components": {
      "Player": {
        "velocity": [
          0,
          0,
          0
        ]
      },
      "Material": {
        "metallic": 0,
        "roughness": 0.5,
        "emissive": [
          0,
          0,
          0
        ],
        "grid_spacing": 0,
        "color": [
          0.96,
          0.65,
          0.22,
          1
        ]
      },
      "Mesh": {
        "Capsule": {
          "height": 1.8,
          "radius": 0.4
        }
      },
      "Transform": {
        "scale": [
          1,
          1,
          1
        ],
        "position": [
          7.9999957,
          0.9,
          -3.3333316
        ],
        "rotation": [
          0,
          0,
          0,
          1
        ]
      }
    }
  }
}
type world {"key":"KeyA","for":3566.666666666667}
type world {"key":"KeyA","phase":"down"}
{"phase":"down","typed":8,"clock":15516.667,"incarnation":1,"key":"KeyA","epoch":5,"delivery":"recognized","target":"world","carrier":"macos","mode":"agent"}
clock +3566.666666666667
{"clock":19083.333666666666,"incarnation":1,"epoch":5,"world":[{"tick":1025,"canvas":8,"quiescent":false,"hash":"0xdecde952dd6bef22"}]}
type world {"key":"KeyA","phase":"up"}
{"phase":"up","typed":8,"clock":19083.333666666666,"incarnation":1,"key":"KeyA","epoch":5,"delivery":"recognized","target":"world","carrier":"macos","mode":"agent"}
clock settle
{"settled":true,"clock":20500,"incarnation":1,"world":[{"tick":1110,"quiescent":true,"hash":"0x687a8b1ad57b0672","canvas":8}],"epoch":5}
PASS walk comes to rest
state world:player
{
  "tick": 1110,
  "clock": 20500,
  "incarnation": 1,
  "epoch": 5,
  "entity": {
    "id": 1,
    "name": "player",
    "components": {
      "Player": {
        "velocity": [
          0,
          0,
          0
        ]
      },
      "Material": {
        "metallic": 0,
        "roughness": 0.5,
        "emissive": [
          0,
          0,
          0
        ],
        "grid_spacing": 0,
        "color": [
          0.96,
          0.65,
          0.22,
          1
        ]
      },
      "Mesh": {
        "Capsule": {
          "height": 1.8,
          "radius": 0.4
        }
      },
      "Transform": {
        "scale": [
          1,
          1,
          1
        ],
        "position": [
          -5.9999995,
          0.9,
          -3.3333316
        ],
        "rotation": [
          0,
          0,
          0,
          1
        ]
      }
    }
  }
}
type world {"key":"KeyS","for":2650}
type world {"key":"KeyS","phase":"down"}
{"epoch":5,"typed":8,"incarnation":1,"delivery":"recognized","phase":"down","clock":20500,"key":"KeyS","target":"world","carrier":"macos","mode":"agent"}
clock +2650
{"clock":23150,"incarnation":1,"epoch":5,"world":[{"tick":1269,"canvas":8,"quiescent":false,"hash":"0xbcd163cc0469c314"}]}
type world {"key":"KeyS","phase":"up"}
{"epoch":5,"typed":8,"incarnation":1,"phase":"up","delivery":"recognized","clock":23150,"key":"KeyS","target":"world","carrier":"macos","mode":"agent"}
clock settle
{"settled":true,"clock":24566.667,"incarnation":1,"world":[{"tick":1354,"quiescent":true,"hash":"0x019ec44afee35bed","canvas":8}],"epoch":5}
PASS walk comes to rest
state world:player
{
  "tick": 1354,
  "clock": 24566.667,
  "incarnation": 1,
  "epoch": 5,
  "entity": {
    "id": 1,
    "name": "player",
    "components": {
      "Player": {
        "velocity": [
          0,
          0,
          0
        ]
      },
      "Material": {
        "metallic": 0,
        "roughness": 0.5,
        "emissive": [
          0,
          0,
          0
        ],
        "grid_spacing": 0,
        "color": [
          0.96,
          0.65,
          0.22,
          1
        ]
      },
      "Mesh": {
        "Capsule": {
          "height": 1.8,
          "radius": 0.4
        }
      },
      "Transform": {
        "scale": [
          1,
          1,
          1
        ],
        "position": [
          -5.9999995,
          0.9,
          6.999998
        ],
        "rotation": [
          0,
          0,
          0,
          1
        ]
      }
    }
  }
}
PASS walk reaches (-6, 7): [-5.9999995,0.9,6.999998]
type world {"key":"KeyE"}
{"epoch":5,"delivery":"recognized","clock":24566.667,"incarnation":1,"key":"KeyE","typed":8,"target":"world","carrier":"macos","mode":"agent"}
clock +600
{"clock":25166.667,"epoch":6,"incarnation":1,"world":[{"tick":1390,"quiescent":true,"canvas":8,"hash":"0x40bdb7dc91944479"}]}
state world:player
{
  "entity": {
    "id": 1,
    "name": "player",
    "components": {
      "Player": {
        "velocity": [
          0,
          0,
          0
        ]
      },
      "Material": {
        "metallic": 0,
        "roughness": 0.5,
        "emissive": [
          0,
          0,
          0
        ],
        "grid_spacing": 0,
        "color": [
          0.96,
          0.65,
          0.22,
          1
        ]
      },
      "Mesh": {
        "Capsule": {
          "height": 1.8,
          "radius": 0.4
        }
      },
      "Transform": {
        "scale": [
          1,
          1,
          1
        ],
        "position": [
          -5.9999995,
          0.9,
          6.999998
        ],
        "rotation": [
          0,
          0,
          0,
          1
        ]
      }
    }
  },
  "clock": 25166.667,
  "epoch": 6,
  "incarnation": 1,
  "tick": 1390
}
type world {"key":"KeyD","for":2316.666666666667}
type world {"key":"KeyD","phase":"down"}
{"epoch":6,"typed":8,"incarnation":1,"delivery":"recognized","phase":"down","clock":25166.667,"key":"KeyD","target":"world","carrier":"macos","mode":"agent"}
clock +2316.666666666667
{"clock":27483.33366666667,"incarnation":1,"world":[{"quiescent":false,"canvas":8,"hash":"0x64dbee6e730bd17c","tick":1529}],"epoch":6}
type world {"key":"KeyD","phase":"up"}
{"epoch":6,"typed":8,"incarnation":1,"delivery":"recognized","phase":"up","clock":27483.33366666667,"key":"KeyD","target":"world","carrier":"macos","mode":"agent"}
clock settle
{"settled":true,"clock":28900,"incarnation":1,"epoch":6,"world":[{"tick":1614,"canvas":8,"quiescent":true,"hash":"0x7f3f2369ec20676a"}]}
PASS walk comes to rest
state world:player
{
  "entity": {
    "id": 1,
    "name": "player",
    "components": {
      "Player": {
        "velocity": [
          0,
          0,
          0
        ]
      },
      "Material": {
        "metallic": 0,
        "roughness": 0.5,
        "emissive": [
          0,
          0,
          0
        ],
        "grid_spacing": 0,
        "color": [
          0.96,
          0.65,
          0.22,
          1
        ]
      },
      "Mesh": {
        "Capsule": {
          "height": 1.8,
          "radius": 0.4
        }
      },
      "Transform": {
        "scale": [
          1,
          1,
          1
        ],
        "position": [
          3.0000002,
          0.9,
          6.999998
        ],
        "rotation": [
          0,
          0,
          0,
          1
        ]
      }
    }
  },
  "clock": 28900,
  "epoch": 6,
  "incarnation": 1,
  "tick": 1614
}
type world {"key":"KeyW","for":4066.666666666667}
type world {"key":"KeyW","phase":"down"}
{"phase":"down","typed":8,"clock":28900,"incarnation":1,"epoch":6,"key":"KeyW","delivery":"recognized","target":"world","carrier":"macos","mode":"agent"}
clock +4066.666666666667
{"clock":32966.666666666664,"incarnation":1,"world":[{"quiescent":false,"canvas":8,"hash":"0xfb2bb0acbeab13d9","tick":1858}],"epoch":6}
type world {"key":"KeyW","phase":"up"}
{"phase":"up","typed":8,"clock":32966.666666666664,"incarnation":1,"epoch":6,"key":"KeyW","delivery":"recognized","target":"world","carrier":"macos","mode":"agent"}
clock settle
{"settled":true,"clock":35983.334,"incarnation":1,"world":[{"tick":2039,"canvas":8,"hash":"0x887075d22e9e297d","quiescent":true}],"epoch":6}
PASS walk comes to rest
state world:player
{
  "tick": 2039,
  "clock": 35983.334,
  "incarnation": 1,
  "epoch": 6,
  "entity": {
    "id": 1,
    "name": "player",
    "components": {
      "Player": {
        "velocity": [
          0,
          0,
          0
        ]
      },
      "Material": {
        "metallic": 0,
        "roughness": 0.5,
        "emissive": [
          0,
          0,
          0
        ],
        "grid_spacing": 0,
        "color": [
          0.96,
          0.65,
          0.22,
          1
        ]
      },
      "Mesh": {
        "Capsule": {
          "height": 1.8,
          "radius": 0.4
        }
      },
      "Transform": {
        "scale": [
          1,
          1,
          1
        ],
        "position": [
          3.0000002,
          0.9,
          -8.999995
        ],
        "rotation": [
          0,
          0,
          0,
          1
        ]
      }
    }
  }
}
PASS walk reaches (3, -9): [3.0000002,0.9,-8.999995]
type world {"key":"KeyE"}
{"epoch":6,"delivery":"recognized","incarnation":1,"clock":35983.334,"key":"KeyE","typed":8,"target":"world","carrier":"macos","mode":"agent"}
clock +600
{"clock":36583.334,"incarnation":1,"world":[{"quiescent":true,"tick":2075,"canvas":8,"hash":"0x8496dce7d413f80c"}],"epoch":7}
tree 
epoch 7 · incarnation 1 · clock 36583.334 ms · 10 nodes
View#1
  Canvas#8 [world] [focused] world{world} · 13 entities · tick 2075
    Text#9 [hud-beacons] "Beacons 3 / 3"
    Pressable#10 [pause] name="Pause" (press)
      Text#11 "Pause"
    Text#12 "WASD / arrows · Move     Space · Jump     E · Light nearby beacon"
    View#13 [victory]
      Text#14 "All beacons lit"
      Pressable#15 [again] name="Play again" (press)
        Text#16 "Play again"
PASS three lit and centred victory UI
tap again
{"tapped":15,"delivery":"platform","at":[664,362],"epoch":8,"clock":36583.334,"incarnation":1,"target":"again","carrier":"macos","mode":"agent"}
state world:player
{
  "entity": {
    "id": 1,
    "name": "player",
    "components": {
      "Player": {
        "velocity": [
          0,
          0,
          0
        ]
      },
      "Material": {
        "metallic": 0,
        "roughness": 0.5,
        "emissive": [
          0,
          0,
          0
        ],
        "grid_spacing": 0,
        "color": [
          0.96,
          0.65,
          0.22,
          1
        ]
      },
      "Mesh": {
        "Capsule": {
          "height": 1.8,
          "radius": 0.4
        }
      },
      "Transform": {
        "scale": [
          1,
          1,
          1
        ],
        "position": [
          0,
          0.9,
          0
        ],
        "rotation": [
          0,
          0,
          0,
          1
        ]
      }
    }
  },
  "tick": 0,
  "epoch": 8,
  "incarnation": 1,
  "clock": 36583.334
}
tree 
epoch 8 · incarnation 1 · clock 36583.334 ms · 6 nodes
View#1
  Canvas#8 [world] world{world} · 13 entities · tick 0
    Text#9 [hud-beacons] "Beacons 0 / 3"
    Pressable#10 [pause] name="Pause" (press)
      Text#11 "Pause"
    Text#12 "WASD / arrows · Move     Space · Jump     E · Light nearby beacon"
PASS Play again resets player and count
logs 
t=0 boot: 7 nodes, epoch 1
t=0 press view 6 (play) → epoch 2 (+5 −6 ~1)
t=0 surface world (1 asked again) → epoch 2 (+0 −0 ~0)
t=9600 surface world (1 asked again) → epoch 3 (+0 −0 ~1)
t=13516.667 press view 10 (togglePause) → epoch 4 (+0 −0 ~1)
t=15516.667 press view 10 (togglePause) → epoch 5 (+0 −0 ~1)
t=25166.667 surface world (1 asked again) → epoch 6 (+0 −0 ~1)
t=36583.334 surface world (1 asked again) → epoch 7 (+4 −0 ~2)
t=36583.334 press view 15 (restart) → epoch 7 (+0 −0 ~0)
t=36583.334 surface world (1 asked again) → epoch 8 (+0 −4 ~2)
world t=0 tick=0 spawn #0
world t=0 tick=0 spawn #1
world t=0 tick=0 spawn #2
world t=0 tick=0 spawn #3
world t=0 tick=0 spawn #4
world t=0 tick=0 spawn #5
world t=0 tick=0 spawn #6
world t=0 tick=0 spawn #7
world t=0 tick=0 spawn #8
world t=0 tick=0 spawn #9
world t=0 tick=0 spawn #10
world t=0 tick=0 spawn #11
world t=0 tick=0 spawn #12
world t=0 tick=0 publish beacons: Number(0.0)
world t=0 tick=0 world restarted: round 0 → 1
PASS no browser or GPU errors: []
tree 
epoch 1 · incarnation 1 · clock 0 ms · 7 nodes
View#1
  View#2
    Text#3 "BEACONS"
    Text#4 "Find three lights. Bring the clearing to life."
    Text#5 "WASD or arrows to move · Space to jump · E to light"
    Pressable#6 [play] [focused] name="Play" (press)
      Text#7 "Play"
PASS title has focused accessible Play
PASS world waits for Play
tap play
{"clock":0,"at":[640,453],"epoch":2,"delivery":"platform","tapped":6,"incarnation":1,"target":"play","carrier":"macos","mode":"agent"}
type world {"key":"KeyW","for":1500}
type world {"key":"KeyW","phase":"down"}
{"incarnation":1,"delivery":"recognized","phase":"down","clock":0,"epoch":2,"key":"KeyW","typed":8,"target":"world","carrier":"macos","mode":"agent"}
clock +1500
{"incarnation":1,"clock":1500,"world":[{"hash":"0xfe8d70a16822564c","quiescent":false,"tick":90,"canvas":8}],"epoch":2}
type world {"key":"KeyW","phase":"up"}
{"incarnation":1,"delivery":"recognized","phase":"up","clock":1500,"epoch":2,"key":"KeyW","typed":8,"target":"world","carrier":"macos","mode":"agent"}
state world:player
{
  "tick": 90,
  "incarnation": 1,
  "clock": 1500,
  "entity": {
    "id": 1,
    "name": "player",
    "components": {
      "Player": {
        "velocity": [
          0,
          0,
          -4
        ]
      },
      "Material": {
        "metallic": 0,
        "roughness": 0.5,
        "emissive": [
          0,
          0,
          0
        ],
        "grid_spacing": 0,
        "color": [
          0.96,
          0.65,
          0.22,
          1
        ]
      },
      "Mesh": {
        "Capsule": {
          "height": 1.8,
          "radius": 0.4
        }
      },
      "Transform": {
        "scale": [
          1,
          1,
          1
        ],
        "position": [
          0,
          0.9,
          -5.3666644
        ],
        "rotation": [
          0,
          0,
          0,
          1
        ]
      }
    }
  },
  "epoch": 2
}
PASS W exactly 1.5 s: [0, 0.9, -5.3666644] within 1 mm: [0,0.9,-5.3666644]
state 
{
  "epoch": 2,
  "incarnation": 1,
  "clock": 1500,
  "slots": {
    "playing": true,
    "seed": 7,
    "paused": false,
    "round": 0
  },
  "derives": {},
  "resources": {
    "hud": {
      "beacons": 0
    }
  },
  "pending": [],
  "store": [],
  "delivery": {
    "stream": "embedded",
    "seq": 0,
    "embeddedSeq": 0,
    "staged": false,
    "sunset": "",
    "interpreted": [],
    "compatibilityId": "2d822b959578587f0093707307e7f1c2",
    "L": "0",
    "E": [
      "native"
    ]
  },
  "logic": {
    "revision": null,
    "rustExecutor": null,
    "ready": true
  },
  "navigation": {
    "route": null,
    "stack": [],
    "presentation": null,
    "transition": {
      "interactive": false,
      "phase": "idle"
    },
    "url": null,
    "closedby": null
  },
  "keyboard": {
    "overlap": 0,
    "visible": false,
    "interactive": false,
    "policy": "resizes-visual"
  },
  "focus": {
    "responder": "NodeView",
    "editor": null,
    "pending": null,
    "logical": 8
  },
  "world": [
    {
      "paused": false,
      "hz": 60,
      "canvas": 8,
      "input": {
        "actions": {
          "move": {
            "keys": [],
            "name": "move",
            "stick": [
              {
                "keys": [
                  [
                    "KeyW",
                    "KeyS",
                    "KeyA",
                    "KeyD"
                  ],
                  [
                    "ArrowUp",
                    "ArrowDown",
                    "ArrowLeft",
                    "ArrowRight"
                  ]
                ],
                "touch": []
              }
            ],
            "touch": []
          },
          "light": {
            "keys": [
              "KeyE"
            ],
            "name": "light",
            "stick": [],
            "touch": []
          },
          "jump": {
            "keys": [
              "Space"
            ],
            "name": "jump",
            "stick": [],
            "touch": []
          }
        },
        "forwarded": [],
        "held": [
          "KeyW"
        ]
      },
      "name": "world",
      "hash": "0xfe8d70a16822564c",
      "resources": {},
      "published": {
        "beacons": 0
      },
      "perf": {
        "pixels": [
          0,
          0
        ],
        "tickMs": {
          "max": 0,
          "mean": 0,
          "count": 0,
          "p50": 0,
          "p95": 0,
          "p99": 0
        },
        "wallClock": true,
        "feedMs": {
          "max": 0,
          "mean": 0,
          "count": 0,
          "p50": 0,
          "p95": 0,
          "p99": 0
        },
        "ticksPerFrame": {
          "max": 0,
          "mean": 0,
          "count": 0,
          "p50": 0,
          "p95": 0,
          "p99": 0
        },
        "draws": 0,
        "instances": 0,
        "encodeMs": {
          "max": 0,
          "mean": 0,
          "count": 0,
          "p50": 0,
          "p95": 0,
          "p99": 0
        },
        "triangles": 0,
        "frameMs": {
          "max": 0,
          "mean": 0,
          "count": 0,
          "p50": 0,
          "p95": 0,
          "p99": 0
        }
      },
      "device": false,
      "restored": false,
      "entities": 13,
      "seed": 7,
      "tick": 90,
      "args": {
        "seed": 7,
        "paused": false,
        "round": 0
      },
      "audio": {
        "sources": [],
        "voices": []
      }
    }
  ]
}
PASS exactly 90 ticks
state world:*
{
  "tick": 90,
  "truncated": false,
  "incarnation": 1,
  "clock": 1500,
  "epoch": 2,
  "hash": "0xfe8d70a16822564c",
  "entities": [
    {
      "id": 0,
      "name": "ground",
      "components": {
        "Material": {
          "metallic": 0,
          "roughness": 0.5,
          "emissive": [
            0,
            0,
            0
          ],
          "grid_spacing": 0,
          "color": [
            0.12,
            0.22,
            0.24,
            1
          ]
        },
        "Transform": {
          "scale": [
            1,
            1,
            1
          ],
          "position": [
            0,
            0,
            0
          ],
          "rotation": [
            0,
            0,
            0,
            1
          ]
        },
        "Mesh": {
          "Plane": {
            "width": 40,
            "depth": 40
          }
        }
      }
    },
    {
      "id": 1,
      "name": "player",
      "components": {
        "Player": {
          "velocity": [
            0,
            0,
            -4
          ]
        },
        "Material": {
          "metallic": 0,
          "roughness": 0.5,
          "emissive": [
            0,
            0,
            0
          ],
          "grid_spacing": 0,
          "color": [
            0.96,
            0.65,
            0.22,
            1
          ]
        },
        "Mesh": {
          "Capsule": {
            "height": 1.8,
            "radius": 0.4
          }
        },
        "Transform": {
          "scale": [
            1,
            1,
            1
          ],
          "position": [
            0,
            0.9,
            -5.3666644
          ],
          "rotation": [
            0,
            0,
            0,
            1
          ]
        }
      }
    },
    {
      "id": 2,
      "name": "camera",
      "components": {
        "Transform": {
          "scale": [
            1,
            1,
            1
          ],
          "position": [
            0,
            12.9,
            12.200529
          ],
          "rotation": [
            -0.30251622,
            0,
            0,
            0.95314425
          ]
        },
        "Camera": {
          "fov_y_degrees": 60,
          "near": 0.1,
          "active": true,
          "far": 1000
        },
        "Follow": {
          "initialized": true,
          "resolved": [
            {
              "index": 1,
              "generation": 0
            }
          ],
          "offset": [
            0,
            12,
            17
          ],
          "look_at_offset": [
            0,
            0,
            0
          ],
          "target": {
            "Entity": [
              {
                "index": 1,
                "generation": 0
              }
            ]
          },
          "lag": 0.15
        }
      }
    },
    {
      "id": 3,
      "name": "sun",
      "components": {
        "DirectionalLight": {
          "color": [
            1,
            1,
            1
          ],
          "illuminance": 10000,
          "shadows": true
        },
        "Transform": {
          "scale": [
            1,
            1,
            1
          ],
          "position": [
            8,
            16,
            10
          ],
          "rotation": [
            -0.4086679,
            0.2983547,
            0.14335296,
            0.8505439
          ]
        }
      }
    },
    {
      "id": 4,
      "name": "crate-1",
      "components": {
        "Material": {
          "metallic": 0,
          "roughness": 0.5,
          "emissive": [
            0,
            0,
            0
          ],
          "grid_spacing": 0,
          "color": [
            0.44,
            0.34,
            0.25,
            1
          ]
        },
        "Transform": {
          "scale": [
            1,
            1,
            1
          ],
          "position": [
            -6.5119476,
            0.5,
            15.302141
          ],
          "rotation": [
            0,
            0,
            0,
            1
          ]
        },
        "Mesh": {
          "Box": {
            "size": [
              1,
              1,
              1
            ]
          }
        }
      }
    },
    {
      "id": 5,
      "name": "crate-2",
      "components": {
        "Material": {
          "metallic": 0,
          "roughness": 0.5,
          "emissive": [
            0,
            0,
            0
          ],
          "grid_spacing": 0,
          "color": [
            0.44,
            0.34,
            0.25,
            1
          ]
        },
        "Transform": {
          "scale": [
            1,
            1,
            1
          ],
          "position": [
            -2.8830242,
            0.5,
            12.395628
          ],
          "rotation": [
            0,
            0,
            0,
            1
          ]
        },
        "Mesh": {
          "Box": {
            "size": [
              1,
              1,
              1
            ]
          }
        }
      }
    },
    {
      "id": 6,
      "name": "crate-3",
      "components": {
        "Material": {
          "metallic": 0,
          "roughness": 0.5,
          "emissive": [
            0,
            0,
            0
          ],
          "grid_spacing": 0,
          "color": [
            0.44,
            0.34,
            0.25,
            1
          ]
        },
        "Transform": {
          "scale": [
            1,
            1,
            1
          ],
          "position": [
            -11.312119,
            0.5,
            1.5342407
          ],
          "rotation": [
            0,
            0,
            0,
            1
          ]
        },
        "Mesh": {
          "Box": {
            "size": [
              1,
              1,
              1
            ]
          }
        }
      }
    },
    {
      "id": 7,
      "name": "crate-4",
      "components": {
        "Material": {
          "metallic": 0,
          "roughness": 0.5,
          "emissive": [
            0,
            0,
            0
          ],
          "grid_spacing": 0,
          "color": [
            0.44,
            0.34,
            0.25,
            1
          ]
        },
        "Transform": {
          "scale": [
            1,
            1,
            1
          ],
          "position": [
            -6.945545,
            0.5,
            -1.616478
          ],
          "rotation": [
            0,
            0,
            0,
            1
          ]
        },
        "Mesh": {
          "Box": {
            "size": [
              1,
              1,
              1
            ]
          }
        }
      }
    },
    {
      "id": 8,
      "name": "crate-5",
      "components": {
        "Material": {
          "metallic": 0,
          "roughness": 0.5,
          "emissive": [
            0,
            0,
            0
          ],
          "grid_spacing": 0,
          "color": [
            0.44,
            0.34,
            0.25,
            1
          ]
        },
        "Transform": {
          "scale": [
            1,
            1,
            1
          ],
          "position": [
            15.145346,
            0.5,
            13.686558
          ],
          "rotation": [
            0,
            0,
            0,
            1
          ]
        },
        "Mesh": {
          "Box": {
            "size": [
              1,
              1,
              1
            ]
          }
        }
      }
    },
    {
      "id": 9,
      "name": "crate-6",
      "components": {
        "Material": {
          "metallic": 0,
          "roughness": 0.5,
          "emissive": [
            0,
            0,
            0
          ],
          "grid_spacing": 0,
          "color": [
            0.44,
            0.34,
            0.25,
            1
          ]
        },
        "Transform": {
          "scale": [
            1,
            1,
            1
          ],
          "position": [
            1.7558537,
            0.5,
            -12.80928
          ],
          "rotation": [
            0,
            0,
            0,
            1
          ]
        },
        "Mesh": {
          "Box": {
            "size": [
              1,
              1,
              1
            ]
          }
        }
      }
    },
    {
      "id": 10,
      "name": "beacon-1",
      "components": {
        "Beacon": {
          "lit": false,
          "glow": {
            "duration": 0,
            "start_value": 0,
            "target": 0,
            "start_tick": 0
          }
        },
        "Material": {
          "metallic": 0,
          "roughness": 0.5,
          "emissive": [
            0,
            0,
            0
          ],
          "grid_spacing": 0,
          "color": [
            0.18,
            0.73,
            0.79,
            1
          ]
        },
        "Mesh": {
          "Sphere": {
            "radius": 0.5
          }
        },
        "Transform": {
          "scale": [
            1,
            1,
            1
          ],
          "position": [
            8,
            1,
            0
          ],
          "rotation": [
            0,
            0,
            0,
            1
          ]
        }
      }
    },
    {
      "id": 11,
      "name": "beacon-2",
      "components": {
        "Beacon": {
          "lit": false,
          "glow": {
            "duration": 0,
            "start_value": 0,
            "target": 0,
            "start_tick": 0
          }
        },
        "Material": {
          "metallic": 0,
          "roughness": 0.5,
          "emissive": [
            0,
            0,
            0
          ],
          "grid_spacing": 0,
          "color": [
            0.18,
            0.73,
            0.79,
            1
          ]
        },
        "Mesh": {
          "Sphere": {
            "radius": 0.5
          }
        },
        "Transform": {
          "scale": [
            1,
            1,
            1
          ],
          "position": [
            -6,
            1,
            7
          ],
          "rotation": [
            0,
            0,
            0,
            1
          ]
        }
      }
    },
    {
      "id": 12,
      "name": "beacon-3",
      "components": {
        "Beacon": {
          "lit": false,
          "glow": {
            "duration": 0,
            "start_value": 0,
            "target": 0,
            "start_tick": 0
          }
        },
        "Material": {
          "metallic": 0,
          "roughness": 0.5,
          "emissive": [
            0,
            0,
            0
          ],
          "grid_spacing": 0,
          "color": [
            0.18,
            0.73,
            0.79,
            1
          ]
        },
        "Mesh": {
          "Sphere": {
            "radius": 0.5
          }
        },
        "Transform": {
          "scale": [
            1,
            1,
            1
          ],
          "position": [
            3,
            1,
            -9
          ],
          "rotation": [
            0,
            0,
            0,
            1
          ]
        }
      }
    }
  ]
}
PASS entity snapshot is complete
PASS two runs after W are identical
type world {"key":"KeyE"}
{"delivery":"recognized","clock":1500,"key":"KeyE","incarnation":1,"epoch":2,"typed":8,"target":"world","carrier":"macos","mode":"agent"}
clock +100
{"incarnation":1,"clock":1600,"world":[{"canvas":8,"tick":96,"quiescent":false,"hash":"0xf4b9fa1968f79332"}],"epoch":2}
tree 
epoch 2 · incarnation 1 · clock 1600 ms · 6 nodes
View#1
  Canvas#8 [world] [focused] world{world} · 13 entities · tick 96
    Text#9 [hud-beacons] "Beacons 0 / 3"
    Pressable#10 [pause] name="Pause" (press)
      Text#11 "Pause"
    Text#12 "WASD / arrows · Move     Space · Jump     E · Light nearby beacon"
PASS E outside range lights nothing
clock settle
{"clock":3100,"settled":true,"incarnation":1,"world":[{"tick":186,"hash":"0x86afdb9dccf6877b","canvas":8,"quiescent":true}],"epoch":2}
PASS brakes and camera settle
state world:player
{
  "entity": {
    "id": 1,
    "name": "player",
    "components": {
      "Player": {
        "velocity": [
          0,
          0,
          0
        ]
      },
      "Material": {
        "metallic": 0,
        "roughness": 0.5,
        "emissive": [
          0,
          0,
          0
        ],
        "grid_spacing": 0,
        "color": [
          0.96,
          0.65,
          0.22,
          1
        ]
      },
      "Mesh": {
        "Capsule": {
          "height": 1.8,
          "radius": 0.4
        }
      },
      "Transform": {
        "scale": [
          1,
          1,
          1
        ],
        "position": [
          0,
          0.9,
          -5.733331
        ],
        "rotation": [
          0,
          0,
          0,
          1
        ]
      }
    }
  },
  "clock": 3100,
  "tick": 186,
  "incarnation": 1,
  "epoch": 2
}
type world {"key":"KeyD","for":2066.666666666667}
type world {"key":"KeyD","phase":"down"}
{"clock":3100,"typed":8,"phase":"down","incarnation":1,"epoch":2,"delivery":"recognized","key":"KeyD","target":"world","carrier":"macos","mode":"agent"}
clock +2066.666666666667
{"incarnation":1,"clock":5166.666666666667,"world":[{"canvas":8,"tick":310,"quiescent":false,"hash":"0x11e85a8c294aa8b2"}],"epoch":2}
type world {"key":"KeyD","phase":"up"}
{"clock":5166.666666666667,"typed":8,"phase":"up","incarnation":1,"epoch":2,"delivery":"recognized","key":"KeyD","target":"world","carrier":"macos","mode":"agent"}
clock settle
{"clock":6583.334,"settled":true,"incarnation":1,"world":[{"tick":395,"hash":"0x3d20cf9bd0d968ed","canvas":8,"quiescent":true}],"epoch":2}
PASS walk comes to rest
state world:player
{
  "entity": {
    "id": 1,
    "name": "player",
    "components": {
      "Player": {
        "velocity": [
          0,
          0,
          0
        ]
      },
      "Material": {
        "metallic": 0,
        "roughness": 0.5,
        "emissive": [
          0,
          0,
          0
        ],
        "grid_spacing": 0,
        "color": [
          0.96,
          0.65,
          0.22,
          1
        ]
      },
      "Mesh": {
        "Capsule": {
          "height": 1.8,
          "radius": 0.4
        }
      },
      "Transform": {
        "scale": [
          1,
          1,
          1
        ],
        "position": [
          7.9999957,
          0.9,
          -5.733331
        ],
        "rotation": [
          0,
          0,
          0,
          1
        ]
      }
    }
  },
  "clock": 6583.334,
  "tick": 395,
  "incarnation": 1,
  "epoch": 2
}
type world {"key":"KeyS","for":1500}
type world {"key":"KeyS","phase":"down"}
{"incarnation":1,"delivery":"recognized","phase":"down","clock":6583.334,"epoch":2,"key":"KeyS","typed":8,"target":"world","carrier":"macos","mode":"agent"}
clock +1500
{"incarnation":1,"clock":8083.334,"world":[{"canvas":8,"tick":485,"quiescent":false,"hash":"0x0c5f33adf7747356"}],"epoch":2}
type world {"key":"KeyS","phase":"up"}
{"incarnation":1,"delivery":"recognized","phase":"up","clock":8083.334,"epoch":2,"key":"KeyS","typed":8,"target":"world","carrier":"macos","mode":"agent"}
clock settle
{"clock":9500,"settled":true,"incarnation":1,"world":[{"tick":570,"hash":"0xd38313dce1f3b51f","canvas":8,"quiescent":true}],"epoch":2}
PASS walk comes to rest
state world:player
{
  "entity": {
    "id": 1,
    "name": "player",
    "components": {
      "Player": {
        "velocity": [
          0,
          0,
          0
        ]
      },
      "Material": {
        "metallic": 0,
        "roughness": 0.5,
        "emissive": [
          0,
          0,
          0
        ],
        "grid_spacing": 0,
        "color": [
          0.96,
          0.65,
          0.22,
          1
        ]
      },
      "Mesh": {
        "Capsule": {
          "height": 1.8,
          "radius": 0.4
        }
      },
      "Transform": {
        "scale": [
          1,
          1,
          1
        ],
        "position": [
          7.9999957,
          0.9,
          0.0000018797194
        ],
        "rotation": [
          0,
          0,
          0,
          1
        ]
      }
    }
  },
  "clock": 9500,
  "tick": 570,
  "incarnation": 1,
  "epoch": 2
}
PASS walk reaches (8, 0): [7.9999957,0.9,0.0000018797194]
type world {"key":"KeyE"}
{"delivery":"recognized","clock":9500,"key":"KeyE","incarnation":1,"epoch":2,"typed":8,"target":"world","carrier":"macos","mode":"agent"}
clock +100
{"clock":9600,"world":[{"canvas":8,"tick":576,"quiescent":false,"hash":"0x7360b02910f98eb5"}],"epoch":3,"incarnation":1}
state world:beacon-1
{
  "clock": 9600,
  "entity": {
    "id": 10,
    "name": "beacon-1",
    "components": {
      "Beacon": {
        "lit": true,
        "glow": {
          "duration": 0.5,
          "start_value": 0,
          "target": 1,
          "start_tick": 570
        }
      },
      "Material": {
        "metallic": 0,
        "roughness": 0.5,
        "emissive": [
          0.05185185,
          0.1851852,
          0.22222222
        ],
        "grid_spacing": 0,
        "color": [
          0.18,
          0.73,
          0.79,
          1
        ]
      },
      "Mesh": {
        "Sphere": {
          "radius": 0.5
        }
      },
      "Transform": {
        "scale": [
          1,
          1,
          1
        ],
        "position": [
          8,
          1,
          0
        ],
        "rotation": [
          0,
          0,
          0,
          1
        ]
      }
    }
  },
  "epoch": 3,
  "tick": 576,
  "incarnation": 1
}
PASS first beacon lit
PASS glow partway up after 0.1 s: [0.05185185,0.1851852,0.22222222]
tree 
epoch 3 · incarnation 1 · clock 9600 ms · 6 nodes
View#1
  Canvas#8 [world] [focused] world{world} · 13 entities · tick 576
    Text#9 [hud-beacons] "Beacons 1 / 3"
    Pressable#10 [pause] name="Pause" (press)
      Text#11 "Pause"
    Text#12 "WASD / arrows · Move     Space · Jump     E · Light nearby beacon"
PASS HUD reads Beacons 1 / 3, polite live region
type world {"key":"KeyW","phase":"down"}
{"clock":9600,"phase":"down","incarnation":1,"typed":8,"epoch":3,"delivery":"recognized","key":"KeyW","target":"world","carrier":"macos","mode":"agent"}
type world {"key":"Space","phase":"down"}
{"incarnation":1,"delivery":"recognized","phase":"down","clock":9600,"epoch":3,"key":"Space","typed":8,"target":"world","carrier":"macos","mode":"agent"}
clock +900
{"clock":10500,"incarnation":1,"world":[{"hash":"0x5c9c309d3b8ede36","quiescent":false,"tick":630,"canvas":8}],"epoch":3}
type world {"key":"KeyW","phase":"up"}
{"clock":10500,"typed":8,"incarnation":1,"phase":"up","epoch":3,"delivery":"recognized","key":"KeyW","target":"world","carrier":"macos","mode":"agent"}
type world {"key":"Space","phase":"up"}
{"incarnation":1,"delivery":"recognized","phase":"up","clock":10500,"epoch":3,"key":"Space","typed":8,"target":"world","carrier":"macos","mode":"agent"}
state world:beacon-1
{
  "entity": {
    "id": 10,
    "name": "beacon-1",
    "components": {
      "Beacon": {
        "lit": true,
        "glow": {
          "duration": 0.5,
          "start_value": 0,
          "target": 1,
          "start_tick": 570
        }
      },
      "Material": {
        "metallic": 0,
        "roughness": 0.5,
        "emissive": [
          0.7,
          2.5,
          3
        ],
        "grid_spacing": 0,
        "color": [
          0.18,
          0.73,
          0.79,
          1
        ]
      },
      "Mesh": {
        "Sphere": {
          "radius": 0.5
        }
      },
      "Transform": {
        "scale": [
          1,
          1,
          1
        ],
        "position": [
          8,
          1,
          0
        ],
        "rotation": [
          0,
          0,
          0,
          1
        ]
      }
    }
  },
  "clock": 10500,
  "tick": 630,
  "incarnation": 1,
  "epoch": 3
}
PASS glow fully up at one second after E
clock settle
{"clock":13516.667,"settled":true,"incarnation":1,"world":[{"hash":"0x95d2927a8997c0d9","quiescent":true,"tick":811,"canvas":8}],"epoch":3}
PASS continuation settles
state world:*
{
  "tick": 811,
  "truncated": false,
  "incarnation": 1,
  "clock": 13516.667,
  "epoch": 3,
  "hash": "0x95d2927a8997c0d9",
  "entities": [
    {
      "id": 0,
      "name": "ground",
      "components": {
        "Material": {
          "metallic": 0,
          "roughness": 0.5,
          "emissive": [
            0,
            0,
            0
          ],
          "grid_spacing": 0,
          "color": [
            0.12,
            0.22,
            0.24,
            1
          ]
        },
        "Transform": {
          "scale": [
            1,
            1,
            1
          ],
          "position": [
            0,
            0,
            0
          ],
          "rotation": [
            0,
            0,
            0,
            1
          ]
        },
        "Mesh": {
          "Plane": {
            "width": 40,
            "depth": 40
          }
        }
      }
    },
    {
      "id": 1,
      "name": "player",
      "components": {
        "Player": {
          "velocity": [
            0,
            0,
            0
          ]
        },
        "Material": {
          "metallic": 0,
          "roughness": 0.5,
          "emissive": [
            0,
            0,
            0
          ],
          "grid_spacing": 0,
          "color": [
            0.96,
            0.65,
            0.22,
            1
          ]
        },
        "Mesh": {
          "Capsule": {
            "height": 1.8,
            "radius": 0.4
          }
        },
        "Transform": {
          "scale": [
            1,
            1,
            1
          ],
          "position": [
            7.9999957,
            0.9,
            -3.3333316
          ],
          "rotation": [
            0,
            0,
            0,
            1
          ]
        }
      }
    },
    {
      "id": 2,
      "name": "camera",
      "components": {
        "Transform": {
          "scale": [
            1,
            1,
            1
          ],
          "position": [
            7.9999957,
            12.9,
            13.666668
          ],
          "rotation": [
            -0.30251622,
            0,
            0,
            0.95314425
          ]
        },
        "Camera": {
          "fov_y_degrees": 60,
          "near": 0.1,
          "active": true,
          "far": 1000
        },
        "Follow": {
          "initialized": true,
          "resolved": [
            {
              "index": 1,
              "generation": 0
            }
          ],
          "offset": [
            0,
            12,
            17
          ],
          "look_at_offset": [
            0,
            0,
            0
          ],
          "target": {
            "Entity": [
              {
                "index": 1,
                "generation": 0
              }
            ]
          },
          "lag": 0.15
        }
      }
    },
    {
      "id": 3,
      "name": "sun",
      "components": {
        "DirectionalLight": {
          "color": [
            1,
            1,
            1
          ],
          "illuminance": 10000,
          "shadows": true
        },
        "Transform": {
          "scale": [
            1,
            1,
            1
          ],
          "position": [
            8,
            16,
            10
          ],
          "rotation": [
            -0.4086679,
            0.2983547,
            0.14335296,
            0.8505439
          ]
        }
      }
    },
    {
      "id": 4,
      "name": "crate-1",
      "components": {
        "Material": {
          "metallic": 0,
          "roughness": 0.5,
          "emissive": [
            0,
            0,
            0
          ],
          "grid_spacing": 0,
          "color": [
            0.44,
            0.34,
            0.25,
            1
          ]
        },
        "Transform": {
          "scale": [
            1,
            1,
            1
          ],
          "position": [
            -6.5119476,
            0.5,
            15.302141
          ],
          "rotation": [
            0,
            0,
            0,
            1
          ]
        },
        "Mesh": {
          "Box": {
            "size": [
              1,
              1,
              1
            ]
          }
        }
      }
    },
    {
      "id": 5,
      "name": "crate-2",
      "components": {
        "Material": {
          "metallic": 0,
          "roughness": 0.5,
          "emissive": [
            0,
            0,
            0
          ],
          "grid_spacing": 0,
          "color": [
            0.44,
            0.34,
            0.25,
            1
          ]
        },
        "Transform": {
          "scale": [
            1,
            1,
            1
          ],
          "position": [
            -2.8830242,
            0.5,
            12.395628
          ],
          "rotation": [
            0,
            0,
            0,
            1
          ]
        },
        "Mesh": {
          "Box": {
            "size": [
              1,
              1,
              1
            ]
          }
        }
      }
    },
    {
      "id": 6,
      "name": "crate-3",
      "components": {
        "Material": {
          "metallic": 0,
          "roughness": 0.5,
          "emissive": [
            0,
            0,
            0
          ],
          "grid_spacing": 0,
          "color": [
            0.44,
            0.34,
            0.25,
            1
          ]
        },
        "Transform": {
          "scale": [
            1,
            1,
            1
          ],
          "position": [
            -11.312119,
            0.5,
            1.5342407
          ],
          "rotation": [
            0,
            0,
            0,
            1
          ]
        },
        "Mesh": {
          "Box": {
            "size": [
              1,
              1,
              1
            ]
          }
        }
      }
    },
    {
      "id": 7,
      "name": "crate-4",
      "components": {
        "Material": {
          "metallic": 0,
          "roughness": 0.5,
          "emissive": [
            0,
            0,
            0
          ],
          "grid_spacing": 0,
          "color": [
            0.44,
            0.34,
            0.25,
            1
          ]
        },
        "Transform": {
          "scale": [
            1,
            1,
            1
          ],
          "position": [
            -6.945545,
            0.5,
            -1.616478
          ],
          "rotation": [
            0,
            0,
            0,
            1
          ]
        },
        "Mesh": {
          "Box": {
            "size": [
              1,
              1,
              1
            ]
          }
        }
      }
    },
    {
      "id": 8,
      "name": "crate-5",
      "components": {
        "Material": {
          "metallic": 0,
          "roughness": 0.5,
          "emissive": [
            0,
            0,
            0
          ],
          "grid_spacing": 0,
          "color": [
            0.44,
            0.34,
            0.25,
            1
          ]
        },
        "Transform": {
          "scale": [
            1,
            1,
            1
          ],
          "position": [
            15.145346,
            0.5,
            13.686558
          ],
          "rotation": [
            0,
            0,
            0,
            1
          ]
        },
        "Mesh": {
          "Box": {
            "size": [
              1,
              1,
              1
            ]
          }
        }
      }
    },
    {
      "id": 9,
      "name": "crate-6",
      "components": {
        "Material": {
          "metallic": 0,
          "roughness": 0.5,
          "emissive": [
            0,
            0,
            0
          ],
          "grid_spacing": 0,
          "color": [
            0.44,
            0.34,
            0.25,
            1
          ]
        },
        "Transform": {
          "scale": [
            1,
            1,
            1
          ],
          "position": [
            1.7558537,
            0.5,
            -12.80928
          ],
          "rotation": [
            0,
            0,
            0,
            1
          ]
        },
        "Mesh": {
          "Box": {
            "size": [
              1,
              1,
              1
            ]
          }
        }
      }
    },
    {
      "id": 10,
      "name": "beacon-1",
      "components": {
        "Beacon": {
          "lit": true,
          "glow": {
            "duration": 0.5,
            "start_value": 0,
            "target": 1,
            "start_tick": 570
          }
        },
        "Material": {
          "metallic": 0,
          "roughness": 0.5,
          "emissive": [
            0.7,
            2.5,
            3
          ],
          "grid_spacing": 0,
          "color": [
            0.18,
            0.73,
            0.79,
            1
          ]
        },
        "Mesh": {
          "Sphere": {
            "radius": 0.5
          }
        },
        "Transform": {
          "scale": [
            1,
            1,
            1
          ],
          "position": [
            8,
            1,
            0
          ],
          "rotation": [
            0,
            0,
            0,
            1
          ]
        }
      }
    },
    {
      "id": 11,
      "name": "beacon-2",
      "components": {
        "Beacon": {
          "lit": false,
          "glow": {
            "duration": 0,
            "start_value": 0,
            "target": 0,
            "start_tick": 0
          }
        },
        "Material": {
          "metallic": 0,
          "roughness": 0.5,
          "emissive": [
            0,
            0,
            0
          ],
          "grid_spacing": 0,
          "color": [
            0.18,
            0.73,
            0.79,
            1
          ]
        },
        "Mesh": {
          "Sphere": {
            "radius": 0.5
          }
        },
        "Transform": {
          "scale": [
            1,
            1,
            1
          ],
          "position": [
            -6,
            1,
            7
          ],
          "rotation": [
            0,
            0,
            0,
            1
          ]
        }
      }
    },
    {
      "id": 12,
      "name": "beacon-3",
      "components": {
        "Beacon": {
          "lit": false,
          "glow": {
            "duration": 0,
            "start_value": 0,
            "target": 0,
            "start_tick": 0
          }
        },
        "Material": {
          "metallic": 0,
          "roughness": 0.5,
          "emissive": [
            0,
            0,
            0
          ],
          "grid_spacing": 0,
          "color": [
            0.18,
            0.73,
            0.79,
            1
          ]
        },
        "Mesh": {
          "Sphere": {
            "radius": 0.5
          }
        },
        "Transform": {
          "scale": [
            1,
            1,
            1
          ],
          "position": [
            3,
            1,
            -9
          ],
          "rotation": [
            0,
            0,
            0,
            1
          ]
        }
      }
    }
  ]
}
PASS entity snapshot is complete
screenshot /Users/ccheever/projects/exact2-wt-game/game/games/beacons/artifacts/run-1.world world save
{"clock":13516.667,"incarnation":1,"bytes":4457,"epoch":3,"hash":"0x95d2927a8997c0d9","tick":811,"screenshot":"/Users/ccheever/projects/exact2-wt-game/game/games/beacons/artifacts/run-1.world"}
PASS two full runs end in identical state
PASS two full runs have byte-identical saves
tap pause
{"tapped":10,"epoch":4,"clock":13516.667,"at":[1217.5,49],"incarnation":1,"delivery":"platform","target":"pause","carrier":"macos","mode":"agent"}
state world:*
{
  "tick": 811,
  "truncated": false,
  "incarnation": 1,
  "clock": 13516.667,
  "epoch": 4,
  "hash": "0x95d2927a8997c0d9",
  "entities": [
    {
      "id": 0,
      "name": "ground",
      "components": {
        "Material": {
          "metallic": 0,
          "roughness": 0.5,
          "emissive": [
            0,
            0,
            0
          ],
          "grid_spacing": 0,
          "color": [
            0.12,
            0.22,
            0.24,
            1
          ]
        },
        "Transform": {
          "scale": [
            1,
            1,
            1
          ],
          "position": [
            0,
            0,
            0
          ],
          "rotation": [
            0,
            0,
            0,
            1
          ]
        },
        "Mesh": {
          "Plane": {
            "width": 40,
            "depth": 40
          }
        }
      }
    },
    {
      "id": 1,
      "name": "player",
      "components": {
        "Player": {
          "velocity": [
            0,
            0,
            0
          ]
        },
        "Material": {
          "metallic": 0,
          "roughness": 0.5,
          "emissive": [
            0,
            0,
            0
          ],
          "grid_spacing": 0,
          "color": [
            0.96,
            0.65,
            0.22,
            1
          ]
        },
        "Mesh": {
          "Capsule": {
            "height": 1.8,
            "radius": 0.4
          }
        },
        "Transform": {
          "scale": [
            1,
            1,
            1
          ],
          "position": [
            7.9999957,
            0.9,
            -3.3333316
          ],
          "rotation": [
            0,
            0,
            0,
            1
          ]
        }
      }
    },
    {
      "id": 2,
      "name": "camera",
      "components": {
        "Transform": {
          "scale": [
            1,
            1,
            1
          ],
          "position": [
            7.9999957,
            12.9,
            13.666668
          ],
          "rotation": [
            -0.30251622,
            0,
            0,
            0.95314425
          ]
        },
        "Camera": {
          "fov_y_degrees": 60,
          "near": 0.1,
          "active": true,
          "far": 1000
        },
        "Follow": {
          "initialized": true,
          "resolved": [
            {
              "index": 1,
              "generation": 0
            }
          ],
          "offset": [
            0,
            12,
            17
          ],
          "look_at_offset": [
            0,
            0,
            0
          ],
          "target": {
            "Entity": [
              {
                "index": 1,
                "generation": 0
              }
            ]
          },
          "lag": 0.15
        }
      }
    },
    {
      "id": 3,
      "name": "sun",
      "components": {
        "DirectionalLight": {
          "color": [
            1,
            1,
            1
          ],
          "illuminance": 10000,
          "shadows": true
        },
        "Transform": {
          "scale": [
            1,
            1,
            1
          ],
          "position": [
            8,
            16,
            10
          ],
          "rotation": [
            -0.4086679,
            0.2983547,
            0.14335296,
            0.8505439
          ]
        }
      }
    },
    {
      "id": 4,
      "name": "crate-1",
      "components": {
        "Material": {
          "metallic": 0,
          "roughness": 0.5,
          "emissive": [
            0,
            0,
            0
          ],
          "grid_spacing": 0,
          "color": [
            0.44,
            0.34,
            0.25,
            1
          ]
        },
        "Transform": {
          "scale": [
            1,
            1,
            1
          ],
          "position": [
            -6.5119476,
            0.5,
            15.302141
          ],
          "rotation": [
            0,
            0,
            0,
            1
          ]
        },
        "Mesh": {
          "Box": {
            "size": [
              1,
              1,
              1
            ]
          }
        }
      }
    },
    {
      "id": 5,
      "name": "crate-2",
      "components": {
        "Material": {
          "metallic": 0,
          "roughness": 0.5,
          "emissive": [
            0,
            0,
            0
          ],
          "grid_spacing": 0,
          "color": [
            0.44,
            0.34,
            0.25,
            1
          ]
        },
        "Transform": {
          "scale": [
            1,
            1,
            1
          ],
          "position": [
            -2.8830242,
            0.5,
            12.395628
          ],
          "rotation": [
            0,
            0,
            0,
            1
          ]
        },
        "Mesh": {
          "Box": {
            "size": [
              1,
              1,
              1
            ]
          }
        }
      }
    },
    {
      "id": 6,
      "name": "crate-3",
      "components": {
        "Material": {
          "metallic": 0,
          "roughness": 0.5,
          "emissive": [
            0,
            0,
            0
          ],
          "grid_spacing": 0,
          "color": [
            0.44,
            0.34,
            0.25,
            1
          ]
        },
        "Transform": {
          "scale": [
            1,
            1,
            1
          ],
          "position": [
            -11.312119,
            0.5,
            1.5342407
          ],
          "rotation": [
            0,
            0,
            0,
            1
          ]
        },
        "Mesh": {
          "Box": {
            "size": [
              1,
              1,
              1
            ]
          }
        }
      }
    },
    {
      "id": 7,
      "name": "crate-4",
      "components": {
        "Material": {
          "metallic": 0,
          "roughness": 0.5,
          "emissive": [
            0,
            0,
            0
          ],
          "grid_spacing": 0,
          "color": [
            0.44,
            0.34,
            0.25,
            1
          ]
        },
        "Transform": {
          "scale": [
            1,
            1,
            1
          ],
          "position": [
            -6.945545,
            0.5,
            -1.616478
          ],
          "rotation": [
            0,
            0,
            0,
            1
          ]
        },
        "Mesh": {
          "Box": {
            "size": [
              1,
              1,
              1
            ]
          }
        }
      }
    },
    {
      "id": 8,
      "name": "crate-5",
      "components": {
        "Material": {
          "metallic": 0,
          "roughness": 0.5,
          "emissive": [
            0,
            0,
            0
          ],
          "grid_spacing": 0,
          "color": [
            0.44,
            0.34,
            0.25,
            1
          ]
        },
        "Transform": {
          "scale": [
            1,
            1,
            1
          ],
          "position": [
            15.145346,
            0.5,
            13.686558
          ],
          "rotation": [
            0,
            0,
            0,
            1
          ]
        },
        "Mesh": {
          "Box": {
            "size": [
              1,
              1,
              1
            ]
          }
        }
      }
    },
    {
      "id": 9,
      "name": "crate-6",
      "components": {
        "Material": {
          "metallic": 0,
          "roughness": 0.5,
          "emissive": [
            0,
            0,
            0
          ],
          "grid_spacing": 0,
          "color": [
            0.44,
            0.34,
            0.25,
            1
          ]
        },
        "Transform": {
          "scale": [
            1,
            1,
            1
          ],
          "position": [
            1.7558537,
            0.5,
            -12.80928
          ],
          "rotation": [
            0,
            0,
            0,
            1
          ]
        },
        "Mesh": {
          "Box": {
            "size": [
              1,
              1,
              1
            ]
          }
        }
      }
    },
    {
      "id": 10,
      "name": "beacon-1",
      "components": {
        "Beacon": {
          "lit": true,
          "glow": {
            "duration": 0.5,
            "start_value": 0,
            "target": 1,
            "start_tick": 570
          }
        },
        "Material": {
          "metallic": 0,
          "roughness": 0.5,
          "emissive": [
            0.7,
            2.5,
            3
          ],
          "grid_spacing": 0,
          "color": [
            0.18,
            0.73,
            0.79,
            1
          ]
        },
        "Mesh": {
          "Sphere": {
            "radius": 0.5
          }
        },
        "Transform": {
          "scale": [
            1,
            1,
            1
          ],
          "position": [
            8,
            1,
            0
          ],
          "rotation": [
            0,
            0,
            0,
            1
          ]
        }
      }
    },
    {
      "id": 11,
      "name": "beacon-2",
      "components": {
        "Beacon": {
          "lit": false,
          "glow": {
            "duration": 0,
            "start_value": 0,
            "target": 0,
            "start_tick": 0
          }
        },
        "Material": {
          "metallic": 0,
          "roughness": 0.5,
          "emissive": [
            0,
            0,
            0
          ],
          "grid_spacing": 0,
          "color": [
            0.18,
            0.73,
            0.79,
            1
          ]
        },
        "Mesh": {
          "Sphere": {
            "radius": 0.5
          }
        },
        "Transform": {
          "scale": [
            1,
            1,
            1
          ],
          "position": [
            -6,
            1,
            7
          ],
          "rotation": [
            0,
            0,
            0,
            1
          ]
        }
      }
    },
    {
      "id": 12,
      "name": "beacon-3",
      "components": {
        "Beacon": {
          "lit": false,
          "glow": {
            "duration": 0,
            "start_value": 0,
            "target": 0,
            "start_tick": 0
          }
        },
        "Material": {
          "metallic": 0,
          "roughness": 0.5,
          "emissive": [
            0,
            0,
            0
          ],
          "grid_spacing": 0,
          "color": [
            0.18,
            0.73,
            0.79,
            1
          ]
        },
        "Mesh": {
          "Sphere": {
            "radius": 0.5
          }
        },
        "Transform": {
          "scale": [
            1,
            1,
            1
          ],
          "position": [
            3,
            1,
            -9
          ],
          "rotation": [
            0,
            0,
            0,
            1
          ]
        }
      }
    }
  ]
}
PASS entity snapshot is complete
type world {"key":"KeyW","phase":"down"}
{"clock":13516.667,"incarnation":1,"typed":8,"phase":"down","epoch":4,"delivery":"recognized","key":"KeyW","target":"world","carrier":"macos","mode":"agent"}
clock +2000
{"incarnation":1,"clock":15516.667,"world":[{"quiescent":true,"tick":811,"canvas":8,"hash":"0x95d2927a8997c0d9"}],"epoch":4}
state world:*
{
  "clock": 15516.667,
  "incarnation": 1,
  "truncated": false,
  "epoch": 4,
  "hash": "0x95d2927a8997c0d9",
  "entities": [
    {
      "id": 0,
      "name": "ground",
      "components": {
        "Material": {
          "metallic": 0,
          "roughness": 0.5,
          "emissive": [
            0,
            0,
            0
          ],
          "grid_spacing": 0,
          "color": [
            0.12,
            0.22,
            0.24,
            1
          ]
        },
        "Transform": {
          "scale": [
            1,
            1,
            1
          ],
          "position": [
            0,
            0,
            0
          ],
          "rotation": [
            0,
            0,
            0,
            1
          ]
        },
        "Mesh": {
          "Plane": {
            "width": 40,
            "depth": 40
          }
        }
      }
    },
    {
      "id": 1,
      "name": "player",
      "components": {
        "Player": {
          "velocity": [
            0,
            0,
            0
          ]
        },
        "Material": {
          "metallic": 0,
          "roughness": 0.5,
          "emissive": [
            0,
            0,
            0
          ],
          "grid_spacing": 0,
          "color": [
            0.96,
            0.65,
            0.22,
            1
          ]
        },
        "Mesh": {
          "Capsule": {
            "height": 1.8,
            "radius": 0.4
          }
        },
        "Transform": {
          "scale": [
            1,
            1,
            1
          ],
          "position": [
            7.9999957,
            0.9,
            -3.3333316
          ],
          "rotation": [
            0,
            0,
            0,
            1
          ]
        }
      }
    },
    {
      "id": 2,
      "name": "camera",
      "components": {
        "Transform": {
          "scale": [
            1,
            1,
            1
          ],
          "position": [
            7.9999957,
            12.9,
            13.666668
          ],
          "rotation": [
            -0.30251622,
            0,
            0,
            0.95314425
          ]
        },
        "Camera": {
          "fov_y_degrees": 60,
          "near": 0.1,
          "active": true,
          "far": 1000
        },
        "Follow": {
          "initialized": true,
          "resolved": [
            {
              "index": 1,
              "generation": 0
            }
          ],
          "offset": [
            0,
            12,
            17
          ],
          "look_at_offset": [
            0,
            0,
            0
          ],
          "target": {
            "Entity": [
              {
                "index": 1,
                "generation": 0
              }
            ]
          },
          "lag": 0.15
        }
      }
    },
    {
      "id": 3,
      "name": "sun",
      "components": {
        "DirectionalLight": {
          "color": [
            1,
            1,
            1
          ],
          "illuminance": 10000,
          "shadows": true
        },
        "Transform": {
          "scale": [
            1,
            1,
            1
          ],
          "position": [
            8,
            16,
            10
          ],
          "rotation": [
            -0.4086679,
            0.2983547,
            0.14335296,
            0.8505439
          ]
        }
      }
    },
    {
      "id": 4,
      "name": "crate-1",
      "components": {
        "Material": {
          "metallic": 0,
          "roughness": 0.5,
          "emissive": [
            0,
            0,
            0
          ],
          "grid_spacing": 0,
          "color": [
            0.44,
            0.34,
            0.25,
            1
          ]
        },
        "Transform": {
          "scale": [
            1,
            1,
            1
          ],
          "position": [
            -6.5119476,
            0.5,
            15.302141
          ],
          "rotation": [
            0,
            0,
            0,
            1
          ]
        },
        "Mesh": {
          "Box": {
            "size": [
              1,
              1,
              1
            ]
          }
        }
      }
    },
    {
      "id": 5,
      "name": "crate-2",
      "components": {
        "Material": {
          "metallic": 0,
          "roughness": 0.5,
          "emissive": [
            0,
            0,
            0
          ],
          "grid_spacing": 0,
          "color": [
            0.44,
            0.34,
            0.25,
            1
          ]
        },
        "Transform": {
          "scale": [
            1,
            1,
            1
          ],
          "position": [
            -2.8830242,
            0.5,
            12.395628
          ],
          "rotation": [
            0,
            0,
            0,
            1
          ]
        },
        "Mesh": {
          "Box": {
            "size": [
              1,
              1,
              1
            ]
          }
        }
      }
    },
    {
      "id": 6,
      "name": "crate-3",
      "components": {
        "Material": {
          "metallic": 0,
          "roughness": 0.5,
          "emissive": [
            0,
            0,
            0
          ],
          "grid_spacing": 0,
          "color": [
            0.44,
            0.34,
            0.25,
            1
          ]
        },
        "Transform": {
          "scale": [
            1,
            1,
            1
          ],
          "position": [
            -11.312119,
            0.5,
            1.5342407
          ],
          "rotation": [
            0,
            0,
            0,
            1
          ]
        },
        "Mesh": {
          "Box": {
            "size": [
              1,
              1,
              1
            ]
          }
        }
      }
    },
    {
      "id": 7,
      "name": "crate-4",
      "components": {
        "Material": {
          "metallic": 0,
          "roughness": 0.5,
          "emissive": [
            0,
            0,
            0
          ],
          "grid_spacing": 0,
          "color": [
            0.44,
            0.34,
            0.25,
            1
          ]
        },
        "Transform": {
          "scale": [
            1,
            1,
            1
          ],
          "position": [
            -6.945545,
            0.5,
            -1.616478
          ],
          "rotation": [
            0,
            0,
            0,
            1
          ]
        },
        "Mesh": {
          "Box": {
            "size": [
              1,
              1,
              1
            ]
          }
        }
      }
    },
    {
      "id": 8,
      "name": "crate-5",
      "components": {
        "Material": {
          "metallic": 0,
          "roughness": 0.5,
          "emissive": [
            0,
            0,
            0
          ],
          "grid_spacing": 0,
          "color": [
            0.44,
            0.34,
            0.25,
            1
          ]
        },
        "Transform": {
          "scale": [
            1,
            1,
            1
          ],
          "position": [
            15.145346,
            0.5,
            13.686558
          ],
          "rotation": [
            0,
            0,
            0,
            1
          ]
        },
        "Mesh": {
          "Box": {
            "size": [
              1,
              1,
              1
            ]
          }
        }
      }
    },
    {
      "id": 9,
      "name": "crate-6",
      "components": {
        "Material": {
          "metallic": 0,
          "roughness": 0.5,
          "emissive": [
            0,
            0,
            0
          ],
          "grid_spacing": 0,
          "color": [
            0.44,
            0.34,
            0.25,
            1
          ]
        },
        "Transform": {
          "scale": [
            1,
            1,
            1
          ],
          "position": [
            1.7558537,
            0.5,
            -12.80928
          ],
          "rotation": [
            0,
            0,
            0,
            1
          ]
        },
        "Mesh": {
          "Box": {
            "size": [
              1,
              1,
              1
            ]
          }
        }
      }
    },
    {
      "id": 10,
      "name": "beacon-1",
      "components": {
        "Beacon": {
          "lit": true,
          "glow": {
            "duration": 0.5,
            "start_value": 0,
            "target": 1,
            "start_tick": 570
          }
        },
        "Material": {
          "metallic": 0,
          "roughness": 0.5,
          "emissive": [
            0.7,
            2.5,
            3
          ],
          "grid_spacing": 0,
          "color": [
            0.18,
            0.73,
            0.79,
            1
          ]
        },
        "Mesh": {
          "Sphere": {
            "radius": 0.5
          }
        },
        "Transform": {
          "scale": [
            1,
            1,
            1
          ],
          "position": [
            8,
            1,
            0
          ],
          "rotation": [
            0,
            0,
            0,
            1
          ]
        }
      }
    },
    {
      "id": 11,
      "name": "beacon-2",
      "components": {
        "Beacon": {
          "lit": false,
          "glow": {
            "duration": 0,
            "start_value": 0,
            "target": 0,
            "start_tick": 0
          }
        },
        "Material": {
          "metallic": 0,
          "roughness": 0.5,
          "emissive": [
            0,
            0,
            0
          ],
          "grid_spacing": 0,
          "color": [
            0.18,
            0.73,
            0.79,
            1
          ]
        },
        "Mesh": {
          "Sphere": {
            "radius": 0.5
          }
        },
        "Transform": {
          "scale": [
            1,
            1,
            1
          ],
          "position": [
            -6,
            1,
            7
          ],
          "rotation": [
            0,
            0,
            0,
            1
          ]
        }
      }
    },
    {
      "id": 12,
      "name": "beacon-3",
      "components": {
        "Beacon": {
          "lit": false,
          "glow": {
            "duration": 0,
            "start_value": 0,
            "target": 0,
            "start_tick": 0
          }
        },
        "Material": {
          "metallic": 0,
          "roughness": 0.5,
          "emissive": [
            0,
            0,
            0
          ],
          "grid_spacing": 0,
          "color": [
            0.18,
            0.73,
            0.79,
            1
          ]
        },
        "Mesh": {
          "Sphere": {
            "radius": 0.5
          }
        },
        "Transform": {
          "scale": [
            1,
            1,
            1
          ],
          "position": [
            3,
            1,
            -9
          ],
          "rotation": [
            0,
            0,
            0,
            1
          ]
        }
      }
    }
  ],
  "tick": 811
}
PASS entity snapshot is complete
PASS paused two seconds with W held: all entities and tick unchanged
type world {"key":"KeyW","phase":"up"}
{"incarnation":1,"delivery":"recognized","phase":"up","clock":15516.667,"epoch":4,"key":"KeyW","typed":8,"target":"world","carrier":"macos","mode":"agent"}
tree 
epoch 4 · incarnation 1 · clock 15516.667 ms · 6 nodes
View#1
  Canvas#8 [world] [focused] world{world} · 13 entities · tick 811
    Text#9 [hud-beacons] "Beacons 1 / 3"
    Pressable#10 [pause] name="Resume" (press)
      Text#11 "Resume"
    Text#12 "WASD / arrows · Move     Space · Jump     E · Light nearby beacon"
PASS pause button now accessible Resume
tap pause
{"delivery":"platform","clock":15516.667,"incarnation":1,"at":[1209.5,49],"tapped":10,"epoch":5,"target":"pause","carrier":"macos","mode":"agent"}
logs 
t=0 boot: 7 nodes, epoch 1
t=0 press view 6 (play) → epoch 2 (+5 −6 ~1)
t=0 surface world (1 asked again) → epoch 2 (+0 −0 ~0)
t=9600 surface world (1 asked again) → epoch 3 (+0 −0 ~1)
t=13516.667 press view 10 (togglePause) → epoch 4 (+0 −0 ~1)
t=15516.667 press view 10 (togglePause) → epoch 5 (+0 −0 ~1)
world t=0 tick=0 spawn #0
world t=0 tick=0 spawn #1
world t=0 tick=0 spawn #2
world t=0 tick=0 spawn #3
world t=0 tick=0 spawn #4
world t=0 tick=0 spawn #5
world t=0 tick=0 spawn #6
world t=0 tick=0 spawn #7
world t=0 tick=0 spawn #8
world t=0 tick=0 spawn #9
world t=0 tick=0 spawn #10
world t=0 tick=0 spawn #11
world t=0 tick=0 spawn #12
world t=0 tick=0 publish beacons: Number(0.0)
world t=9500 tick=570 beacon lit
world t=9500 tick=570 publish beacons: Number(1.0)
PASS no browser or GPU errors: []
Original sessions closed; restoring into a fresh process.
tap play
{"incarnation":1,"clock":0,"tapped":6,"delivery":"platform","at":[640,453],"epoch":3,"target":"play","carrier":"macos","mode":"agent"}
state 
{
  "epoch": 3,
  "incarnation": 1,
  "clock": 0,
  "slots": {
    "playing": true,
    "seed": 7,
    "paused": false,
    "round": 0
  },
  "derives": {},
  "resources": {
    "hud": {
      "beacons": 1
    }
  },
  "pending": [],
  "store": [],
  "delivery": {
    "stream": "embedded",
    "seq": 0,
    "embeddedSeq": 0,
    "staged": false,
    "sunset": "",
    "interpreted": [],
    "compatibilityId": "2d822b959578587f0093707307e7f1c2",
    "L": "0",
    "E": [
      "native"
    ]
  },
  "logic": {
    "revision": null,
    "rustExecutor": null,
    "ready": true
  },
  "keyboard": {
    "visible": false,
    "policy": "resizes-visual",
    "overlap": 0,
    "interactive": false
  },
  "navigation": {
    "stack": [],
    "transition": {
      "interactive": false,
      "phase": "idle"
    },
    "closedby": null,
    "route": null,
    "presentation": null,
    "url": null
  },
  "world": [
    {
      "args": {
        "seed": 7,
        "paused": false,
        "round": 0
      },
      "restored": true,
      "perf": {
        "pixels": [
          0,
          0
        ],
        "tickMs": {
          "max": 0,
          "mean": 0,
          "count": 0,
          "p50": 0,
          "p95": 0,
          "p99": 0
        },
        "wallClock": true,
        "feedMs": {
          "max": 0,
          "mean": 0,
          "count": 0,
          "p50": 0,
          "p95": 0,
          "p99": 0
        },
        "ticksPerFrame": {
          "max": 0,
          "mean": 0,
          "count": 0,
          "p50": 0,
          "p95": 0,
          "p99": 0
        },
        "draws": 0,
        "instances": 0,
        "encodeMs": {
          "max": 0,
          "mean": 0,
          "count": 0,
          "p50": 0,
          "p95": 0,
          "p99": 0
        },
        "triangles": 0,
        "frameMs": {
          "max": 0,
          "mean": 0,
          "count": 0,
          "p50": 0,
          "p95": 0,
          "p99": 0
        }
      },
      "paused": false,
      "hz": 60,
      "seed": 7,
      "input": {
        "actions": {
          "move": {
            "keys": [],
            "name": "move",
            "stick": [
              {
                "keys": [
                  [
                    "KeyW",
                    "KeyS",
                    "KeyA",
                    "KeyD"
                  ],
                  [
                    "ArrowUp",
                    "ArrowDown",
                    "ArrowLeft",
                    "ArrowRight"
                  ]
                ],
                "touch": []
              }
            ],
            "touch": []
          },
          "light": {
            "keys": [
              "KeyE"
            ],
            "name": "light",
            "stick": [],
            "touch": []
          },
          "jump": {
            "keys": [
              "Space"
            ],
            "name": "jump",
            "stick": [],
            "touch": []
          }
        },
        "forwarded": [
          "KeyW",
          "Space"
        ],
        "held": []
      },
      "audio": {
        "sources": [],
        "voices": []
      },
      "hash": "0x7360b02910f98eb5",
      "tick": 576,
      "name": "world",
      "resources": {},
      "canvas": 8,
      "entities": 13,
      "restoredFrom": {
        "seed": 7,
        "paused": false,
        "round": 0
      },
      "published": {
        "beacons": 1
      },
      "device": false
    }
  ],
  "focus": {
    "editor": null,
    "logical": 8,
    "responder": "NodeView",
    "pending": null
  }
}
PASS fresh process reports restored
state world:*
{
  "entities": [
    {
      "id": 0,
      "name": "ground",
      "components": {
        "Material": {
          "metallic": 0,
          "roughness": 0.5,
          "emissive": [
            0,
            0,
            0
          ],
          "grid_spacing": 0,
          "color": [
            0.12,
            0.22,
            0.24,
            1
          ]
        },
        "Transform": {
          "scale": [
            1,
            1,
            1
          ],
          "position": [
            0,
            0,
            0
          ],
          "rotation": [
            0,
            0,
            0,
            1
          ]
        },
        "Mesh": {
          "Plane": {
            "width": 40,
            "depth": 40
          }
        }
      }
    },
    {
      "id": 1,
      "name": "player",
      "components": {
        "Player": {
          "velocity": [
            0,
            0,
            0
          ]
        },
        "Material": {
          "metallic": 0,
          "roughness": 0.5,
          "emissive": [
            0,
            0,
            0
          ],
          "grid_spacing": 0,
          "color": [
            0.96,
            0.65,
            0.22,
            1
          ]
        },
        "Mesh": {
          "Capsule": {
            "height": 1.8,
            "radius": 0.4
          }
        },
        "Transform": {
          "scale": [
            1,
            1,
            1
          ],
          "position": [
            7.9999957,
            0.9,
            0.0000018797194
          ],
          "rotation": [
            0,
            0,
            0,
            1
          ]
        }
      }
    },
    {
      "id": 2,
      "name": "camera",
      "components": {
        "Transform": {
          "scale": [
            1,
            1,
            1
          ],
          "position": [
            7.9999957,
            12.9,
            17.000002
          ],
          "rotation": [
            -0.30251622,
            0,
            0,
            0.95314425
          ]
        },
        "Camera": {
          "fov_y_degrees": 60,
          "near": 0.1,
          "active": true,
          "far": 1000
        },
        "Follow": {
          "initialized": true,
          "resolved": [
            {
              "index": 1,
              "generation": 0
            }
          ],
          "offset": [
            0,
            12,
            17
          ],
          "look_at_offset": [
            0,
            0,
            0
          ],
          "target": {
            "Entity": [
              {
                "index": 1,
                "generation": 0
              }
            ]
          },
          "lag": 0.15
        }
      }
    },
    {
      "id": 3,
      "name": "sun",
      "components": {
        "DirectionalLight": {
          "color": [
            1,
            1,
            1
          ],
          "illuminance": 10000,
          "shadows": true
        },
        "Transform": {
          "scale": [
            1,
            1,
            1
          ],
          "position": [
            8,
            16,
            10
          ],
          "rotation": [
            -0.4086679,
            0.2983547,
            0.14335296,
            0.8505439
          ]
        }
      }
    },
    {
      "id": 4,
      "name": "crate-1",
      "components": {
        "Material": {
          "metallic": 0,
          "roughness": 0.5,
          "emissive": [
            0,
            0,
            0
          ],
          "grid_spacing": 0,
          "color": [
            0.44,
            0.34,
            0.25,
            1
          ]
        },
        "Transform": {
          "scale": [
            1,
            1,
            1
          ],
          "position": [
            -6.5119476,
            0.5,
            15.302141
          ],
          "rotation": [
            0,
            0,
            0,
            1
          ]
        },
        "Mesh": {
          "Box": {
            "size": [
              1,
              1,
              1
            ]
          }
        }
      }
    },
    {
      "id": 5,
      "name": "crate-2",
      "components": {
        "Material": {
          "metallic": 0,
          "roughness": 0.5,
          "emissive": [
            0,
            0,
            0
          ],
          "grid_spacing": 0,
          "color": [
            0.44,
            0.34,
            0.25,
            1
          ]
        },
        "Transform": {
          "scale": [
            1,
            1,
            1
          ],
          "position": [
            -2.8830242,
            0.5,
            12.395628
          ],
          "rotation": [
            0,
            0,
            0,
            1
          ]
        },
        "Mesh": {
          "Box": {
            "size": [
              1,
              1,
              1
            ]
          }
        }
      }
    },
    {
      "id": 6,
      "name": "crate-3",
      "components": {
        "Material": {
          "metallic": 0,
          "roughness": 0.5,
          "emissive": [
            0,
            0,
            0
          ],
          "grid_spacing": 0,
          "color": [
            0.44,
            0.34,
            0.25,
            1
          ]
        },
        "Transform": {
          "scale": [
            1,
            1,
            1
          ],
          "position": [
            -11.312119,
            0.5,
            1.5342407
          ],
          "rotation": [
            0,
            0,
            0,
            1
          ]
        },
        "Mesh": {
          "Box": {
            "size": [
              1,
              1,
              1
            ]
          }
        }
      }
    },
    {
      "id": 7,
      "name": "crate-4",
      "components": {
        "Material": {
          "metallic": 0,
          "roughness": 0.5,
          "emissive": [
            0,
            0,
            0
          ],
          "grid_spacing": 0,
          "color": [
            0.44,
            0.34,
            0.25,
            1
          ]
        },
        "Transform": {
          "scale": [
            1,
            1,
            1
          ],
          "position": [
            -6.945545,
            0.5,
            -1.616478
          ],
          "rotation": [
            0,
            0,
            0,
            1
          ]
        },
        "Mesh": {
          "Box": {
            "size": [
              1,
              1,
              1
            ]
          }
        }
      }
    },
    {
      "id": 8,
      "name": "crate-5",
      "components": {
        "Material": {
          "metallic": 0,
          "roughness": 0.5,
          "emissive": [
            0,
            0,
            0
          ],
          "grid_spacing": 0,
          "color": [
            0.44,
            0.34,
            0.25,
            1
          ]
        },
        "Transform": {
          "scale": [
            1,
            1,
            1
          ],
          "position": [
            15.145346,
            0.5,
            13.686558
          ],
          "rotation": [
            0,
            0,
            0,
            1
          ]
        },
        "Mesh": {
          "Box": {
            "size": [
              1,
              1,
              1
            ]
          }
        }
      }
    },
    {
      "id": 9,
      "name": "crate-6",
      "components": {
        "Material": {
          "metallic": 0,
          "roughness": 0.5,
          "emissive": [
            0,
            0,
            0
          ],
          "grid_spacing": 0,
          "color": [
            0.44,
            0.34,
            0.25,
            1
          ]
        },
        "Transform": {
          "scale": [
            1,
            1,
            1
          ],
          "position": [
            1.7558537,
            0.5,
            -12.80928
          ],
          "rotation": [
            0,
            0,
            0,
            1
          ]
        },
        "Mesh": {
          "Box": {
            "size": [
              1,
              1,
              1
            ]
          }
        }
      }
    },
    {
      "id": 10,
      "name": "beacon-1",
      "components": {
        "Beacon": {
          "lit": true,
          "glow": {
            "duration": 0.5,
            "start_value": 0,
            "target": 1,
            "start_tick": 570
          }
        },
        "Material": {
          "metallic": 0,
          "roughness": 0.5,
          "emissive": [
            0.05185185,
            0.1851852,
            0.22222222
          ],
          "grid_spacing": 0,
          "color": [
            0.18,
            0.73,
            0.79,
            1
          ]
        },
        "Mesh": {
          "Sphere": {
            "radius": 0.5
          }
        },
        "Transform": {
          "scale": [
            1,
            1,
            1
          ],
          "position": [
            8,
            1,
            0
          ],
          "rotation": [
            0,
            0,
            0,
            1
          ]
        }
      }
    },
    {
      "id": 11,
      "name": "beacon-2",
      "components": {
        "Beacon": {
          "lit": false,
          "glow": {
            "duration": 0,
            "start_value": 0,
            "target": 0,
            "start_tick": 0
          }
        },
        "Material": {
          "metallic": 0,
          "roughness": 0.5,
          "emissive": [
            0,
            0,
            0
          ],
          "grid_spacing": 0,
          "color": [
            0.18,
            0.73,
            0.79,
            1
          ]
        },
        "Mesh": {
          "Sphere": {
            "radius": 0.5
          }
        },
        "Transform": {
          "scale": [
            1,
            1,
            1
          ],
          "position": [
            -6,
            1,
            7
          ],
          "rotation": [
            0,
            0,
            0,
            1
          ]
        }
      }
    },
    {
      "id": 12,
      "name": "beacon-3",
      "components": {
        "Beacon": {
          "lit": false,
          "glow": {
            "duration": 0,
            "start_value": 0,
            "target": 0,
            "start_tick": 0
          }
        },
        "Material": {
          "metallic": 0,
          "roughness": 0.5,
          "emissive": [
            0,
            0,
            0
          ],
          "grid_spacing": 0,
          "color": [
            0.18,
            0.73,
            0.79,
            1
          ]
        },
        "Mesh": {
          "Sphere": {
            "radius": 0.5
          }
        },
        "Transform": {
          "scale": [
            1,
            1,
            1
          ],
          "position": [
            3,
            1,
            -9
          ],
          "rotation": [
            0,
            0,
            0,
            1
          ]
        }
      }
    }
  ],
  "epoch": 3,
  "tick": 576,
  "clock": 0,
  "hash": "0x7360b02910f98eb5",
  "incarnation": 1,
  "truncated": false
}
PASS entity snapshot is complete
PASS restored checkpoint has every saved entity
clock +900
{"incarnation":1,"clock":900,"world":[{"quiescent":false,"canvas":8,"hash":"0x5c9c309d3b8ede36","tick":630}],"epoch":3}
type world {"key":"KeyW","phase":"up"}
{"typed":8,"incarnation":1,"epoch":3,"key":"KeyW","delivery":"recognized","phase":"up","clock":900,"target":"world","carrier":"macos","mode":"agent"}
type world {"key":"Space","phase":"up"}
{"epoch":3,"typed":8,"clock":900,"key":"Space","phase":"up","incarnation":1,"delivery":"recognized","target":"world","carrier":"macos","mode":"agent"}
state world:beacon-1
{
  "incarnation": 1,
  "entity": {
    "id": 10,
    "name": "beacon-1",
    "components": {
      "Beacon": {
        "lit": true,
        "glow": {
          "duration": 0.5,
          "start_value": 0,
          "target": 1,
          "start_tick": 570
        }
      },
      "Material": {
        "metallic": 0,
        "roughness": 0.5,
        "emissive": [
          0.7,
          2.5,
          3
        ],
        "grid_spacing": 0,
        "color": [
          0.18,
          0.73,
          0.79,
          1
        ]
      },
      "Mesh": {
        "Sphere": {
          "radius": 0.5
        }
      },
      "Transform": {
        "scale": [
          1,
          1,
          1
        ],
        "position": [
          8,
          1,
          0
        ],
        "rotation": [
          0,
          0,
          0,
          1
        ]
      }
    }
  },
  "clock": 900,
  "tick": 630,
  "epoch": 3
}
PASS glow fully up at one second after E
clock settle
{"incarnation":1,"clock":3916.667,"settled":true,"world":[{"quiescent":true,"canvas":8,"hash":"0x95d2927a8997c0d9","tick":811}],"epoch":3}
PASS continuation settles
state world:*
{
  "hash": "0x95d2927a8997c0d9",
  "clock": 3916.667,
  "incarnation": 1,
  "tick": 811,
  "epoch": 3,
  "entities": [
    {
      "id": 0,
      "name": "ground",
      "components": {
        "Material": {
          "metallic": 0,
          "roughness": 0.5,
          "emissive": [
            0,
            0,
            0
          ],
          "grid_spacing": 0,
          "color": [
            0.12,
            0.22,
            0.24,
            1
          ]
        },
        "Transform": {
          "scale": [
            1,
            1,
            1
          ],
          "position": [
            0,
            0,
            0
          ],
          "rotation": [
            0,
            0,
            0,
            1
          ]
        },
        "Mesh": {
          "Plane": {
            "width": 40,
            "depth": 40
          }
        }
      }
    },
    {
      "id": 1,
      "name": "player",
      "components": {
        "Player": {
          "velocity": [
            0,
            0,
            0
          ]
        },
        "Material": {
          "metallic": 0,
          "roughness": 0.5,
          "emissive": [
            0,
            0,
            0
          ],
          "grid_spacing": 0,
          "color": [
            0.96,
            0.65,
            0.22,
            1
          ]
        },
        "Mesh": {
          "Capsule": {
            "height": 1.8,
            "radius": 0.4
          }
        },
        "Transform": {
          "scale": [
            1,
            1,
            1
          ],
          "position": [
            7.9999957,
            0.9,
            -3.3333316
          ],
          "rotation": [
            0,
            0,
            0,
            1
          ]
        }
      }
    },
    {
      "id": 2,
      "name": "camera",
      "components": {
        "Transform": {
          "scale": [
            1,
            1,
            1
          ],
          "position": [
            7.9999957,
            12.9,
            13.666668
          ],
          "rotation": [
            -0.30251622,
            0,
            0,
            0.95314425
          ]
        },
        "Camera": {
          "fov_y_degrees": 60,
          "near": 0.1,
          "active": true,
          "far": 1000
        },
        "Follow": {
          "initialized": true,
          "resolved": [
            {
              "index": 1,
              "generation": 0
            }
          ],
          "offset": [
            0,
            12,
            17
          ],
          "look_at_offset": [
            0,
            0,
            0
          ],
          "target": {
            "Entity": [
              {
                "index": 1,
                "generation": 0
              }
            ]
          },
          "lag": 0.15
        }
      }
    },
    {
      "id": 3,
      "name": "sun",
      "components": {
        "DirectionalLight": {
          "color": [
            1,
            1,
            1
          ],
          "illuminance": 10000,
          "shadows": true
        },
        "Transform": {
          "scale": [
            1,
            1,
            1
          ],
          "position": [
            8,
            16,
            10
          ],
          "rotation": [
            -0.4086679,
            0.2983547,
            0.14335296,
            0.8505439
          ]
        }
      }
    },
    {
      "id": 4,
      "name": "crate-1",
      "components": {
        "Material": {
          "metallic": 0,
          "roughness": 0.5,
          "emissive": [
            0,
            0,
            0
          ],
          "grid_spacing": 0,
          "color": [
            0.44,
            0.34,
            0.25,
            1
          ]
        },
        "Transform": {
          "scale": [
            1,
            1,
            1
          ],
          "position": [
            -6.5119476,
            0.5,
            15.302141
          ],
          "rotation": [
            0,
            0,
            0,
            1
          ]
        },
        "Mesh": {
          "Box": {
            "size": [
              1,
              1,
              1
            ]
          }
        }
      }
    },
    {
      "id": 5,
      "name": "crate-2",
      "components": {
        "Material": {
          "metallic": 0,
          "roughness": 0.5,
          "emissive": [
            0,
            0,
            0
          ],
          "grid_spacing": 0,
          "color": [
            0.44,
            0.34,
            0.25,
            1
          ]
        },
        "Transform": {
          "scale": [
            1,
            1,
            1
          ],
          "position": [
            -2.8830242,
            0.5,
            12.395628
          ],
          "rotation": [
            0,
            0,
            0,
            1
          ]
        },
        "Mesh": {
          "Box": {
            "size": [
              1,
              1,
              1
            ]
          }
        }
      }
    },
    {
      "id": 6,
      "name": "crate-3",
      "components": {
        "Material": {
          "metallic": 0,
          "roughness": 0.5,
          "emissive": [
            0,
            0,
            0
          ],
          "grid_spacing": 0,
          "color": [
            0.44,
            0.34,
            0.25,
            1
          ]
        },
        "Transform": {
          "scale": [
            1,
            1,
            1
          ],
          "position": [
            -11.312119,
            0.5,
            1.5342407
          ],
          "rotation": [
            0,
            0,
            0,
            1
          ]
        },
        "Mesh": {
          "Box": {
            "size": [
              1,
              1,
              1
            ]
          }
        }
      }
    },
    {
      "id": 7,
      "name": "crate-4",
      "components": {
        "Material": {
          "metallic": 0,
          "roughness": 0.5,
          "emissive": [
            0,
            0,
            0
          ],
          "grid_spacing": 0,
          "color": [
            0.44,
            0.34,
            0.25,
            1
          ]
        },
        "Transform": {
          "scale": [
            1,
            1,
            1
          ],
          "position": [
            -6.945545,
            0.5,
            -1.616478
          ],
          "rotation": [
            0,
            0,
            0,
            1
          ]
        },
        "Mesh": {
          "Box": {
            "size": [
              1,
              1,
              1
            ]
          }
        }
      }
    },
    {
      "id": 8,
      "name": "crate-5",
      "components": {
        "Material": {
          "metallic": 0,
          "roughness": 0.5,
          "emissive": [
            0,
            0,
            0
          ],
          "grid_spacing": 0,
          "color": [
            0.44,
            0.34,
            0.25,
            1
          ]
        },
        "Transform": {
          "scale": [
            1,
            1,
            1
          ],
          "position": [
            15.145346,
            0.5,
            13.686558
          ],
          "rotation": [
            0,
            0,
            0,
            1
          ]
        },
        "Mesh": {
          "Box": {
            "size": [
              1,
              1,
              1
            ]
          }
        }
      }
    },
    {
      "id": 9,
      "name": "crate-6",
      "components": {
        "Material": {
          "metallic": 0,
          "roughness": 0.5,
          "emissive": [
            0,
            0,
            0
          ],
          "grid_spacing": 0,
          "color": [
            0.44,
            0.34,
            0.25,
            1
          ]
        },
        "Transform": {
          "scale": [
            1,
            1,
            1
          ],
          "position": [
            1.7558537,
            0.5,
            -12.80928
          ],
          "rotation": [
            0,
            0,
            0,
            1
          ]
        },
        "Mesh": {
          "Box": {
            "size": [
              1,
              1,
              1
            ]
          }
        }
      }
    },
    {
      "id": 10,
      "name": "beacon-1",
      "components": {
        "Beacon": {
          "lit": true,
          "glow": {
            "duration": 0.5,
            "start_value": 0,
            "target": 1,
            "start_tick": 570
          }
        },
        "Material": {
          "metallic": 0,
          "roughness": 0.5,
          "emissive": [
            0.7,
            2.5,
            3
          ],
          "grid_spacing": 0,
          "color": [
            0.18,
            0.73,
            0.79,
            1
          ]
        },
        "Mesh": {
          "Sphere": {
            "radius": 0.5
          }
        },
        "Transform": {
          "scale": [
            1,
            1,
            1
          ],
          "position": [
            8,
            1,
            0
          ],
          "rotation": [
            0,
            0,
            0,
            1
          ]
        }
      }
    },
    {
      "id": 11,
      "name": "beacon-2",
      "components": {
        "Beacon": {
          "lit": false,
          "glow": {
            "duration": 0,
            "start_value": 0,
            "target": 0,
            "start_tick": 0
          }
        },
        "Material": {
          "metallic": 0,
          "roughness": 0.5,
          "emissive": [
            0,
            0,
            0
          ],
          "grid_spacing": 0,
          "color": [
            0.18,
            0.73,
            0.79,
            1
          ]
        },
        "Mesh": {
          "Sphere": {
            "radius": 0.5
          }
        },
        "Transform": {
          "scale": [
            1,
            1,
            1
          ],
          "position": [
            -6,
            1,
            7
          ],
          "rotation": [
            0,
            0,
            0,
            1
          ]
        }
      }
    },
    {
      "id": 12,
      "name": "beacon-3",
      "components": {
        "Beacon": {
          "lit": false,
          "glow": {
            "duration": 0,
            "start_value": 0,
            "target": 0,
            "start_tick": 0
          }
        },
        "Material": {
          "metallic": 0,
          "roughness": 0.5,
          "emissive": [
            0,
            0,
            0
          ],
          "grid_spacing": 0,
          "color": [
            0.18,
            0.73,
            0.79,
            1
          ]
        },
        "Mesh": {
          "Sphere": {
            "radius": 0.5
          }
        },
        "Transform": {
          "scale": [
            1,
            1,
            1
          ],
          "position": [
            3,
            1,
            -9
          ],
          "rotation": [
            0,
            0,
            0,
            1
          ]
        }
      }
    }
  ],
  "truncated": false
}
PASS entity snapshot is complete
PASS restored continuation matches original
screenshot /Users/ccheever/projects/exact2-wt-game/game/games/beacons/artifacts/restored.world world save
{"tick":811,"incarnation":1,"epoch":3,"clock":3916.667,"bytes":4457,"hash":"0x95d2927a8997c0d9","screenshot":"/Users/ccheever/projects/exact2-wt-game/game/games/beacons/artifacts/restored.world"}
PASS complete continuation save is byte-identical
PASS all recorded children exited: []
PROOF PASS beacons macos: 0 failures; 113.209 s
