BUILD cached beacons linux
tree 
epoch 1 · incarnation 1 · clock 0 ms · 7 nodes
View#1
  View#2
    Text#3 "BEACONS"
    Text#4 "Find three lights. Bring the clearing to life."
    Text#5 "WASD or arrows to move · Space to jump · E to light"
    Pressable#6 [play] [focused] name="Play" (press)
      Text#7 "Play"
PASS title has focused accessible Play
PASS world waits for Play
tap play
{"tapped":6,"at":[640,452.5],"epoch":2,"incarnation":1,"clock":0,"target":"play","delivery":"platform","carrier":"linux","mode":"agent"}
type world {"key":"KeyW","for":1500}
type world {"key":"KeyW","phase":"down"}
{"typed":8,"delivery":"recognized","epoch":2,"incarnation":1,"clock":0,"target":"world","carrier":"linux","mode":"agent"}
clock +1500
{"clock":1500,"world":[{"canvas":8,"changing":["player.Transform","camera.Transform"],"hash":"0xfe8d70a16822564c","quiescent":false,"settleAt":1600,"tick":90}],"epoch":2,"incarnation":1}
type world {"key":"KeyW","phase":"up"}
{"typed":8,"delivery":"recognized","epoch":2,"incarnation":1,"clock":1500,"target":"world","carrier":"linux","mode":"agent"}
state world:player
{
  "entity": {
    "components": {
      "Material": {
        "color": [
          0.96,
          0.65,
          0.22,
          1
        ],
        "emissive": [
          0,
          0,
          0
        ],
        "grid_spacing": 0,
        "metallic": 0,
        "roughness": 0.5
      },
      "Mesh": {
        "Capsule": {
          "height": 1.8,
          "radius": 0.4
        }
      },
      "Player": {
        "velocity": [
          0,
          0,
          -4
        ]
      },
      "Transform": {
        "position": [
          0,
          0.9,
          -5.3666644
        ],
        "rotation": [
          0,
          0,
          0,
          1
        ],
        "scale": [
          1,
          1,
          1
        ]
      }
    },
    "id": 1,
    "name": "player"
  },
  "tick": 90,
  "epoch": 2,
  "incarnation": 1,
  "clock": 1500
}
PASS W exactly 1.5 s: [0, 0.9, -5.3666644] within 1 mm: [0,0.9,-5.3666644]
state 
{
  "clock": 1500,
  "delivery": {
    "E": [
      "native"
    ],
    "L": "0",
    "compatibilityId": "f4691ab5709d350c18facbb9ff95e76f",
    "embeddedSeq": 0,
    "interpreted": [],
    "seq": 0,
    "staged": false,
    "stream": "embedded",
    "sunset": ""
  },
  "derives": {},
  "epoch": 2,
  "focus": {
    "logical": null
  },
  "incarnation": 1,
  "keyboard": {
    "unavailable": true
  },
  "logic": {
    "ready": true,
    "revision": null,
    "rustExecutor": null
  },
  "navigation": {
    "unavailable": true
  },
  "pending": [],
  "resources": {
    "hud": {
      "beacons": 0
    }
  },
  "slots": {
    "paused": false,
    "playing": true,
    "round": 0,
    "seed": 7
  },
  "store": [],
  "world": [
    {
      "args": {
        "paused": false,
        "round": 0,
        "seed": 7
      },
      "audio": {
        "sources": [],
        "voices": []
      },
      "canvas": 8,
      "device": false,
      "entities": 13,
      "hash": "0xfe8d70a16822564c",
      "hz": 60,
      "input": {
        "actions": {
          "jump": {
            "keys": [
              "Space"
            ],
            "name": "jump",
            "stick": [],
            "touch": []
          },
          "light": {
            "keys": [
              "KeyE"
            ],
            "name": "light",
            "stick": [],
            "touch": []
          },
          "move": {
            "keys": [],
            "name": "move",
            "stick": [
              {
                "keys": [
                  [
                    "KeyW",
                    "KeyS",
                    "KeyA",
                    "KeyD"
                  ],
                  [
                    "ArrowUp",
                    "ArrowDown",
                    "ArrowLeft",
                    "ArrowRight"
                  ]
                ],
                "touch": []
              }
            ],
            "touch": []
          }
        },
        "forwarded": [],
        "held": [
          "KeyW"
        ]
      },
      "name": "world",
      "paused": false,
      "perf": {
        "draws": 0,
        "encodeMs": {
          "count": 0,
          "max": 0,
          "mean": 0,
          "p50": 0,
          "p95": 0,
          "p99": 0
        },
        "feedMs": {
          "count": 0,
          "max": 0,
          "mean": 0,
          "p50": 0,
          "p95": 0,
          "p99": 0
        },
        "frameMs": {
          "count": 0,
          "max": 0,
          "mean": 0,
          "p50": 0,
          "p95": 0,
          "p99": 0
        },
        "instances": 0,
        "pixels": [
          0,
          0
        ],
        "tickMs": {
          "count": 0,
          "max": 0,
          "mean": 0,
          "p50": 0,
          "p95": 0,
          "p99": 0
        },
        "ticksPerFrame": {
          "count": 0,
          "max": 0,
          "mean": 0,
          "p50": 0,
          "p95": 0,
          "p99": 0
        },
        "triangles": 0,
        "wallClock": true
      },
      "published": {
        "beacons": 0
      },
      "resources": {},
      "restored": false,
      "seed": 7,
      "tick": 90
    }
  ]
}
PASS exactly 90 ticks
state world:*
{
  "entities": [
    {
      "components": {
        "Material": {
          "color": [
            0.12,
            0.22,
            0.24,
            1
          ],
          "emissive": [
            0,
            0,
            0
          ],
          "grid_spacing": 0,
          "metallic": 0,
          "roughness": 0.5
        },
        "Mesh": {
          "Plane": {
            "depth": 40,
            "width": 40
          }
        },
        "Transform": {
          "position": [
            0,
            0,
            0
          ],
          "rotation": [
            0,
            0,
            0,
            1
          ],
          "scale": [
            1,
            1,
            1
          ]
        }
      },
      "id": 0,
      "name": "ground"
    },
    {
      "components": {
        "Material": {
          "color": [
            0.96,
            0.65,
            0.22,
            1
          ],
          "emissive": [
            0,
            0,
            0
          ],
          "grid_spacing": 0,
          "metallic": 0,
          "roughness": 0.5
        },
        "Mesh": {
          "Capsule": {
            "height": 1.8,
            "radius": 0.4
          }
        },
        "Player": {
          "velocity": [
            0,
            0,
            -4
          ]
        },
        "Transform": {
          "position": [
            0,
            0.9,
            -5.3666644
          ],
          "rotation": [
            0,
            0,
            0,
            1
          ],
          "scale": [
            1,
            1,
            1
          ]
        }
      },
      "id": 1,
      "name": "player"
    },
    {
      "components": {
        "Camera": {
          "active": true,
          "far": 1000,
          "fov_y_degrees": 60,
          "near": 0.1
        },
        "Follow": {
          "initialized": true,
          "lag": 0.15,
          "look_at_offset": [
            0,
            0,
            0
          ],
          "offset": [
            0,
            12,
            17
          ],
          "resolved": [
            {
              "generation": 0,
              "index": 1
            }
          ],
          "target": {
            "Entity": [
              {
                "generation": 0,
                "index": 1
              }
            ]
          }
        },
        "Transform": {
          "position": [
            0,
            12.9,
            12.200529
          ],
          "rotation": [
            -0.30251622,
            0,
            0,
            0.95314425
          ],
          "scale": [
            1,
            1,
            1
          ]
        }
      },
      "id": 2,
      "name": "camera"
    },
    {
      "components": {
        "DirectionalLight": {
          "color": [
            1,
            1,
            1
          ],
          "illuminance": 10000,
          "shadows": true
        },
        "Transform": {
          "position": [
            8,
            16,
            10
          ],
          "rotation": [
            -0.4086679,
            0.2983547,
            0.14335296,
            0.8505439
          ],
          "scale": [
            1,
            1,
            1
          ]
        }
      },
      "id": 3,
      "name": "sun"
    },
    {
      "components": {
        "Material": {
          "color": [
            0.44,
            0.34,
            0.25,
            1
          ],
          "emissive": [
            0,
            0,
            0
          ],
          "grid_spacing": 0,
          "metallic": 0,
          "roughness": 0.5
        },
        "Mesh": {
          "Box": {
            "size": [
              1,
              1,
              1
            ]
          }
        },
        "Transform": {
          "position": [
            -6.5119476,
            0.5,
            15.302141
          ],
          "rotation": [
            0,
            0,
            0,
            1
          ],
          "scale": [
            1,
            1,
            1
          ]
        }
      },
      "id": 4,
      "name": "crate-1"
    },
    {
      "components": {
        "Material": {
          "color": [
            0.44,
            0.34,
            0.25,
            1
          ],
          "emissive": [
            0,
            0,
            0
          ],
          "grid_spacing": 0,
          "metallic": 0,
          "roughness": 0.5
        },
        "Mesh": {
          "Box": {
            "size": [
              1,
              1,
              1
            ]
          }
        },
        "Transform": {
          "position": [
            -2.8830242,
            0.5,
            12.395628
          ],
          "rotation": [
            0,
            0,
            0,
            1
          ],
          "scale": [
            1,
            1,
            1
          ]
        }
      },
      "id": 5,
      "name": "crate-2"
    },
    {
      "components": {
        "Material": {
          "color": [
            0.44,
            0.34,
            0.25,
            1
          ],
          "emissive": [
            0,
            0,
            0
          ],
          "grid_spacing": 0,
          "metallic": 0,
          "roughness": 0.5
        },
        "Mesh": {
          "Box": {
            "size": [
              1,
              1,
              1
            ]
          }
        },
        "Transform": {
          "position": [
            -11.312119,
            0.5,
            1.5342407
          ],
          "rotation": [
            0,
            0,
            0,
            1
          ],
          "scale": [
            1,
            1,
            1
          ]
        }
      },
      "id": 6,
      "name": "crate-3"
    },
    {
      "components": {
        "Material": {
          "color": [
            0.44,
            0.34,
            0.25,
            1
          ],
          "emissive": [
            0,
            0,
            0
          ],
          "grid_spacing": 0,
          "metallic": 0,
          "roughness": 0.5
        },
        "Mesh": {
          "Box": {
            "size": [
              1,
              1,
              1
            ]
          }
        },
        "Transform": {
          "position": [
            -6.945545,
            0.5,
            -1.616478
          ],
          "rotation": [
            0,
            0,
            0,
            1
          ],
          "scale": [
            1,
            1,
            1
          ]
        }
      },
      "id": 7,
      "name": "crate-4"
    },
    {
      "components": {
        "Material": {
          "color": [
            0.44,
            0.34,
            0.25,
            1
          ],
          "emissive": [
            0,
            0,
            0
          ],
          "grid_spacing": 0,
          "metallic": 0,
          "roughness": 0.5
        },
        "Mesh": {
          "Box": {
            "size": [
              1,
              1,
              1
            ]
          }
        },
        "Transform": {
          "position": [
            15.145346,
            0.5,
            13.686558
          ],
          "rotation": [
            0,
            0,
            0,
            1
          ],
          "scale": [
            1,
            1,
            1
          ]
        }
      },
      "id": 8,
      "name": "crate-5"
    },
    {
      "components": {
        "Material": {
          "color": [
            0.44,
            0.34,
            0.25,
            1
          ],
          "emissive": [
            0,
            0,
            0
          ],
          "grid_spacing": 0,
          "metallic": 0,
          "roughness": 0.5
        },
        "Mesh": {
          "Box": {
            "size": [
              1,
              1,
              1
            ]
          }
        },
        "Transform": {
          "position": [
            1.7558537,
            0.5,
            -12.80928
          ],
          "rotation": [
            0,
            0,
            0,
            1
          ],
          "scale": [
            1,
            1,
            1
          ]
        }
      },
      "id": 9,
      "name": "crate-6"
    },
    {
      "components": {
        "Beacon": {
          "glow": {
            "duration": 0,
            "start_tick": 0,
            "start_value": 0,
            "target": 0
          },
          "lit": false
        },
        "Material": {
          "color": [
            0.18,
            0.73,
            0.79,
            1
          ],
          "emissive": [
            0,
            0,
            0
          ],
          "grid_spacing": 0,
          "metallic": 0,
          "roughness": 0.5
        },
        "Mesh": {
          "Sphere": {
            "radius": 0.5
          }
        },
        "Transform": {
          "position": [
            8,
            1,
            0
          ],
          "rotation": [
            0,
            0,
            0,
            1
          ],
          "scale": [
            1,
            1,
            1
          ]
        }
      },
      "id": 10,
      "name": "beacon-1"
    },
    {
      "components": {
        "Beacon": {
          "glow": {
            "duration": 0,
            "start_tick": 0,
            "start_value": 0,
            "target": 0
          },
          "lit": false
        },
        "Material": {
          "color": [
            0.18,
            0.73,
            0.79,
            1
          ],
          "emissive": [
            0,
            0,
            0
          ],
          "grid_spacing": 0,
          "metallic": 0,
          "roughness": 0.5
        },
        "Mesh": {
          "Sphere": {
            "radius": 0.5
          }
        },
        "Transform": {
          "position": [
            -6,
            1,
            7
          ],
          "rotation": [
            0,
            0,
            0,
            1
          ],
          "scale": [
            1,
            1,
            1
          ]
        }
      },
      "id": 11,
      "name": "beacon-2"
    },
    {
      "components": {
        "Beacon": {
          "glow": {
            "duration": 0,
            "start_tick": 0,
            "start_value": 0,
            "target": 0
          },
          "lit": false
        },
        "Material": {
          "color": [
            0.18,
            0.73,
            0.79,
            1
          ],
          "emissive": [
            0,
            0,
            0
          ],
          "grid_spacing": 0,
          "metallic": 0,
          "roughness": 0.5
        },
        "Mesh": {
          "Sphere": {
            "radius": 0.5
          }
        },
        "Transform": {
          "position": [
            3,
            1,
            -9
          ],
          "rotation": [
            0,
            0,
            0,
            1
          ],
          "scale": [
            1,
            1,
            1
          ]
        }
      },
      "id": 12,
      "name": "beacon-3"
    }
  ],
  "hash": "0xfe8d70a16822564c",
  "tick": 90,
  "truncated": false,
  "epoch": 2,
  "incarnation": 1,
  "clock": 1500
}
PASS entity snapshot is complete
type world {"key":"KeyE"}
{"typed":8,"delivery":"recognized","epoch":2,"incarnation":1,"clock":1500,"target":"world","carrier":"linux","mode":"agent"}
clock +100
{"clock":1600,"world":[{"canvas":8,"changing":["player.Player","player.Transform","camera.Transform"],"hash":"0xf4b9fa1968f79332","quiescent":false,"settleAt":1700,"tick":96}],"epoch":2,"incarnation":1}
tree 
epoch 2 · incarnation 1 · clock 1600 ms · 6 nodes
View#1
  Canvas#8 [world] world{world} · 13 entities · tick 96
    Text#9 [hud-beacons] "Beacons 0 / 3"
    Pressable#10 [pause] name="Pause" (press)
      Text#11 "Pause"
    Text#12 "WASD / arrows · Move     Space · Jump     E · Light nearby beacon"
PASS E outside range lights nothing
clock settle
{"clock":3100,"settled":true,"world":[{"canvas":8,"changing":[],"hash":"0x86afdb9dccf6877b","quiescent":true,"tick":186}],"epoch":2,"incarnation":1}
PASS brakes and camera settle
state world:player
{
  "entity": {
    "components": {
      "Material": {
        "color": [
          0.96,
          0.65,
          0.22,
          1
        ],
        "emissive": [
          0,
          0,
          0
        ],
        "grid_spacing": 0,
        "metallic": 0,
        "roughness": 0.5
      },
      "Mesh": {
        "Capsule": {
          "height": 1.8,
          "radius": 0.4
        }
      },
      "Player": {
        "velocity": [
          0,
          0,
          0
        ]
      },
      "Transform": {
        "position": [
          0,
          0.9,
          -5.733331
        ],
        "rotation": [
          0,
          0,
          0,
          1
        ],
        "scale": [
          1,
          1,
          1
        ]
      }
    },
    "id": 1,
    "name": "player"
  },
  "tick": 186,
  "epoch": 2,
  "incarnation": 1,
  "clock": 3100
}
type world {"key":"KeyD","for":2066.666666666667}
type world {"key":"KeyD","phase":"down"}
{"typed":8,"delivery":"recognized","epoch":2,"incarnation":1,"clock":3100,"target":"world","carrier":"linux","mode":"agent"}
clock +2066.666666666667
{"clock":5166.666666666667,"world":[{"canvas":8,"changing":["player.Transform","camera.Transform"],"hash":"0x11e85a8c294aa8b2","quiescent":false,"settleAt":5266.667,"tick":310}],"epoch":2,"incarnation":1}
type world {"key":"KeyD","phase":"up"}
{"typed":8,"delivery":"recognized","epoch":2,"incarnation":1,"clock":5166.666666666667,"target":"world","carrier":"linux","mode":"agent"}
clock settle
{"clock":6583.334,"settled":true,"world":[{"canvas":8,"changing":[],"hash":"0x3d20cf9bd0d968ed","quiescent":true,"tick":395}],"epoch":2,"incarnation":1}
PASS walk comes to rest
state world:player
{
  "entity": {
    "components": {
      "Material": {
        "color": [
          0.96,
          0.65,
          0.22,
          1
        ],
        "emissive": [
          0,
          0,
          0
        ],
        "grid_spacing": 0,
        "metallic": 0,
        "roughness": 0.5
      },
      "Mesh": {
        "Capsule": {
          "height": 1.8,
          "radius": 0.4
        }
      },
      "Player": {
        "velocity": [
          0,
          0,
          0
        ]
      },
      "Transform": {
        "position": [
          7.9999957,
          0.9,
          -5.733331
        ],
        "rotation": [
          0,
          0,
          0,
          1
        ],
        "scale": [
          1,
          1,
          1
        ]
      }
    },
    "id": 1,
    "name": "player"
  },
  "tick": 395,
  "epoch": 2,
  "incarnation": 1,
  "clock": 6583.334
}
type world {"key":"KeyS","for":1500}
type world {"key":"KeyS","phase":"down"}
{"typed":8,"delivery":"recognized","epoch":2,"incarnation":1,"clock":6583.334,"target":"world","carrier":"linux","mode":"agent"}
clock +1500
{"clock":8083.334,"world":[{"canvas":8,"changing":["player.Transform","camera.Transform"],"hash":"0x0c5f33adf7747356","quiescent":false,"settleAt":8183.334,"tick":485}],"epoch":2,"incarnation":1}
type world {"key":"KeyS","phase":"up"}
{"typed":8,"delivery":"recognized","epoch":2,"incarnation":1,"clock":8083.334,"target":"world","carrier":"linux","mode":"agent"}
clock settle
{"clock":9500,"settled":true,"world":[{"canvas":8,"changing":[],"hash":"0xd38313dce1f3b51f","quiescent":true,"tick":570}],"epoch":2,"incarnation":1}
PASS walk comes to rest
state world:player
{
  "entity": {
    "components": {
      "Material": {
        "color": [
          0.96,
          0.65,
          0.22,
          1
        ],
        "emissive": [
          0,
          0,
          0
        ],
        "grid_spacing": 0,
        "metallic": 0,
        "roughness": 0.5
      },
      "Mesh": {
        "Capsule": {
          "height": 1.8,
          "radius": 0.4
        }
      },
      "Player": {
        "velocity": [
          0,
          0,
          0
        ]
      },
      "Transform": {
        "position": [
          7.9999957,
          0.9,
          0.0000018797194
        ],
        "rotation": [
          0,
          0,
          0,
          1
        ],
        "scale": [
          1,
          1,
          1
        ]
      }
    },
    "id": 1,
    "name": "player"
  },
  "tick": 570,
  "epoch": 2,
  "incarnation": 1,
  "clock": 9500
}
PASS walk reaches (8, 0): [7.9999957,0.9,0.0000018797194]
type world {"key":"KeyE"}
{"typed":8,"delivery":"recognized","epoch":2,"incarnation":1,"clock":9500,"target":"world","carrier":"linux","mode":"agent"}
clock +100
{"clock":9600,"world":[{"canvas":8,"changing":["beacon-1.Material","beacon-1.Beacon"],"hash":"0x7360b02910f98eb5","quiescent":false,"settleAt":10000,"tick":576}],"epoch":3,"incarnation":1}
state world:beacon-1
{
  "entity": {
    "components": {
      "Beacon": {
        "glow": {
          "duration": 0.5,
          "start_tick": 570,
          "start_value": 0,
          "target": 1
        },
        "lit": true
      },
      "Material": {
        "color": [
          0.18,
          0.73,
          0.79,
          1
        ],
        "emissive": [
          0.05185185,
          0.1851852,
          0.22222222
        ],
        "grid_spacing": 0,
        "metallic": 0,
        "roughness": 0.5
      },
      "Mesh": {
        "Sphere": {
          "radius": 0.5
        }
      },
      "Transform": {
        "position": [
          8,
          1,
          0
        ],
        "rotation": [
          0,
          0,
          0,
          1
        ],
        "scale": [
          1,
          1,
          1
        ]
      }
    },
    "id": 10,
    "name": "beacon-1"
  },
  "tick": 576,
  "epoch": 3,
  "incarnation": 1,
  "clock": 9600
}
PASS first beacon lit
PASS glow partway up after 0.1 s: [0.05185185,0.1851852,0.22222222]
tree 
epoch 3 · incarnation 1 · clock 9600 ms · 6 nodes
View#1
  Canvas#8 [world] world{world} · 13 entities · tick 576
    Text#9 [hud-beacons] "Beacons 1 / 3"
    Pressable#10 [pause] name="Pause" (press)
      Text#11 "Pause"
    Text#12 "WASD / arrows · Move     Space · Jump     E · Light nearby beacon"
PASS HUD reads Beacons 1 / 3, polite live region
type world {"key":"KeyW","phase":"down"}
{"typed":8,"delivery":"recognized","epoch":3,"incarnation":1,"clock":9600,"target":"world","carrier":"linux","mode":"agent"}
type world {"key":"Space","phase":"down"}
{"typed":8,"delivery":"recognized","epoch":3,"incarnation":1,"clock":9600,"target":"world","carrier":"linux","mode":"agent"}
state world:*
{
  "entities": [
    {
      "components": {
        "Material": {
          "color": [
            0.12,
            0.22,
            0.24,
            1
          ],
          "emissive": [
            0,
            0,
            0
          ],
          "grid_spacing": 0,
          "metallic": 0,
          "roughness": 0.5
        },
        "Mesh": {
          "Plane": {
            "depth": 40,
            "width": 40
          }
        },
        "Transform": {
          "position": [
            0,
            0,
            0
          ],
          "rotation": [
            0,
            0,
            0,
            1
          ],
          "scale": [
            1,
            1,
            1
          ]
        }
      },
      "id": 0,
      "name": "ground"
    },
    {
      "components": {
        "Material": {
          "color": [
            0.96,
            0.65,
            0.22,
            1
          ],
          "emissive": [
            0,
            0,
            0
          ],
          "grid_spacing": 0,
          "metallic": 0,
          "roughness": 0.5
        },
        "Mesh": {
          "Capsule": {
            "height": 1.8,
            "radius": 0.4
          }
        },
        "Player": {
          "velocity": [
            0,
            0,
            0
          ]
        },
        "Transform": {
          "position": [
            7.9999957,
            0.9,
            0.0000018797194
          ],
          "rotation": [
            0,
            0,
            0,
            1
          ],
          "scale": [
            1,
            1,
            1
          ]
        }
      },
      "id": 1,
      "name": "player"
    },
    {
      "components": {
        "Camera": {
          "active": true,
          "far": 1000,
          "fov_y_degrees": 60,
          "near": 0.1
        },
        "Follow": {
          "initialized": true,
          "lag": 0.15,
          "look_at_offset": [
            0,
            0,
            0
          ],
          "offset": [
            0,
            12,
            17
          ],
          "resolved": [
            {
              "generation": 0,
              "index": 1
            }
          ],
          "target": {
            "Entity": [
              {
                "generation": 0,
                "index": 1
              }
            ]
          }
        },
        "Transform": {
          "position": [
            7.9999957,
            12.9,
            17.000002
          ],
          "rotation": [
            -0.30251622,
            0,
            0,
            0.95314425
          ],
          "scale": [
            1,
            1,
            1
          ]
        }
      },
      "id": 2,
      "name": "camera"
    },
    {
      "components": {
        "DirectionalLight": {
          "color": [
            1,
            1,
            1
          ],
          "illuminance": 10000,
          "shadows": true
        },
        "Transform": {
          "position": [
            8,
            16,
            10
          ],
          "rotation": [
            -0.4086679,
            0.2983547,
            0.14335296,
            0.8505439
          ],
          "scale": [
            1,
            1,
            1
          ]
        }
      },
      "id": 3,
      "name": "sun"
    },
    {
      "components": {
        "Material": {
          "color": [
            0.44,
            0.34,
            0.25,
            1
          ],
          "emissive": [
            0,
            0,
            0
          ],
          "grid_spacing": 0,
          "metallic": 0,
          "roughness": 0.5
        },
        "Mesh": {
          "Box": {
            "size": [
              1,
              1,
              1
            ]
          }
        },
        "Transform": {
          "position": [
            -6.5119476,
            0.5,
            15.302141
          ],
          "rotation": [
            0,
            0,
            0,
            1
          ],
          "scale": [
            1,
            1,
            1
          ]
        }
      },
      "id": 4,
      "name": "crate-1"
    },
    {
      "components": {
        "Material": {
          "color": [
            0.44,
            0.34,
            0.25,
            1
          ],
          "emissive": [
            0,
            0,
            0
          ],
          "grid_spacing": 0,
          "metallic": 0,
          "roughness": 0.5
        },
        "Mesh": {
          "Box": {
            "size": [
              1,
              1,
              1
            ]
          }
        },
        "Transform": {
          "position": [
            -2.8830242,
            0.5,
            12.395628
          ],
          "rotation": [
            0,
            0,
            0,
            1
          ],
          "scale": [
            1,
            1,
            1
          ]
        }
      },
      "id": 5,
      "name": "crate-2"
    },
    {
      "components": {
        "Material": {
          "color": [
            0.44,
            0.34,
            0.25,
            1
          ],
          "emissive": [
            0,
            0,
            0
          ],
          "grid_spacing": 0,
          "metallic": 0,
          "roughness": 0.5
        },
        "Mesh": {
          "Box": {
            "size": [
              1,
              1,
              1
            ]
          }
        },
        "Transform": {
          "position": [
            -11.312119,
            0.5,
            1.5342407
          ],
          "rotation": [
            0,
            0,
            0,
            1
          ],
          "scale": [
            1,
            1,
            1
          ]
        }
      },
      "id": 6,
      "name": "crate-3"
    },
    {
      "components": {
        "Material": {
          "color": [
            0.44,
            0.34,
            0.25,
            1
          ],
          "emissive": [
            0,
            0,
            0
          ],
          "grid_spacing": 0,
          "metallic": 0,
          "roughness": 0.5
        },
        "Mesh": {
          "Box": {
            "size": [
              1,
              1,
              1
            ]
          }
        },
        "Transform": {
          "position": [
            -6.945545,
            0.5,
            -1.616478
          ],
          "rotation": [
            0,
            0,
            0,
            1
          ],
          "scale": [
            1,
            1,
            1
          ]
        }
      },
      "id": 7,
      "name": "crate-4"
    },
    {
      "components": {
        "Material": {
          "color": [
            0.44,
            0.34,
            0.25,
            1
          ],
          "emissive": [
            0,
            0,
            0
          ],
          "grid_spacing": 0,
          "metallic": 0,
          "roughness": 0.5
        },
        "Mesh": {
          "Box": {
            "size": [
              1,
              1,
              1
            ]
          }
        },
        "Transform": {
          "position": [
            15.145346,
            0.5,
            13.686558
          ],
          "rotation": [
            0,
            0,
            0,
            1
          ],
          "scale": [
            1,
            1,
            1
          ]
        }
      },
      "id": 8,
      "name": "crate-5"
    },
    {
      "components": {
        "Material": {
          "color": [
            0.44,
            0.34,
            0.25,
            1
          ],
          "emissive": [
            0,
            0,
            0
          ],
          "grid_spacing": 0,
          "metallic": 0,
          "roughness": 0.5
        },
        "Mesh": {
          "Box": {
            "size": [
              1,
              1,
              1
            ]
          }
        },
        "Transform": {
          "position": [
            1.7558537,
            0.5,
            -12.80928
          ],
          "rotation": [
            0,
            0,
            0,
            1
          ],
          "scale": [
            1,
            1,
            1
          ]
        }
      },
      "id": 9,
      "name": "crate-6"
    },
    {
      "components": {
        "Beacon": {
          "glow": {
            "duration": 0.5,
            "start_tick": 570,
            "start_value": 0,
            "target": 1
          },
          "lit": true
        },
        "Material": {
          "color": [
            0.18,
            0.73,
            0.79,
            1
          ],
          "emissive": [
            0.05185185,
            0.1851852,
            0.22222222
          ],
          "grid_spacing": 0,
          "metallic": 0,
          "roughness": 0.5
        },
        "Mesh": {
          "Sphere": {
            "radius": 0.5
          }
        },
        "Transform": {
          "position": [
            8,
            1,
            0
          ],
          "rotation": [
            0,
            0,
            0,
            1
          ],
          "scale": [
            1,
            1,
            1
          ]
        }
      },
      "id": 10,
      "name": "beacon-1"
    },
    {
      "components": {
        "Beacon": {
          "glow": {
            "duration": 0,
            "start_tick": 0,
            "start_value": 0,
            "target": 0
          },
          "lit": false
        },
        "Material": {
          "color": [
            0.18,
            0.73,
            0.79,
            1
          ],
          "emissive": [
            0,
            0,
            0
          ],
          "grid_spacing": 0,
          "metallic": 0,
          "roughness": 0.5
        },
        "Mesh": {
          "Sphere": {
            "radius": 0.5
          }
        },
        "Transform": {
          "position": [
            -6,
            1,
            7
          ],
          "rotation": [
            0,
            0,
            0,
            1
          ],
          "scale": [
            1,
            1,
            1
          ]
        }
      },
      "id": 11,
      "name": "beacon-2"
    },
    {
      "components": {
        "Beacon": {
          "glow": {
            "duration": 0,
            "start_tick": 0,
            "start_value": 0,
            "target": 0
          },
          "lit": false
        },
        "Material": {
          "color": [
            0.18,
            0.73,
            0.79,
            1
          ],
          "emissive": [
            0,
            0,
            0
          ],
          "grid_spacing": 0,
          "metallic": 0,
          "roughness": 0.5
        },
        "Mesh": {
          "Sphere": {
            "radius": 0.5
          }
        },
        "Transform": {
          "position": [
            3,
            1,
            -9
          ],
          "rotation": [
            0,
            0,
            0,
            1
          ],
          "scale": [
            1,
            1,
            1
          ]
        }
      },
      "id": 12,
      "name": "beacon-3"
    }
  ],
  "hash": "0x7360b02910f98eb5",
  "tick": 576,
  "truncated": false,
  "epoch": 3,
  "incarnation": 1,
  "clock": 9600
}
PASS entity snapshot is complete
screenshot /Users/ccheever/projects/exact2-wt-game/game/games/beacons/artifacts/checkpoint.world world save
{"bytes":4572,"hash":"0x7360b02910f98eb5","tick":576,"epoch":3,"incarnation":1,"clock":9600,"screenshot":"/Users/ccheever/projects/exact2-wt-game/game/games/beacons/artifacts/checkpoint.world"}
clock +900
{"clock":10500,"world":[{"canvas":8,"changing":["player.Player","player.Transform","camera.Transform"],"hash":"0x5c9c309d3b8ede36","quiescent":false,"settleAt":10600,"tick":630}],"epoch":3,"incarnation":1}
type world {"key":"KeyW","phase":"up"}
{"typed":8,"delivery":"recognized","epoch":3,"incarnation":1,"clock":10500,"target":"world","carrier":"linux","mode":"agent"}
type world {"key":"Space","phase":"up"}
{"typed":8,"delivery":"recognized","epoch":3,"incarnation":1,"clock":10500,"target":"world","carrier":"linux","mode":"agent"}
state world:beacon-1
{
  "entity": {
    "components": {
      "Beacon": {
        "glow": {
          "duration": 0.5,
          "start_tick": 570,
          "start_value": 0,
          "target": 1
        },
        "lit": true
      },
      "Material": {
        "color": [
          0.18,
          0.73,
          0.79,
          1
        ],
        "emissive": [
          0.7,
          2.5,
          3
        ],
        "grid_spacing": 0,
        "metallic": 0,
        "roughness": 0.5
      },
      "Mesh": {
        "Sphere": {
          "radius": 0.5
        }
      },
      "Transform": {
        "position": [
          8,
          1,
          0
        ],
        "rotation": [
          0,
          0,
          0,
          1
        ],
        "scale": [
          1,
          1,
          1
        ]
      }
    },
    "id": 10,
    "name": "beacon-1"
  },
  "tick": 630,
  "epoch": 3,
  "incarnation": 1,
  "clock": 10500
}
PASS glow fully up at one second after E
clock settle
{"clock":13516.667,"settled":true,"world":[{"canvas":8,"changing":[],"hash":"0x95d2927a8997c0d9","quiescent":true,"tick":811}],"epoch":3,"incarnation":1}
PASS continuation settles
state world:*
{
  "entities": [
    {
      "components": {
        "Material": {
          "color": [
            0.12,
            0.22,
            0.24,
            1
          ],
          "emissive": [
            0,
            0,
            0
          ],
          "grid_spacing": 0,
          "metallic": 0,
          "roughness": 0.5
        },
        "Mesh": {
          "Plane": {
            "depth": 40,
            "width": 40
          }
        },
        "Transform": {
          "position": [
            0,
            0,
            0
          ],
          "rotation": [
            0,
            0,
            0,
            1
          ],
          "scale": [
            1,
            1,
            1
          ]
        }
      },
      "id": 0,
      "name": "ground"
    },
    {
      "components": {
        "Material": {
          "color": [
            0.96,
            0.65,
            0.22,
            1
          ],
          "emissive": [
            0,
            0,
            0
          ],
          "grid_spacing": 0,
          "metallic": 0,
          "roughness": 0.5
        },
        "Mesh": {
          "Capsule": {
            "height": 1.8,
            "radius": 0.4
          }
        },
        "Player": {
          "velocity": [
            0,
            0,
            0
          ]
        },
        "Transform": {
          "position": [
            7.9999957,
            0.9,
            -3.3333316
          ],
          "rotation": [
            0,
            0,
            0,
            1
          ],
          "scale": [
            1,
            1,
            1
          ]
        }
      },
      "id": 1,
      "name": "player"
    },
    {
      "components": {
        "Camera": {
          "active": true,
          "far": 1000,
          "fov_y_degrees": 60,
          "near": 0.1
        },
        "Follow": {
          "initialized": true,
          "lag": 0.15,
          "look_at_offset": [
            0,
            0,
            0
          ],
          "offset": [
            0,
            12,
            17
          ],
          "resolved": [
            {
              "generation": 0,
              "index": 1
            }
          ],
          "target": {
            "Entity": [
              {
                "generation": 0,
                "index": 1
              }
            ]
          }
        },
        "Transform": {
          "position": [
            7.9999957,
            12.9,
            13.666668
          ],
          "rotation": [
            -0.30251622,
            0,
            0,
            0.95314425
          ],
          "scale": [
            1,
            1,
            1
          ]
        }
      },
      "id": 2,
      "name": "camera"
    },
    {
      "components": {
        "DirectionalLight": {
          "color": [
            1,
            1,
            1
          ],
          "illuminance": 10000,
          "shadows": true
        },
        "Transform": {
          "position": [
            8,
            16,
            10
          ],
          "rotation": [
            -0.4086679,
            0.2983547,
            0.14335296,
            0.8505439
          ],
          "scale": [
            1,
            1,
            1
          ]
        }
      },
      "id": 3,
      "name": "sun"
    },
    {
      "components": {
        "Material": {
          "color": [
            0.44,
            0.34,
            0.25,
            1
          ],
          "emissive": [
            0,
            0,
            0
          ],
          "grid_spacing": 0,
          "metallic": 0,
          "roughness": 0.5
        },
        "Mesh": {
          "Box": {
            "size": [
              1,
              1,
              1
            ]
          }
        },
        "Transform": {
          "position": [
            -6.5119476,
            0.5,
            15.302141
          ],
          "rotation": [
            0,
            0,
            0,
            1
          ],
          "scale": [
            1,
            1,
            1
          ]
        }
      },
      "id": 4,
      "name": "crate-1"
    },
    {
      "components": {
        "Material": {
          "color": [
            0.44,
            0.34,
            0.25,
            1
          ],
          "emissive": [
            0,
            0,
            0
          ],
          "grid_spacing": 0,
          "metallic": 0,
          "roughness": 0.5
        },
        "Mesh": {
          "Box": {
            "size": [
              1,
              1,
              1
            ]
          }
        },
        "Transform": {
          "position": [
            -2.8830242,
            0.5,
            12.395628
          ],
          "rotation": [
            0,
            0,
            0,
            1
          ],
          "scale": [
            1,
            1,
            1
          ]
        }
      },
      "id": 5,
      "name": "crate-2"
    },
    {
      "components": {
        "Material": {
          "color": [
            0.44,
            0.34,
            0.25,
            1
          ],
          "emissive": [
            0,
            0,
            0
          ],
          "grid_spacing": 0,
          "metallic": 0,
          "roughness": 0.5
        },
        "Mesh": {
          "Box": {
            "size": [
              1,
              1,
              1
            ]
          }
        },
        "Transform": {
          "position": [
            -11.312119,
            0.5,
            1.5342407
          ],
          "rotation": [
            0,
            0,
            0,
            1
          ],
          "scale": [
            1,
            1,
            1
          ]
        }
      },
      "id": 6,
      "name": "crate-3"
    },
    {
      "components": {
        "Material": {
          "color": [
            0.44,
            0.34,
            0.25,
            1
          ],
          "emissive": [
            0,
            0,
            0
          ],
          "grid_spacing": 0,
          "metallic": 0,
          "roughness": 0.5
        },
        "Mesh": {
          "Box": {
            "size": [
              1,
              1,
              1
            ]
          }
        },
        "Transform": {
          "position": [
            -6.945545,
            0.5,
            -1.616478
          ],
          "rotation": [
            0,
            0,
            0,
            1
          ],
          "scale": [
            1,
            1,
            1
          ]
        }
      },
      "id": 7,
      "name": "crate-4"
    },
    {
      "components": {
        "Material": {
          "color": [
            0.44,
            0.34,
            0.25,
            1
          ],
          "emissive": [
            0,
            0,
            0
          ],
          "grid_spacing": 0,
          "metallic": 0,
          "roughness": 0.5
        },
        "Mesh": {
          "Box": {
            "size": [
              1,
              1,
              1
            ]
          }
        },
        "Transform": {
          "position": [
            15.145346,
            0.5,
            13.686558
          ],
          "rotation": [
            0,
            0,
            0,
            1
          ],
          "scale": [
            1,
            1,
            1
          ]
        }
      },
      "id": 8,
      "name": "crate-5"
    },
    {
      "components": {
        "Material": {
          "color": [
            0.44,
            0.34,
            0.25,
            1
          ],
          "emissive": [
            0,
            0,
            0
          ],
          "grid_spacing": 0,
          "metallic": 0,
          "roughness": 0.5
        },
        "Mesh": {
          "Box": {
            "size": [
              1,
              1,
              1
            ]
          }
        },
        "Transform": {
          "position": [
            1.7558537,
            0.5,
            -12.80928
          ],
          "rotation": [
            0,
            0,
            0,
            1
          ],
          "scale": [
            1,
            1,
            1
          ]
        }
      },
      "id": 9,
      "name": "crate-6"
    },
    {
      "components": {
        "Beacon": {
          "glow": {
            "duration": 0.5,
            "start_tick": 570,
            "start_value": 0,
            "target": 1
          },
          "lit": true
        },
        "Material": {
          "color": [
            0.18,
            0.73,
            0.79,
            1
          ],
          "emissive": [
            0.7,
            2.5,
            3
          ],
          "grid_spacing": 0,
          "metallic": 0,
          "roughness": 0.5
        },
        "Mesh": {
          "Sphere": {
            "radius": 0.5
          }
        },
        "Transform": {
          "position": [
            8,
            1,
            0
          ],
          "rotation": [
            0,
            0,
            0,
            1
          ],
          "scale": [
            1,
            1,
            1
          ]
        }
      },
      "id": 10,
      "name": "beacon-1"
    },
    {
      "components": {
        "Beacon": {
          "glow": {
            "duration": 0,
            "start_tick": 0,
            "start_value": 0,
            "target": 0
          },
          "lit": false
        },
        "Material": {
          "color": [
            0.18,
            0.73,
            0.79,
            1
          ],
          "emissive": [
            0,
            0,
            0
          ],
          "grid_spacing": 0,
          "metallic": 0,
          "roughness": 0.5
        },
        "Mesh": {
          "Sphere": {
            "radius": 0.5
          }
        },
        "Transform": {
          "position": [
            -6,
            1,
            7
          ],
          "rotation": [
            0,
            0,
            0,
            1
          ],
          "scale": [
            1,
            1,
            1
          ]
        }
      },
      "id": 11,
      "name": "beacon-2"
    },
    {
      "components": {
        "Beacon": {
          "glow": {
            "duration": 0,
            "start_tick": 0,
            "start_value": 0,
            "target": 0
          },
          "lit": false
        },
        "Material": {
          "color": [
            0.18,
            0.73,
            0.79,
            1
          ],
          "emissive": [
            0,
            0,
            0
          ],
          "grid_spacing": 0,
          "metallic": 0,
          "roughness": 0.5
        },
        "Mesh": {
          "Sphere": {
            "radius": 0.5
          }
        },
        "Transform": {
          "position": [
            3,
            1,
            -9
          ],
          "rotation": [
            0,
            0,
            0,
            1
          ],
          "scale": [
            1,
            1,
            1
          ]
        }
      },
      "id": 12,
      "name": "beacon-3"
    }
  ],
  "hash": "0x95d2927a8997c0d9",
  "tick": 811,
  "truncated": false,
  "epoch": 3,
  "incarnation": 1,
  "clock": 13516.667
}
PASS entity snapshot is complete
screenshot /Users/ccheever/projects/exact2-wt-game/game/games/beacons/artifacts/run-0.world world save
{"bytes":4457,"hash":"0x95d2927a8997c0d9","tick":811,"epoch":3,"incarnation":1,"clock":13516.667,"screenshot":"/Users/ccheever/projects/exact2-wt-game/game/games/beacons/artifacts/run-0.world"}
tap pause
{"tapped":10,"at":[1215.5,48.5],"epoch":4,"incarnation":1,"clock":13516.667,"target":"pause","delivery":"platform","carrier":"linux","mode":"agent"}
state world:*
{
  "entities": [
    {
      "components": {
        "Material": {
          "color": [
            0.12,
            0.22,
            0.24,
            1
          ],
          "emissive": [
            0,
            0,
            0
          ],
          "grid_spacing": 0,
          "metallic": 0,
          "roughness": 0.5
        },
        "Mesh": {
          "Plane": {
            "depth": 40,
            "width": 40
          }
        },
        "Transform": {
          "position": [
            0,
            0,
            0
          ],
          "rotation": [
            0,
            0,
            0,
            1
          ],
          "scale": [
            1,
            1,
            1
          ]
        }
      },
      "id": 0,
      "name": "ground"
    },
    {
      "components": {
        "Material": {
          "color": [
            0.96,
            0.65,
            0.22,
            1
          ],
          "emissive": [
            0,
            0,
            0
          ],
          "grid_spacing": 0,
          "metallic": 0,
          "roughness": 0.5
        },
        "Mesh": {
          "Capsule": {
            "height": 1.8,
            "radius": 0.4
          }
        },
        "Player": {
          "velocity": [
            0,
            0,
            0
          ]
        },
        "Transform": {
          "position": [
            7.9999957,
            0.9,
            -3.3333316
          ],
          "rotation": [
            0,
            0,
            0,
            1
          ],
          "scale": [
            1,
            1,
            1
          ]
        }
      },
      "id": 1,
      "name": "player"
    },
    {
      "components": {
        "Camera": {
          "active": true,
          "far": 1000,
          "fov_y_degrees": 60,
          "near": 0.1
        },
        "Follow": {
          "initialized": true,
          "lag": 0.15,
          "look_at_offset": [
            0,
            0,
            0
          ],
          "offset": [
            0,
            12,
            17
          ],
          "resolved": [
            {
              "generation": 0,
              "index": 1
            }
          ],
          "target": {
            "Entity": [
              {
                "generation": 0,
                "index": 1
              }
            ]
          }
        },
        "Transform": {
          "position": [
            7.9999957,
            12.9,
            13.666668
          ],
          "rotation": [
            -0.30251622,
            0,
            0,
            0.95314425
          ],
          "scale": [
            1,
            1,
            1
          ]
        }
      },
      "id": 2,
      "name": "camera"
    },
    {
      "components": {
        "DirectionalLight": {
          "color": [
            1,
            1,
            1
          ],
          "illuminance": 10000,
          "shadows": true
        },
        "Transform": {
          "position": [
            8,
            16,
            10
          ],
          "rotation": [
            -0.4086679,
            0.2983547,
            0.14335296,
            0.8505439
          ],
          "scale": [
            1,
            1,
            1
          ]
        }
      },
      "id": 3,
      "name": "sun"
    },
    {
      "components": {
        "Material": {
          "color": [
            0.44,
            0.34,
            0.25,
            1
          ],
          "emissive": [
            0,
            0,
            0
          ],
          "grid_spacing": 0,
          "metallic": 0,
          "roughness": 0.5
        },
        "Mesh": {
          "Box": {
            "size": [
              1,
              1,
              1
            ]
          }
        },
        "Transform": {
          "position": [
            -6.5119476,
            0.5,
            15.302141
          ],
          "rotation": [
            0,
            0,
            0,
            1
          ],
          "scale": [
            1,
            1,
            1
          ]
        }
      },
      "id": 4,
      "name": "crate-1"
    },
    {
      "components": {
        "Material": {
          "color": [
            0.44,
            0.34,
            0.25,
            1
          ],
          "emissive": [
            0,
            0,
            0
          ],
          "grid_spacing": 0,
          "metallic": 0,
          "roughness": 0.5
        },
        "Mesh": {
          "Box": {
            "size": [
              1,
              1,
              1
            ]
          }
        },
        "Transform": {
          "position": [
            -2.8830242,
            0.5,
            12.395628
          ],
          "rotation": [
            0,
            0,
            0,
            1
          ],
          "scale": [
            1,
            1,
            1
          ]
        }
      },
      "id": 5,
      "name": "crate-2"
    },
    {
      "components": {
        "Material": {
          "color": [
            0.44,
            0.34,
            0.25,
            1
          ],
          "emissive": [
            0,
            0,
            0
          ],
          "grid_spacing": 0,
          "metallic": 0,
          "roughness": 0.5
        },
        "Mesh": {
          "Box": {
            "size": [
              1,
              1,
              1
            ]
          }
        },
        "Transform": {
          "position": [
            -11.312119,
            0.5,
            1.5342407
          ],
          "rotation": [
            0,
            0,
            0,
            1
          ],
          "scale": [
            1,
            1,
            1
          ]
        }
      },
      "id": 6,
      "name": "crate-3"
    },
    {
      "components": {
        "Material": {
          "color": [
            0.44,
            0.34,
            0.25,
            1
          ],
          "emissive": [
            0,
            0,
            0
          ],
          "grid_spacing": 0,
          "metallic": 0,
          "roughness": 0.5
        },
        "Mesh": {
          "Box": {
            "size": [
              1,
              1,
              1
            ]
          }
        },
        "Transform": {
          "position": [
            -6.945545,
            0.5,
            -1.616478
          ],
          "rotation": [
            0,
            0,
            0,
            1
          ],
          "scale": [
            1,
            1,
            1
          ]
        }
      },
      "id": 7,
      "name": "crate-4"
    },
    {
      "components": {
        "Material": {
          "color": [
            0.44,
            0.34,
            0.25,
            1
          ],
          "emissive": [
            0,
            0,
            0
          ],
          "grid_spacing": 0,
          "metallic": 0,
          "roughness": 0.5
        },
        "Mesh": {
          "Box": {
            "size": [
              1,
              1,
              1
            ]
          }
        },
        "Transform": {
          "position": [
            15.145346,
            0.5,
            13.686558
          ],
          "rotation": [
            0,
            0,
            0,
            1
          ],
          "scale": [
            1,
            1,
            1
          ]
        }
      },
      "id": 8,
      "name": "crate-5"
    },
    {
      "components": {
        "Material": {
          "color": [
            0.44,
            0.34,
            0.25,
            1
          ],
          "emissive": [
            0,
            0,
            0
          ],
          "grid_spacing": 0,
          "metallic": 0,
          "roughness": 0.5
        },
        "Mesh": {
          "Box": {
            "size": [
              1,
              1,
              1
            ]
          }
        },
        "Transform": {
          "position": [
            1.7558537,
            0.5,
            -12.80928
          ],
          "rotation": [
            0,
            0,
            0,
            1
          ],
          "scale": [
            1,
            1,
            1
          ]
        }
      },
      "id": 9,
      "name": "crate-6"
    },
    {
      "components": {
        "Beacon": {
          "glow": {
            "duration": 0.5,
            "start_tick": 570,
            "start_value": 0,
            "target": 1
          },
          "lit": true
        },
        "Material": {
          "color": [
            0.18,
            0.73,
            0.79,
            1
          ],
          "emissive": [
            0.7,
            2.5,
            3
          ],
          "grid_spacing": 0,
          "metallic": 0,
          "roughness": 0.5
        },
        "Mesh": {
          "Sphere": {
            "radius": 0.5
          }
        },
        "Transform": {
          "position": [
            8,
            1,
            0
          ],
          "rotation": [
            0,
            0,
            0,
            1
          ],
          "scale": [
            1,
            1,
            1
          ]
        }
      },
      "id": 10,
      "name": "beacon-1"
    },
    {
      "components": {
        "Beacon": {
          "glow": {
            "duration": 0,
            "start_tick": 0,
            "start_value": 0,
            "target": 0
          },
          "lit": false
        },
        "Material": {
          "color": [
            0.18,
            0.73,
            0.79,
            1
          ],
          "emissive": [
            0,
            0,
            0
          ],
          "grid_spacing": 0,
          "metallic": 0,
          "roughness": 0.5
        },
        "Mesh": {
          "Sphere": {
            "radius": 0.5
          }
        },
        "Transform": {
          "position": [
            -6,
            1,
            7
          ],
          "rotation": [
            0,
            0,
            0,
            1
          ],
          "scale": [
            1,
            1,
            1
          ]
        }
      },
      "id": 11,
      "name": "beacon-2"
    },
    {
      "components": {
        "Beacon": {
          "glow": {
            "duration": 0,
            "start_tick": 0,
            "start_value": 0,
            "target": 0
          },
          "lit": false
        },
        "Material": {
          "color": [
            0.18,
            0.73,
            0.79,
            1
          ],
          "emissive": [
            0,
            0,
            0
          ],
          "grid_spacing": 0,
          "metallic": 0,
          "roughness": 0.5
        },
        "Mesh": {
          "Sphere": {
            "radius": 0.5
          }
        },
        "Transform": {
          "position": [
            3,
            1,
            -9
          ],
          "rotation": [
            0,
            0,
            0,
            1
          ],
          "scale": [
            1,
            1,
            1
          ]
        }
      },
      "id": 12,
      "name": "beacon-3"
    }
  ],
  "hash": "0x95d2927a8997c0d9",
  "tick": 811,
  "truncated": false,
  "epoch": 4,
  "incarnation": 1,
  "clock": 13516.667
}
PASS entity snapshot is complete
type world {"key":"KeyW","phase":"down"}
{"typed":8,"delivery":"recognized","epoch":4,"incarnation":1,"clock":13516.667,"target":"world","carrier":"linux","mode":"agent"}
clock +2000
{"clock":15516.667,"world":[{"canvas":8,"changing":["paused"],"hash":"0x95d2927a8997c0d9","quiescent":true,"tick":811}],"epoch":4,"incarnation":1}
state world:*
{
  "entities": [
    {
      "components": {
        "Material": {
          "color": [
            0.12,
            0.22,
            0.24,
            1
          ],
          "emissive": [
            0,
            0,
            0
          ],
          "grid_spacing": 0,
          "metallic": 0,
          "roughness": 0.5
        },
        "Mesh": {
          "Plane": {
            "depth": 40,
            "width": 40
          }
        },
        "Transform": {
          "position": [
            0,
            0,
            0
          ],
          "rotation": [
            0,
            0,
            0,
            1
          ],
          "scale": [
            1,
            1,
            1
          ]
        }
      },
      "id": 0,
      "name": "ground"
    },
    {
      "components": {
        "Material": {
          "color": [
            0.96,
            0.65,
            0.22,
            1
          ],
          "emissive": [
            0,
            0,
            0
          ],
          "grid_spacing": 0,
          "metallic": 0,
          "roughness": 0.5
        },
        "Mesh": {
          "Capsule": {
            "height": 1.8,
            "radius": 0.4
          }
        },
        "Player": {
          "velocity": [
            0,
            0,
            0
          ]
        },
        "Transform": {
          "position": [
            7.9999957,
            0.9,
            -3.3333316
          ],
          "rotation": [
            0,
            0,
            0,
            1
          ],
          "scale": [
            1,
            1,
            1
          ]
        }
      },
      "id": 1,
      "name": "player"
    },
    {
      "components": {
        "Camera": {
          "active": true,
          "far": 1000,
          "fov_y_degrees": 60,
          "near": 0.1
        },
        "Follow": {
          "initialized": true,
          "lag": 0.15,
          "look_at_offset": [
            0,
            0,
            0
          ],
          "offset": [
            0,
            12,
            17
          ],
          "resolved": [
            {
              "generation": 0,
              "index": 1
            }
          ],
          "target": {
            "Entity": [
              {
                "generation": 0,
                "index": 1
              }
            ]
          }
        },
        "Transform": {
          "position": [
            7.9999957,
            12.9,
            13.666668
          ],
          "rotation": [
            -0.30251622,
            0,
            0,
            0.95314425
          ],
          "scale": [
            1,
            1,
            1
          ]
        }
      },
      "id": 2,
      "name": "camera"
    },
    {
      "components": {
        "DirectionalLight": {
          "color": [
            1,
            1,
            1
          ],
          "illuminance": 10000,
          "shadows": true
        },
        "Transform": {
          "position": [
            8,
            16,
            10
          ],
          "rotation": [
            -0.4086679,
            0.2983547,
            0.14335296,
            0.8505439
          ],
          "scale": [
            1,
            1,
            1
          ]
        }
      },
      "id": 3,
      "name": "sun"
    },
    {
      "components": {
        "Material": {
          "color": [
            0.44,
            0.34,
            0.25,
            1
          ],
          "emissive": [
            0,
            0,
            0
          ],
          "grid_spacing": 0,
          "metallic": 0,
          "roughness": 0.5
        },
        "Mesh": {
          "Box": {
            "size": [
              1,
              1,
              1
            ]
          }
        },
        "Transform": {
          "position": [
            -6.5119476,
            0.5,
            15.302141
          ],
          "rotation": [
            0,
            0,
            0,
            1
          ],
          "scale": [
            1,
            1,
            1
          ]
        }
      },
      "id": 4,
      "name": "crate-1"
    },
    {
      "components": {
        "Material": {
          "color": [
            0.44,
            0.34,
            0.25,
            1
          ],
          "emissive": [
            0,
            0,
            0
          ],
          "grid_spacing": 0,
          "metallic": 0,
          "roughness": 0.5
        },
        "Mesh": {
          "Box": {
            "size": [
              1,
              1,
              1
            ]
          }
        },
        "Transform": {
          "position": [
            -2.8830242,
            0.5,
            12.395628
          ],
          "rotation": [
            0,
            0,
            0,
            1
          ],
          "scale": [
            1,
            1,
            1
          ]
        }
      },
      "id": 5,
      "name": "crate-2"
    },
    {
      "components": {
        "Material": {
          "color": [
            0.44,
            0.34,
            0.25,
            1
          ],
          "emissive": [
            0,
            0,
            0
          ],
          "grid_spacing": 0,
          "metallic": 0,
          "roughness": 0.5
        },
        "Mesh": {
          "Box": {
            "size": [
              1,
              1,
              1
            ]
          }
        },
        "Transform": {
          "position": [
            -11.312119,
            0.5,
            1.5342407
          ],
          "rotation": [
            0,
            0,
            0,
            1
          ],
          "scale": [
            1,
            1,
            1
          ]
        }
      },
      "id": 6,
      "name": "crate-3"
    },
    {
      "components": {
        "Material": {
          "color": [
            0.44,
            0.34,
            0.25,
            1
          ],
          "emissive": [
            0,
            0,
            0
          ],
          "grid_spacing": 0,
          "metallic": 0,
          "roughness": 0.5
        },
        "Mesh": {
          "Box": {
            "size": [
              1,
              1,
              1
            ]
          }
        },
        "Transform": {
          "position": [
            -6.945545,
            0.5,
            -1.616478
          ],
          "rotation": [
            0,
            0,
            0,
            1
          ],
          "scale": [
            1,
            1,
            1
          ]
        }
      },
      "id": 7,
      "name": "crate-4"
    },
    {
      "components": {
        "Material": {
          "color": [
            0.44,
            0.34,
            0.25,
            1
          ],
          "emissive": [
            0,
            0,
            0
          ],
          "grid_spacing": 0,
          "metallic": 0,
          "roughness": 0.5
        },
        "Mesh": {
          "Box": {
            "size": [
              1,
              1,
              1
            ]
          }
        },
        "Transform": {
          "position": [
            15.145346,
            0.5,
            13.686558
          ],
          "rotation": [
            0,
            0,
            0,
            1
          ],
          "scale": [
            1,
            1,
            1
          ]
        }
      },
      "id": 8,
      "name": "crate-5"
    },
    {
      "components": {
        "Material": {
          "color": [
            0.44,
            0.34,
            0.25,
            1
          ],
          "emissive": [
            0,
            0,
            0
          ],
          "grid_spacing": 0,
          "metallic": 0,
          "roughness": 0.5
        },
        "Mesh": {
          "Box": {
            "size": [
              1,
              1,
              1
            ]
          }
        },
        "Transform": {
          "position": [
            1.7558537,
            0.5,
            -12.80928
          ],
          "rotation": [
            0,
            0,
            0,
            1
          ],
          "scale": [
            1,
            1,
            1
          ]
        }
      },
      "id": 9,
      "name": "crate-6"
    },
    {
      "components": {
        "Beacon": {
          "glow": {
            "duration": 0.5,
            "start_tick": 570,
            "start_value": 0,
            "target": 1
          },
          "lit": true
        },
        "Material": {
          "color": [
            0.18,
            0.73,
            0.79,
            1
          ],
          "emissive": [
            0.7,
            2.5,
            3
          ],
          "grid_spacing": 0,
          "metallic": 0,
          "roughness": 0.5
        },
        "Mesh": {
          "Sphere": {
            "radius": 0.5
          }
        },
        "Transform": {
          "position": [
            8,
            1,
            0
          ],
          "rotation": [
            0,
            0,
            0,
            1
          ],
          "scale": [
            1,
            1,
            1
          ]
        }
      },
      "id": 10,
      "name": "beacon-1"
    },
    {
      "components": {
        "Beacon": {
          "glow": {
            "duration": 0,
            "start_tick": 0,
            "start_value": 0,
            "target": 0
          },
          "lit": false
        },
        "Material": {
          "color": [
            0.18,
            0.73,
            0.79,
            1
          ],
          "emissive": [
            0,
            0,
            0
          ],
          "grid_spacing": 0,
          "metallic": 0,
          "roughness": 0.5
        },
        "Mesh": {
          "Sphere": {
            "radius": 0.5
          }
        },
        "Transform": {
          "position": [
            -6,
            1,
            7
          ],
          "rotation": [
            0,
            0,
            0,
            1
          ],
          "scale": [
            1,
            1,
            1
          ]
        }
      },
      "id": 11,
      "name": "beacon-2"
    },
    {
      "components": {
        "Beacon": {
          "glow": {
            "duration": 0,
            "start_tick": 0,
            "start_value": 0,
            "target": 0
          },
          "lit": false
        },
        "Material": {
          "color": [
            0.18,
            0.73,
            0.79,
            1
          ],
          "emissive": [
            0,
            0,
            0
          ],
          "grid_spacing": 0,
          "metallic": 0,
          "roughness": 0.5
        },
        "Mesh": {
          "Sphere": {
            "radius": 0.5
          }
        },
        "Transform": {
          "position": [
            3,
            1,
            -9
          ],
          "rotation": [
            0,
            0,
            0,
            1
          ],
          "scale": [
            1,
            1,
            1
          ]
        }
      },
      "id": 12,
      "name": "beacon-3"
    }
  ],
  "hash": "0x95d2927a8997c0d9",
  "tick": 811,
  "truncated": false,
  "epoch": 4,
  "incarnation": 1,
  "clock": 15516.667
}
PASS entity snapshot is complete
PASS paused two seconds with W held: all entities and tick unchanged
type world {"key":"KeyW","phase":"up"}
{"typed":8,"delivery":"recognized","epoch":4,"incarnation":1,"clock":15516.667,"target":"world","carrier":"linux","mode":"agent"}
tree 
epoch 4 · incarnation 1 · clock 15516.667 ms · 6 nodes
View#1
  Canvas#8 [world] world{world} · 13 entities · tick 811
    Text#9 [hud-beacons] "Beacons 1 / 3"
    Pressable#10 [pause] [focused] name="Resume" (press)
      Text#11 "Resume"
    Text#12 "WASD / arrows · Move     Space · Jump     E · Light nearby beacon"
PASS pause button now accessible Resume
screenshot /Users/ccheever/projects/exact2-wt-game/game/games/beacons/artifacts/beacons-playing.png
{"h":720,"note":"Contract painted; canvas rectangles are flat (no device)","screenshot":"/Users/ccheever/projects/exact2-wt-game/game/games/beacons/artifacts/beacons-playing.png","w":1280,"epoch":4,"incarnation":1,"clock":15516.667}
tap pause
{"tapped":10,"at":[1205.5,48.5],"epoch":5,"incarnation":1,"clock":15516.667,"target":"pause","delivery":"platform","carrier":"linux","mode":"agent"}
state world:player
{
  "entity": {
    "components": {
      "Material": {
        "color": [
          0.96,
          0.65,
          0.22,
          1
        ],
        "emissive": [
          0,
          0,
          0
        ],
        "grid_spacing": 0,
        "metallic": 0,
        "roughness": 0.5
      },
      "Mesh": {
        "Capsule": {
          "height": 1.8,
          "radius": 0.4
        }
      },
      "Player": {
        "velocity": [
          0,
          0,
          0
        ]
      },
      "Transform": {
        "position": [
          7.9999957,
          0.9,
          -3.3333316
        ],
        "rotation": [
          0,
          0,
          0,
          1
        ],
        "scale": [
          1,
          1,
          1
        ]
      }
    },
    "id": 1,
    "name": "player"
  },
  "tick": 811,
  "epoch": 5,
  "incarnation": 1,
  "clock": 15516.667
}
type world {"key":"KeyA","for":3566.666666666667}
type world {"key":"KeyA","phase":"down"}
{"typed":8,"delivery":"recognized","epoch":5,"incarnation":1,"clock":15516.667,"target":"world","carrier":"linux","mode":"agent"}
clock +3566.666666666667
{"clock":19083.333666666666,"world":[{"canvas":8,"changing":["player.Transform","camera.Transform"],"hash":"0xdecde952dd6bef22","quiescent":false,"settleAt":19183.334,"tick":1025}],"epoch":5,"incarnation":1}
type world {"key":"KeyA","phase":"up"}
{"typed":8,"delivery":"recognized","epoch":5,"incarnation":1,"clock":19083.333666666666,"target":"world","carrier":"linux","mode":"agent"}
clock settle
{"clock":20500,"settled":true,"world":[{"canvas":8,"changing":[],"hash":"0x687a8b1ad57b0672","quiescent":true,"tick":1110}],"epoch":5,"incarnation":1}
PASS walk comes to rest
state world:player
{
  "entity": {
    "components": {
      "Material": {
        "color": [
          0.96,
          0.65,
          0.22,
          1
        ],
        "emissive": [
          0,
          0,
          0
        ],
        "grid_spacing": 0,
        "metallic": 0,
        "roughness": 0.5
      },
      "Mesh": {
        "Capsule": {
          "height": 1.8,
          "radius": 0.4
        }
      },
      "Player": {
        "velocity": [
          0,
          0,
          0
        ]
      },
      "Transform": {
        "position": [
          -5.9999995,
          0.9,
          -3.3333316
        ],
        "rotation": [
          0,
          0,
          0,
          1
        ],
        "scale": [
          1,
          1,
          1
        ]
      }
    },
    "id": 1,
    "name": "player"
  },
  "tick": 1110,
  "epoch": 5,
  "incarnation": 1,
  "clock": 20500
}
type world {"key":"KeyS","for":2650}
type world {"key":"KeyS","phase":"down"}
{"typed":8,"delivery":"recognized","epoch":5,"incarnation":1,"clock":20500,"target":"world","carrier":"linux","mode":"agent"}
clock +2650
{"clock":23150,"world":[{"canvas":8,"changing":["player.Transform","camera.Transform"],"hash":"0xbcd163cc0469c314","quiescent":false,"settleAt":23250,"tick":1269}],"epoch":5,"incarnation":1}
type world {"key":"KeyS","phase":"up"}
{"typed":8,"delivery":"recognized","epoch":5,"incarnation":1,"clock":23150,"target":"world","carrier":"linux","mode":"agent"}
clock settle
{"clock":24566.667,"settled":true,"world":[{"canvas":8,"changing":[],"hash":"0x019ec44afee35bed","quiescent":true,"tick":1354}],"epoch":5,"incarnation":1}
PASS walk comes to rest
state world:player
{
  "entity": {
    "components": {
      "Material": {
        "color": [
          0.96,
          0.65,
          0.22,
          1
        ],
        "emissive": [
          0,
          0,
          0
        ],
        "grid_spacing": 0,
        "metallic": 0,
        "roughness": 0.5
      },
      "Mesh": {
        "Capsule": {
          "height": 1.8,
          "radius": 0.4
        }
      },
      "Player": {
        "velocity": [
          0,
          0,
          0
        ]
      },
      "Transform": {
        "position": [
          -5.9999995,
          0.9,
          6.999998
        ],
        "rotation": [
          0,
          0,
          0,
          1
        ],
        "scale": [
          1,
          1,
          1
        ]
      }
    },
    "id": 1,
    "name": "player"
  },
  "tick": 1354,
  "epoch": 5,
  "incarnation": 1,
  "clock": 24566.667
}
PASS walk reaches (-6, 7): [-5.9999995,0.9,6.999998]
type world {"key":"KeyE"}
{"typed":8,"delivery":"recognized","epoch":5,"incarnation":1,"clock":24566.667,"target":"world","carrier":"linux","mode":"agent"}
clock +600
{"clock":25166.667,"world":[{"canvas":8,"changing":[],"hash":"0x40bdb7dc91944479","quiescent":true,"tick":1390}],"epoch":6,"incarnation":1}
state world:player
{
  "entity": {
    "components": {
      "Material": {
        "color": [
          0.96,
          0.65,
          0.22,
          1
        ],
        "emissive": [
          0,
          0,
          0
        ],
        "grid_spacing": 0,
        "metallic": 0,
        "roughness": 0.5
      },
      "Mesh": {
        "Capsule": {
          "height": 1.8,
          "radius": 0.4
        }
      },
      "Player": {
        "velocity": [
          0,
          0,
          0
        ]
      },
      "Transform": {
        "position": [
          -5.9999995,
          0.9,
          6.999998
        ],
        "rotation": [
          0,
          0,
          0,
          1
        ],
        "scale": [
          1,
          1,
          1
        ]
      }
    },
    "id": 1,
    "name": "player"
  },
  "tick": 1390,
  "epoch": 6,
  "incarnation": 1,
  "clock": 25166.667
}
type world {"key":"KeyD","for":2316.666666666667}
type world {"key":"KeyD","phase":"down"}
{"typed":8,"delivery":"recognized","epoch":6,"incarnation":1,"clock":25166.667,"target":"world","carrier":"linux","mode":"agent"}
clock +2316.666666666667
{"clock":27483.33366666667,"world":[{"canvas":8,"changing":["player.Transform","camera.Transform"],"hash":"0x64dbee6e730bd17c","quiescent":false,"settleAt":27583.334,"tick":1529}],"epoch":6,"incarnation":1}
type world {"key":"KeyD","phase":"up"}
{"typed":8,"delivery":"recognized","epoch":6,"incarnation":1,"clock":27483.33366666667,"target":"world","carrier":"linux","mode":"agent"}
clock settle
{"clock":28900,"settled":true,"world":[{"canvas":8,"changing":[],"hash":"0x7f3f2369ec20676a","quiescent":true,"tick":1614}],"epoch":6,"incarnation":1}
PASS walk comes to rest
state world:player
{
  "entity": {
    "components": {
      "Material": {
        "color": [
          0.96,
          0.65,
          0.22,
          1
        ],
        "emissive": [
          0,
          0,
          0
        ],
        "grid_spacing": 0,
        "metallic": 0,
        "roughness": 0.5
      },
      "Mesh": {
        "Capsule": {
          "height": 1.8,
          "radius": 0.4
        }
      },
      "Player": {
        "velocity": [
          0,
          0,
          0
        ]
      },
      "Transform": {
        "position": [
          3.0000002,
          0.9,
          6.999998
        ],
        "rotation": [
          0,
          0,
          0,
          1
        ],
        "scale": [
          1,
          1,
          1
        ]
      }
    },
    "id": 1,
    "name": "player"
  },
  "tick": 1614,
  "epoch": 6,
  "incarnation": 1,
  "clock": 28900
}
type world {"key":"KeyW","for":4066.666666666667}
type world {"key":"KeyW","phase":"down"}
{"typed":8,"delivery":"recognized","epoch":6,"incarnation":1,"clock":28900,"target":"world","carrier":"linux","mode":"agent"}
clock +4066.666666666667
{"clock":32966.666666666664,"world":[{"canvas":8,"changing":["player.Transform","camera.Transform"],"hash":"0xfb2bb0acbeab13d9","quiescent":false,"settleAt":33066.667,"tick":1858}],"epoch":6,"incarnation":1}
type world {"key":"KeyW","phase":"up"}
{"typed":8,"delivery":"recognized","epoch":6,"incarnation":1,"clock":32966.666666666664,"target":"world","carrier":"linux","mode":"agent"}
clock settle
{"clock":35983.334,"settled":true,"world":[{"canvas":8,"changing":[],"hash":"0x887075d22e9e297d","quiescent":true,"tick":2039}],"epoch":6,"incarnation":1}
PASS walk comes to rest
state world:player
{
  "entity": {
    "components": {
      "Material": {
        "color": [
          0.96,
          0.65,
          0.22,
          1
        ],
        "emissive": [
          0,
          0,
          0
        ],
        "grid_spacing": 0,
        "metallic": 0,
        "roughness": 0.5
      },
      "Mesh": {
        "Capsule": {
          "height": 1.8,
          "radius": 0.4
        }
      },
      "Player": {
        "velocity": [
          0,
          0,
          0
        ]
      },
      "Transform": {
        "position": [
          3.0000002,
          0.9,
          -8.999995
        ],
        "rotation": [
          0,
          0,
          0,
          1
        ],
        "scale": [
          1,
          1,
          1
        ]
      }
    },
    "id": 1,
    "name": "player"
  },
  "tick": 2039,
  "epoch": 6,
  "incarnation": 1,
  "clock": 35983.334
}
PASS walk reaches (3, -9): [3.0000002,0.9,-8.999995]
type world {"key":"KeyE"}
{"typed":8,"delivery":"recognized","epoch":6,"incarnation":1,"clock":35983.334,"target":"world","carrier":"linux","mode":"agent"}
clock +600
{"clock":36583.334,"world":[{"canvas":8,"changing":[],"hash":"0x8496dce7d413f80c","quiescent":true,"tick":2075}],"epoch":7,"incarnation":1}
tree 
epoch 7 · incarnation 1 · clock 36583.334 ms · 10 nodes
View#1
  Canvas#8 [world] world{world} · 13 entities · tick 2075
    Text#9 [hud-beacons] "Beacons 3 / 3"
    Pressable#10 [pause] [focused] name="Pause" (press)
      Text#11 "Pause"
    Text#12 "WASD / arrows · Move     Space · Jump     E · Light nearby beacon"
    View#13 [victory]
      Text#14 "All beacons lit"
      Pressable#15 [again] name="Play again" (press)
        Text#16 "Play again"
PASS three lit and centred victory UI
tap again
{"tapped":15,"at":[664,362],"epoch":8,"incarnation":1,"clock":36583.334,"target":"again","delivery":"platform","carrier":"linux","mode":"agent"}
state world:player
{
  "entity": {
    "components": {
      "Material": {
        "color": [
          0.96,
          0.65,
          0.22,
          1
        ],
        "emissive": [
          0,
          0,
          0
        ],
        "grid_spacing": 0,
        "metallic": 0,
        "roughness": 0.5
      },
      "Mesh": {
        "Capsule": {
          "height": 1.8,
          "radius": 0.4
        }
      },
      "Player": {
        "velocity": [
          0,
          0,
          0
        ]
      },
      "Transform": {
        "position": [
          0,
          0.9,
          0
        ],
        "rotation": [
          0,
          0,
          0,
          1
        ],
        "scale": [
          1,
          1,
          1
        ]
      }
    },
    "id": 1,
    "name": "player"
  },
  "tick": 0,
  "epoch": 8,
  "incarnation": 1,
  "clock": 36583.334
}
tree 
epoch 8 · incarnation 1 · clock 36583.334 ms · 6 nodes
View#1
  Canvas#8 [world] world{world} · 13 entities · tick 0
    Text#9 [hud-beacons] "Beacons 0 / 3"
    Pressable#10 [pause] name="Pause" (press)
      Text#11 "Pause"
    Text#12 "WASD / arrows · Move     Space · Jump     E · Light nearby beacon"
PASS Play again resets player and count
logs 
t=0 boot: 7 nodes, epoch 1
t=0 press view 6 (play) → epoch 2 (+5 −6 ~1)
t=0 surface world (1 asked again) → epoch 2 (+0 −0 ~0)
t=9600 surface world (1 asked again) → epoch 3 (+0 −0 ~1)
t=13516.667 press view 10 (togglePause) → epoch 4 (+0 −0 ~1)
t=15516.667 press view 10 (togglePause) → epoch 5 (+0 −0 ~1)
t=25166.667 surface world (1 asked again) → epoch 6 (+0 −0 ~1)
t=36583.334 surface world (1 asked again) → epoch 7 (+4 −0 ~2)
t=36583.334 press view 15 (restart) → epoch 7 (+0 −0 ~0)
t=36583.334 surface world (1 asked again) → epoch 8 (+0 −4 ~2)
world t=0 tick=0 spawn #0
world t=0 tick=0 spawn #1
world t=0 tick=0 spawn #2
world t=0 tick=0 spawn #3
world t=0 tick=0 spawn #4
world t=0 tick=0 spawn #5
world t=0 tick=0 spawn #6
world t=0 tick=0 spawn #7
world t=0 tick=0 spawn #8
world t=0 tick=0 spawn #9
world t=0 tick=0 spawn #10
world t=0 tick=0 spawn #11
world t=0 tick=0 spawn #12
world t=0 tick=0 publish beacons: Number(0.0)
world t=0 tick=0 world restarted: round 0 → 1
PASS no browser or GPU errors: []
tree 
epoch 1 · incarnation 1 · clock 0 ms · 7 nodes
View#1
  View#2
    Text#3 "BEACONS"
    Text#4 "Find three lights. Bring the clearing to life."
    Text#5 "WASD or arrows to move · Space to jump · E to light"
    Pressable#6 [play] [focused] name="Play" (press)
      Text#7 "Play"
PASS title has focused accessible Play
PASS world waits for Play
tap play
{"tapped":6,"at":[640,452.5],"epoch":2,"incarnation":1,"clock":0,"target":"play","delivery":"platform","carrier":"linux","mode":"agent"}
type world {"key":"KeyW","for":1500}
type world {"key":"KeyW","phase":"down"}
{"typed":8,"delivery":"recognized","epoch":2,"incarnation":1,"clock":0,"target":"world","carrier":"linux","mode":"agent"}
clock +1500
{"clock":1500,"world":[{"canvas":8,"changing":["player.Transform","camera.Transform"],"hash":"0xfe8d70a16822564c","quiescent":false,"settleAt":1600,"tick":90}],"epoch":2,"incarnation":1}
type world {"key":"KeyW","phase":"up"}
{"typed":8,"delivery":"recognized","epoch":2,"incarnation":1,"clock":1500,"target":"world","carrier":"linux","mode":"agent"}
state world:player
{
  "entity": {
    "components": {
      "Material": {
        "color": [
          0.96,
          0.65,
          0.22,
          1
        ],
        "emissive": [
          0,
          0,
          0
        ],
        "grid_spacing": 0,
        "metallic": 0,
        "roughness": 0.5
      },
      "Mesh": {
        "Capsule": {
          "height": 1.8,
          "radius": 0.4
        }
      },
      "Player": {
        "velocity": [
          0,
          0,
          -4
        ]
      },
      "Transform": {
        "position": [
          0,
          0.9,
          -5.3666644
        ],
        "rotation": [
          0,
          0,
          0,
          1
        ],
        "scale": [
          1,
          1,
          1
        ]
      }
    },
    "id": 1,
    "name": "player"
  },
  "tick": 90,
  "epoch": 2,
  "incarnation": 1,
  "clock": 1500
}
PASS W exactly 1.5 s: [0, 0.9, -5.3666644] within 1 mm: [0,0.9,-5.3666644]
state 
{
  "clock": 1500,
  "delivery": {
    "E": [
      "native"
    ],
    "L": "0",
    "compatibilityId": "f4691ab5709d350c18facbb9ff95e76f",
    "embeddedSeq": 0,
    "interpreted": [],
    "seq": 0,
    "staged": false,
    "stream": "embedded",
    "sunset": ""
  },
  "derives": {},
  "epoch": 2,
  "focus": {
    "logical": null
  },
  "incarnation": 1,
  "keyboard": {
    "unavailable": true
  },
  "logic": {
    "ready": true,
    "revision": null,
    "rustExecutor": null
  },
  "navigation": {
    "unavailable": true
  },
  "pending": [],
  "resources": {
    "hud": {
      "beacons": 0
    }
  },
  "slots": {
    "paused": false,
    "playing": true,
    "round": 0,
    "seed": 7
  },
  "store": [],
  "world": [
    {
      "args": {
        "paused": false,
        "round": 0,
        "seed": 7
      },
      "audio": {
        "sources": [],
        "voices": []
      },
      "canvas": 8,
      "device": false,
      "entities": 13,
      "hash": "0xfe8d70a16822564c",
      "hz": 60,
      "input": {
        "actions": {
          "jump": {
            "keys": [
              "Space"
            ],
            "name": "jump",
            "stick": [],
            "touch": []
          },
          "light": {
            "keys": [
              "KeyE"
            ],
            "name": "light",
            "stick": [],
            "touch": []
          },
          "move": {
            "keys": [],
            "name": "move",
            "stick": [
              {
                "keys": [
                  [
                    "KeyW",
                    "KeyS",
                    "KeyA",
                    "KeyD"
                  ],
                  [
                    "ArrowUp",
                    "ArrowDown",
                    "ArrowLeft",
                    "ArrowRight"
                  ]
                ],
                "touch": []
              }
            ],
            "touch": []
          }
        },
        "forwarded": [],
        "held": [
          "KeyW"
        ]
      },
      "name": "world",
      "paused": false,
      "perf": {
        "draws": 0,
        "encodeMs": {
          "count": 0,
          "max": 0,
          "mean": 0,
          "p50": 0,
          "p95": 0,
          "p99": 0
        },
        "feedMs": {
          "count": 0,
          "max": 0,
          "mean": 0,
          "p50": 0,
          "p95": 0,
          "p99": 0
        },
        "frameMs": {
          "count": 0,
          "max": 0,
          "mean": 0,
          "p50": 0,
          "p95": 0,
          "p99": 0
        },
        "instances": 0,
        "pixels": [
          0,
          0
        ],
        "tickMs": {
          "count": 0,
          "max": 0,
          "mean": 0,
          "p50": 0,
          "p95": 0,
          "p99": 0
        },
        "ticksPerFrame": {
          "count": 0,
          "max": 0,
          "mean": 0,
          "p50": 0,
          "p95": 0,
          "p99": 0
        },
        "triangles": 0,
        "wallClock": true
      },
      "published": {
        "beacons": 0
      },
      "resources": {},
      "restored": false,
      "seed": 7,
      "tick": 90
    }
  ]
}
PASS exactly 90 ticks
state world:*
{
  "entities": [
    {
      "components": {
        "Material": {
          "color": [
            0.12,
            0.22,
            0.24,
            1
          ],
          "emissive": [
            0,
            0,
            0
          ],
          "grid_spacing": 0,
          "metallic": 0,
          "roughness": 0.5
        },
        "Mesh": {
          "Plane": {
            "depth": 40,
            "width": 40
          }
        },
        "Transform": {
          "position": [
            0,
            0,
            0
          ],
          "rotation": [
            0,
            0,
            0,
            1
          ],
          "scale": [
            1,
            1,
            1
          ]
        }
      },
      "id": 0,
      "name": "ground"
    },
    {
      "components": {
        "Material": {
          "color": [
            0.96,
            0.65,
            0.22,
            1
          ],
          "emissive": [
            0,
            0,
            0
          ],
          "grid_spacing": 0,
          "metallic": 0,
          "roughness": 0.5
        },
        "Mesh": {
          "Capsule": {
            "height": 1.8,
            "radius": 0.4
          }
        },
        "Player": {
          "velocity": [
            0,
            0,
            -4
          ]
        },
        "Transform": {
          "position": [
            0,
            0.9,
            -5.3666644
          ],
          "rotation": [
            0,
            0,
            0,
            1
          ],
          "scale": [
            1,
            1,
            1
          ]
        }
      },
      "id": 1,
      "name": "player"
    },
    {
      "components": {
        "Camera": {
          "active": true,
          "far": 1000,
          "fov_y_degrees": 60,
          "near": 0.1
        },
        "Follow": {
          "initialized": true,
          "lag": 0.15,
          "look_at_offset": [
            0,
            0,
            0
          ],
          "offset": [
            0,
            12,
            17
          ],
          "resolved": [
            {
              "generation": 0,
              "index": 1
            }
          ],
          "target": {
            "Entity": [
              {
                "generation": 0,
                "index": 1
              }
            ]
          }
        },
        "Transform": {
          "position": [
            0,
            12.9,
            12.200529
          ],
          "rotation": [
            -0.30251622,
            0,
            0,
            0.95314425
          ],
          "scale": [
            1,
            1,
            1
          ]
        }
      },
      "id": 2,
      "name": "camera"
    },
    {
      "components": {
        "DirectionalLight": {
          "color": [
            1,
            1,
            1
          ],
          "illuminance": 10000,
          "shadows": true
        },
        "Transform": {
          "position": [
            8,
            16,
            10
          ],
          "rotation": [
            -0.4086679,
            0.2983547,
            0.14335296,
            0.8505439
          ],
          "scale": [
            1,
            1,
            1
          ]
        }
      },
      "id": 3,
      "name": "sun"
    },
    {
      "components": {
        "Material": {
          "color": [
            0.44,
            0.34,
            0.25,
            1
          ],
          "emissive": [
            0,
            0,
            0
          ],
          "grid_spacing": 0,
          "metallic": 0,
          "roughness": 0.5
        },
        "Mesh": {
          "Box": {
            "size": [
              1,
              1,
              1
            ]
          }
        },
        "Transform": {
          "position": [
            -6.5119476,
            0.5,
            15.302141
          ],
          "rotation": [
            0,
            0,
            0,
            1
          ],
          "scale": [
            1,
            1,
            1
          ]
        }
      },
      "id": 4,
      "name": "crate-1"
    },
    {
      "components": {
        "Material": {
          "color": [
            0.44,
            0.34,
            0.25,
            1
          ],
          "emissive": [
            0,
            0,
            0
          ],
          "grid_spacing": 0,
          "metallic": 0,
          "roughness": 0.5
        },
        "Mesh": {
          "Box": {
            "size": [
              1,
              1,
              1
            ]
          }
        },
        "Transform": {
          "position": [
            -2.8830242,
            0.5,
            12.395628
          ],
          "rotation": [
            0,
            0,
            0,
            1
          ],
          "scale": [
            1,
            1,
            1
          ]
        }
      },
      "id": 5,
      "name": "crate-2"
    },
    {
      "components": {
        "Material": {
          "color": [
            0.44,
            0.34,
            0.25,
            1
          ],
          "emissive": [
            0,
            0,
            0
          ],
          "grid_spacing": 0,
          "metallic": 0,
          "roughness": 0.5
        },
        "Mesh": {
          "Box": {
            "size": [
              1,
              1,
              1
            ]
          }
        },
        "Transform": {
          "position": [
            -11.312119,
            0.5,
            1.5342407
          ],
          "rotation": [
            0,
            0,
            0,
            1
          ],
          "scale": [
            1,
            1,
            1
          ]
        }
      },
      "id": 6,
      "name": "crate-3"
    },
    {
      "components": {
        "Material": {
          "color": [
            0.44,
            0.34,
            0.25,
            1
          ],
          "emissive": [
            0,
            0,
            0
          ],
          "grid_spacing": 0,
          "metallic": 0,
          "roughness": 0.5
        },
        "Mesh": {
          "Box": {
            "size": [
              1,
              1,
              1
            ]
          }
        },
        "Transform": {
          "position": [
            -6.945545,
            0.5,
            -1.616478
          ],
          "rotation": [
            0,
            0,
            0,
            1
          ],
          "scale": [
            1,
            1,
            1
          ]
        }
      },
      "id": 7,
      "name": "crate-4"
    },
    {
      "components": {
        "Material": {
          "color": [
            0.44,
            0.34,
            0.25,
            1
          ],
          "emissive": [
            0,
            0,
            0
          ],
          "grid_spacing": 0,
          "metallic": 0,
          "roughness": 0.5
        },
        "Mesh": {
          "Box": {
            "size": [
              1,
              1,
              1
            ]
          }
        },
        "Transform": {
          "position": [
            15.145346,
            0.5,
            13.686558
          ],
          "rotation": [
            0,
            0,
            0,
            1
          ],
          "scale": [
            1,
            1,
            1
          ]
        }
      },
      "id": 8,
      "name": "crate-5"
    },
    {
      "components": {
        "Material": {
          "color": [
            0.44,
            0.34,
            0.25,
            1
          ],
          "emissive": [
            0,
            0,
            0
          ],
          "grid_spacing": 0,
          "metallic": 0,
          "roughness": 0.5
        },
        "Mesh": {
          "Box": {
            "size": [
              1,
              1,
              1
            ]
          }
        },
        "Transform": {
          "position": [
            1.7558537,
            0.5,
            -12.80928
          ],
          "rotation": [
            0,
            0,
            0,
            1
          ],
          "scale": [
            1,
            1,
            1
          ]
        }
      },
      "id": 9,
      "name": "crate-6"
    },
    {
      "components": {
        "Beacon": {
          "glow": {
            "duration": 0,
            "start_tick": 0,
            "start_value": 0,
            "target": 0
          },
          "lit": false
        },
        "Material": {
          "color": [
            0.18,
            0.73,
            0.79,
            1
          ],
          "emissive": [
            0,
            0,
            0
          ],
          "grid_spacing": 0,
          "metallic": 0,
          "roughness": 0.5
        },
        "Mesh": {
          "Sphere": {
            "radius": 0.5
          }
        },
        "Transform": {
          "position": [
            8,
            1,
            0
          ],
          "rotation": [
            0,
            0,
            0,
            1
          ],
          "scale": [
            1,
            1,
            1
          ]
        }
      },
      "id": 10,
      "name": "beacon-1"
    },
    {
      "components": {
        "Beacon": {
          "glow": {
            "duration": 0,
            "start_tick": 0,
            "start_value": 0,
            "target": 0
          },
          "lit": false
        },
        "Material": {
          "color": [
            0.18,
            0.73,
            0.79,
            1
          ],
          "emissive": [
            0,
            0,
            0
          ],
          "grid_spacing": 0,
          "metallic": 0,
          "roughness": 0.5
        },
        "Mesh": {
          "Sphere": {
            "radius": 0.5
          }
        },
        "Transform": {
          "position": [
            -6,
            1,
            7
          ],
          "rotation": [
            0,
            0,
            0,
            1
          ],
          "scale": [
            1,
            1,
            1
          ]
        }
      },
      "id": 11,
      "name": "beacon-2"
    },
    {
      "components": {
        "Beacon": {
          "glow": {
            "duration": 0,
            "start_tick": 0,
            "start_value": 0,
            "target": 0
          },
          "lit": false
        },
        "Material": {
          "color": [
            0.18,
            0.73,
            0.79,
            1
          ],
          "emissive": [
            0,
            0,
            0
          ],
          "grid_spacing": 0,
          "metallic": 0,
          "roughness": 0.5
        },
        "Mesh": {
          "Sphere": {
            "radius": 0.5
          }
        },
        "Transform": {
          "position": [
            3,
            1,
            -9
          ],
          "rotation": [
            0,
            0,
            0,
            1
          ],
          "scale": [
            1,
            1,
            1
          ]
        }
      },
      "id": 12,
      "name": "beacon-3"
    }
  ],
  "hash": "0xfe8d70a16822564c",
  "tick": 90,
  "truncated": false,
  "epoch": 2,
  "incarnation": 1,
  "clock": 1500
}
PASS entity snapshot is complete
PASS two runs after W are identical
type world {"key":"KeyE"}
{"typed":8,"delivery":"recognized","epoch":2,"incarnation":1,"clock":1500,"target":"world","carrier":"linux","mode":"agent"}
clock +100
{"clock":1600,"world":[{"canvas":8,"changing":["player.Player","player.Transform","camera.Transform"],"hash":"0xf4b9fa1968f79332","quiescent":false,"settleAt":1700,"tick":96}],"epoch":2,"incarnation":1}
tree 
epoch 2 · incarnation 1 · clock 1600 ms · 6 nodes
View#1
  Canvas#8 [world] world{world} · 13 entities · tick 96
    Text#9 [hud-beacons] "Beacons 0 / 3"
    Pressable#10 [pause] name="Pause" (press)
      Text#11 "Pause"
    Text#12 "WASD / arrows · Move     Space · Jump     E · Light nearby beacon"
PASS E outside range lights nothing
clock settle
{"clock":3100,"settled":true,"world":[{"canvas":8,"changing":[],"hash":"0x86afdb9dccf6877b","quiescent":true,"tick":186}],"epoch":2,"incarnation":1}
PASS brakes and camera settle
state world:player
{
  "entity": {
    "components": {
      "Material": {
        "color": [
          0.96,
          0.65,
          0.22,
          1
        ],
        "emissive": [
          0,
          0,
          0
        ],
        "grid_spacing": 0,
        "metallic": 0,
        "roughness": 0.5
      },
      "Mesh": {
        "Capsule": {
          "height": 1.8,
          "radius": 0.4
        }
      },
      "Player": {
        "velocity": [
          0,
          0,
          0
        ]
      },
      "Transform": {
        "position": [
          0,
          0.9,
          -5.733331
        ],
        "rotation": [
          0,
          0,
          0,
          1
        ],
        "scale": [
          1,
          1,
          1
        ]
      }
    },
    "id": 1,
    "name": "player"
  },
  "tick": 186,
  "epoch": 2,
  "incarnation": 1,
  "clock": 3100
}
type world {"key":"KeyD","for":2066.666666666667}
type world {"key":"KeyD","phase":"down"}
{"typed":8,"delivery":"recognized","epoch":2,"incarnation":1,"clock":3100,"target":"world","carrier":"linux","mode":"agent"}
clock +2066.666666666667
{"clock":5166.666666666667,"world":[{"canvas":8,"changing":["player.Transform","camera.Transform"],"hash":"0x11e85a8c294aa8b2","quiescent":false,"settleAt":5266.667,"tick":310}],"epoch":2,"incarnation":1}
type world {"key":"KeyD","phase":"up"}
{"typed":8,"delivery":"recognized","epoch":2,"incarnation":1,"clock":5166.666666666667,"target":"world","carrier":"linux","mode":"agent"}
clock settle
{"clock":6583.334,"settled":true,"world":[{"canvas":8,"changing":[],"hash":"0x3d20cf9bd0d968ed","quiescent":true,"tick":395}],"epoch":2,"incarnation":1}
PASS walk comes to rest
state world:player
{
  "entity": {
    "components": {
      "Material": {
        "color": [
          0.96,
          0.65,
          0.22,
          1
        ],
        "emissive": [
          0,
          0,
          0
        ],
        "grid_spacing": 0,
        "metallic": 0,
        "roughness": 0.5
      },
      "Mesh": {
        "Capsule": {
          "height": 1.8,
          "radius": 0.4
        }
      },
      "Player": {
        "velocity": [
          0,
          0,
          0
        ]
      },
      "Transform": {
        "position": [
          7.9999957,
          0.9,
          -5.733331
        ],
        "rotation": [
          0,
          0,
          0,
          1
        ],
        "scale": [
          1,
          1,
          1
        ]
      }
    },
    "id": 1,
    "name": "player"
  },
  "tick": 395,
  "epoch": 2,
  "incarnation": 1,
  "clock": 6583.334
}
type world {"key":"KeyS","for":1500}
type world {"key":"KeyS","phase":"down"}
{"typed":8,"delivery":"recognized","epoch":2,"incarnation":1,"clock":6583.334,"target":"world","carrier":"linux","mode":"agent"}
clock +1500
{"clock":8083.334,"world":[{"canvas":8,"changing":["player.Transform","camera.Transform"],"hash":"0x0c5f33adf7747356","quiescent":false,"settleAt":8183.334,"tick":485}],"epoch":2,"incarnation":1}
type world {"key":"KeyS","phase":"up"}
{"typed":8,"delivery":"recognized","epoch":2,"incarnation":1,"clock":8083.334,"target":"world","carrier":"linux","mode":"agent"}
clock settle
{"clock":9500,"settled":true,"world":[{"canvas":8,"changing":[],"hash":"0xd38313dce1f3b51f","quiescent":true,"tick":570}],"epoch":2,"incarnation":1}
PASS walk comes to rest
state world:player
{
  "entity": {
    "components": {
      "Material": {
        "color": [
          0.96,
          0.65,
          0.22,
          1
        ],
        "emissive": [
          0,
          0,
          0
        ],
        "grid_spacing": 0,
        "metallic": 0,
        "roughness": 0.5
      },
      "Mesh": {
        "Capsule": {
          "height": 1.8,
          "radius": 0.4
        }
      },
      "Player": {
        "velocity": [
          0,
          0,
          0
        ]
      },
      "Transform": {
        "position": [
          7.9999957,
          0.9,
          0.0000018797194
        ],
        "rotation": [
          0,
          0,
          0,
          1
        ],
        "scale": [
          1,
          1,
          1
        ]
      }
    },
    "id": 1,
    "name": "player"
  },
  "tick": 570,
  "epoch": 2,
  "incarnation": 1,
  "clock": 9500
}
PASS walk reaches (8, 0): [7.9999957,0.9,0.0000018797194]
type world {"key":"KeyE"}
{"typed":8,"delivery":"recognized","epoch":2,"incarnation":1,"clock":9500,"target":"world","carrier":"linux","mode":"agent"}
clock +100
{"clock":9600,"world":[{"canvas":8,"changing":["beacon-1.Material","beacon-1.Beacon"],"hash":"0x7360b02910f98eb5","quiescent":false,"settleAt":10000,"tick":576}],"epoch":3,"incarnation":1}
state world:beacon-1
{
  "entity": {
    "components": {
      "Beacon": {
        "glow": {
          "duration": 0.5,
          "start_tick": 570,
          "start_value": 0,
          "target": 1
        },
        "lit": true
      },
      "Material": {
        "color": [
          0.18,
          0.73,
          0.79,
          1
        ],
        "emissive": [
          0.05185185,
          0.1851852,
          0.22222222
        ],
        "grid_spacing": 0,
        "metallic": 0,
        "roughness": 0.5
      },
      "Mesh": {
        "Sphere": {
          "radius": 0.5
        }
      },
      "Transform": {
        "position": [
          8,
          1,
          0
        ],
        "rotation": [
          0,
          0,
          0,
          1
        ],
        "scale": [
          1,
          1,
          1
        ]
      }
    },
    "id": 10,
    "name": "beacon-1"
  },
  "tick": 576,
  "epoch": 3,
  "incarnation": 1,
  "clock": 9600
}
PASS first beacon lit
PASS glow partway up after 0.1 s: [0.05185185,0.1851852,0.22222222]
tree 
epoch 3 · incarnation 1 · clock 9600 ms · 6 nodes
View#1
  Canvas#8 [world] world{world} · 13 entities · tick 576
    Text#9 [hud-beacons] "Beacons 1 / 3"
    Pressable#10 [pause] name="Pause" (press)
      Text#11 "Pause"
    Text#12 "WASD / arrows · Move     Space · Jump     E · Light nearby beacon"
PASS HUD reads Beacons 1 / 3, polite live region
type world {"key":"KeyW","phase":"down"}
{"typed":8,"delivery":"recognized","epoch":3,"incarnation":1,"clock":9600,"target":"world","carrier":"linux","mode":"agent"}
type world {"key":"Space","phase":"down"}
{"typed":8,"delivery":"recognized","epoch":3,"incarnation":1,"clock":9600,"target":"world","carrier":"linux","mode":"agent"}
clock +900
{"clock":10500,"world":[{"canvas":8,"changing":["player.Player","player.Transform","camera.Transform"],"hash":"0x5c9c309d3b8ede36","quiescent":false,"settleAt":10600,"tick":630}],"epoch":3,"incarnation":1}
type world {"key":"KeyW","phase":"up"}
{"typed":8,"delivery":"recognized","epoch":3,"incarnation":1,"clock":10500,"target":"world","carrier":"linux","mode":"agent"}
type world {"key":"Space","phase":"up"}
{"typed":8,"delivery":"recognized","epoch":3,"incarnation":1,"clock":10500,"target":"world","carrier":"linux","mode":"agent"}
state world:beacon-1
{
  "entity": {
    "components": {
      "Beacon": {
        "glow": {
          "duration": 0.5,
          "start_tick": 570,
          "start_value": 0,
          "target": 1
        },
        "lit": true
      },
      "Material": {
        "color": [
          0.18,
          0.73,
          0.79,
          1
        ],
        "emissive": [
          0.7,
          2.5,
          3
        ],
        "grid_spacing": 0,
        "metallic": 0,
        "roughness": 0.5
      },
      "Mesh": {
        "Sphere": {
          "radius": 0.5
        }
      },
      "Transform": {
        "position": [
          8,
          1,
          0
        ],
        "rotation": [
          0,
          0,
          0,
          1
        ],
        "scale": [
          1,
          1,
          1
        ]
      }
    },
    "id": 10,
    "name": "beacon-1"
  },
  "tick": 630,
  "epoch": 3,
  "incarnation": 1,
  "clock": 10500
}
PASS glow fully up at one second after E
clock settle
{"clock":13516.667,"settled":true,"world":[{"canvas":8,"changing":[],"hash":"0x95d2927a8997c0d9","quiescent":true,"tick":811}],"epoch":3,"incarnation":1}
PASS continuation settles
state world:*
{
  "entities": [
    {
      "components": {
        "Material": {
          "color": [
            0.12,
            0.22,
            0.24,
            1
          ],
          "emissive": [
            0,
            0,
            0
          ],
          "grid_spacing": 0,
          "metallic": 0,
          "roughness": 0.5
        },
        "Mesh": {
          "Plane": {
            "depth": 40,
            "width": 40
          }
        },
        "Transform": {
          "position": [
            0,
            0,
            0
          ],
          "rotation": [
            0,
            0,
            0,
            1
          ],
          "scale": [
            1,
            1,
            1
          ]
        }
      },
      "id": 0,
      "name": "ground"
    },
    {
      "components": {
        "Material": {
          "color": [
            0.96,
            0.65,
            0.22,
            1
          ],
          "emissive": [
            0,
            0,
            0
          ],
          "grid_spacing": 0,
          "metallic": 0,
          "roughness": 0.5
        },
        "Mesh": {
          "Capsule": {
            "height": 1.8,
            "radius": 0.4
          }
        },
        "Player": {
          "velocity": [
            0,
            0,
            0
          ]
        },
        "Transform": {
          "position": [
            7.9999957,
            0.9,
            -3.3333316
          ],
          "rotation": [
            0,
            0,
            0,
            1
          ],
          "scale": [
            1,
            1,
            1
          ]
        }
      },
      "id": 1,
      "name": "player"
    },
    {
      "components": {
        "Camera": {
          "active": true,
          "far": 1000,
          "fov_y_degrees": 60,
          "near": 0.1
        },
        "Follow": {
          "initialized": true,
          "lag": 0.15,
          "look_at_offset": [
            0,
            0,
            0
          ],
          "offset": [
            0,
            12,
            17
          ],
          "resolved": [
            {
              "generation": 0,
              "index": 1
            }
          ],
          "target": {
            "Entity": [
              {
                "generation": 0,
                "index": 1
              }
            ]
          }
        },
        "Transform": {
          "position": [
            7.9999957,
            12.9,
            13.666668
          ],
          "rotation": [
            -0.30251622,
            0,
            0,
            0.95314425
          ],
          "scale": [
            1,
            1,
            1
          ]
        }
      },
      "id": 2,
      "name": "camera"
    },
    {
      "components": {
        "DirectionalLight": {
          "color": [
            1,
            1,
            1
          ],
          "illuminance": 10000,
          "shadows": true
        },
        "Transform": {
          "position": [
            8,
            16,
            10
          ],
          "rotation": [
            -0.4086679,
            0.2983547,
            0.14335296,
            0.8505439
          ],
          "scale": [
            1,
            1,
            1
          ]
        }
      },
      "id": 3,
      "name": "sun"
    },
    {
      "components": {
        "Material": {
          "color": [
            0.44,
            0.34,
            0.25,
            1
          ],
          "emissive": [
            0,
            0,
            0
          ],
          "grid_spacing": 0,
          "metallic": 0,
          "roughness": 0.5
        },
        "Mesh": {
          "Box": {
            "size": [
              1,
              1,
              1
            ]
          }
        },
        "Transform": {
          "position": [
            -6.5119476,
            0.5,
            15.302141
          ],
          "rotation": [
            0,
            0,
            0,
            1
          ],
          "scale": [
            1,
            1,
            1
          ]
        }
      },
      "id": 4,
      "name": "crate-1"
    },
    {
      "components": {
        "Material": {
          "color": [
            0.44,
            0.34,
            0.25,
            1
          ],
          "emissive": [
            0,
            0,
            0
          ],
          "grid_spacing": 0,
          "metallic": 0,
          "roughness": 0.5
        },
        "Mesh": {
          "Box": {
            "size": [
              1,
              1,
              1
            ]
          }
        },
        "Transform": {
          "position": [
            -2.8830242,
            0.5,
            12.395628
          ],
          "rotation": [
            0,
            0,
            0,
            1
          ],
          "scale": [
            1,
            1,
            1
          ]
        }
      },
      "id": 5,
      "name": "crate-2"
    },
    {
      "components": {
        "Material": {
          "color": [
            0.44,
            0.34,
            0.25,
            1
          ],
          "emissive": [
            0,
            0,
            0
          ],
          "grid_spacing": 0,
          "metallic": 0,
          "roughness": 0.5
        },
        "Mesh": {
          "Box": {
            "size": [
              1,
              1,
              1
            ]
          }
        },
        "Transform": {
          "position": [
            -11.312119,
            0.5,
            1.5342407
          ],
          "rotation": [
            0,
            0,
            0,
            1
          ],
          "scale": [
            1,
            1,
            1
          ]
        }
      },
      "id": 6,
      "name": "crate-3"
    },
    {
      "components": {
        "Material": {
          "color": [
            0.44,
            0.34,
            0.25,
            1
          ],
          "emissive": [
            0,
            0,
            0
          ],
          "grid_spacing": 0,
          "metallic": 0,
          "roughness": 0.5
        },
        "Mesh": {
          "Box": {
            "size": [
              1,
              1,
              1
            ]
          }
        },
        "Transform": {
          "position": [
            -6.945545,
            0.5,
            -1.616478
          ],
          "rotation": [
            0,
            0,
            0,
            1
          ],
          "scale": [
            1,
            1,
            1
          ]
        }
      },
      "id": 7,
      "name": "crate-4"
    },
    {
      "components": {
        "Material": {
          "color": [
            0.44,
            0.34,
            0.25,
            1
          ],
          "emissive": [
            0,
            0,
            0
          ],
          "grid_spacing": 0,
          "metallic": 0,
          "roughness": 0.5
        },
        "Mesh": {
          "Box": {
            "size": [
              1,
              1,
              1
            ]
          }
        },
        "Transform": {
          "position": [
            15.145346,
            0.5,
            13.686558
          ],
          "rotation": [
            0,
            0,
            0,
            1
          ],
          "scale": [
            1,
            1,
            1
          ]
        }
      },
      "id": 8,
      "name": "crate-5"
    },
    {
      "components": {
        "Material": {
          "color": [
            0.44,
            0.34,
            0.25,
            1
          ],
          "emissive": [
            0,
            0,
            0
          ],
          "grid_spacing": 0,
          "metallic": 0,
          "roughness": 0.5
        },
        "Mesh": {
          "Box": {
            "size": [
              1,
              1,
              1
            ]
          }
        },
        "Transform": {
          "position": [
            1.7558537,
            0.5,
            -12.80928
          ],
          "rotation": [
            0,
            0,
            0,
            1
          ],
          "scale": [
            1,
            1,
            1
          ]
        }
      },
      "id": 9,
      "name": "crate-6"
    },
    {
      "components": {
        "Beacon": {
          "glow": {
            "duration": 0.5,
            "start_tick": 570,
            "start_value": 0,
            "target": 1
          },
          "lit": true
        },
        "Material": {
          "color": [
            0.18,
            0.73,
            0.79,
            1
          ],
          "emissive": [
            0.7,
            2.5,
            3
          ],
          "grid_spacing": 0,
          "metallic": 0,
          "roughness": 0.5
        },
        "Mesh": {
          "Sphere": {
            "radius": 0.5
          }
        },
        "Transform": {
          "position": [
            8,
            1,
            0
          ],
          "rotation": [
            0,
            0,
            0,
            1
          ],
          "scale": [
            1,
            1,
            1
          ]
        }
      },
      "id": 10,
      "name": "beacon-1"
    },
    {
      "components": {
        "Beacon": {
          "glow": {
            "duration": 0,
            "start_tick": 0,
            "start_value": 0,
            "target": 0
          },
          "lit": false
        },
        "Material": {
          "color": [
            0.18,
            0.73,
            0.79,
            1
          ],
          "emissive": [
            0,
            0,
            0
          ],
          "grid_spacing": 0,
          "metallic": 0,
          "roughness": 0.5
        },
        "Mesh": {
          "Sphere": {
            "radius": 0.5
          }
        },
        "Transform": {
          "position": [
            -6,
            1,
            7
          ],
          "rotation": [
            0,
            0,
            0,
            1
          ],
          "scale": [
            1,
            1,
            1
          ]
        }
      },
      "id": 11,
      "name": "beacon-2"
    },
    {
      "components": {
        "Beacon": {
          "glow": {
            "duration": 0,
            "start_tick": 0,
            "start_value": 0,
            "target": 0
          },
          "lit": false
        },
        "Material": {
          "color": [
            0.18,
            0.73,
            0.79,
            1
          ],
          "emissive": [
            0,
            0,
            0
          ],
          "grid_spacing": 0,
          "metallic": 0,
          "roughness": 0.5
        },
        "Mesh": {
          "Sphere": {
            "radius": 0.5
          }
        },
        "Transform": {
          "position": [
            3,
            1,
            -9
          ],
          "rotation": [
            0,
            0,
            0,
            1
          ],
          "scale": [
            1,
            1,
            1
          ]
        }
      },
      "id": 12,
      "name": "beacon-3"
    }
  ],
  "hash": "0x95d2927a8997c0d9",
  "tick": 811,
  "truncated": false,
  "epoch": 3,
  "incarnation": 1,
  "clock": 13516.667
}
PASS entity snapshot is complete
screenshot /Users/ccheever/projects/exact2-wt-game/game/games/beacons/artifacts/run-1.world world save
{"bytes":4457,"hash":"0x95d2927a8997c0d9","tick":811,"epoch":3,"incarnation":1,"clock":13516.667,"screenshot":"/Users/ccheever/projects/exact2-wt-game/game/games/beacons/artifacts/run-1.world"}
PASS two full runs end in identical state
PASS two full runs have byte-identical saves
tap pause
{"tapped":10,"at":[1215.5,48.5],"epoch":4,"incarnation":1,"clock":13516.667,"target":"pause","delivery":"platform","carrier":"linux","mode":"agent"}
state world:*
{
  "entities": [
    {
      "components": {
        "Material": {
          "color": [
            0.12,
            0.22,
            0.24,
            1
          ],
          "emissive": [
            0,
            0,
            0
          ],
          "grid_spacing": 0,
          "metallic": 0,
          "roughness": 0.5
        },
        "Mesh": {
          "Plane": {
            "depth": 40,
            "width": 40
          }
        },
        "Transform": {
          "position": [
            0,
            0,
            0
          ],
          "rotation": [
            0,
            0,
            0,
            1
          ],
          "scale": [
            1,
            1,
            1
          ]
        }
      },
      "id": 0,
      "name": "ground"
    },
    {
      "components": {
        "Material": {
          "color": [
            0.96,
            0.65,
            0.22,
            1
          ],
          "emissive": [
            0,
            0,
            0
          ],
          "grid_spacing": 0,
          "metallic": 0,
          "roughness": 0.5
        },
        "Mesh": {
          "Capsule": {
            "height": 1.8,
            "radius": 0.4
          }
        },
        "Player": {
          "velocity": [
            0,
            0,
            0
          ]
        },
        "Transform": {
          "position": [
            7.9999957,
            0.9,
            -3.3333316
          ],
          "rotation": [
            0,
            0,
            0,
            1
          ],
          "scale": [
            1,
            1,
            1
          ]
        }
      },
      "id": 1,
      "name": "player"
    },
    {
      "components": {
        "Camera": {
          "active": true,
          "far": 1000,
          "fov_y_degrees": 60,
          "near": 0.1
        },
        "Follow": {
          "initialized": true,
          "lag": 0.15,
          "look_at_offset": [
            0,
            0,
            0
          ],
          "offset": [
            0,
            12,
            17
          ],
          "resolved": [
            {
              "generation": 0,
              "index": 1
            }
          ],
          "target": {
            "Entity": [
              {
                "generation": 0,
                "index": 1
              }
            ]
          }
        },
        "Transform": {
          "position": [
            7.9999957,
            12.9,
            13.666668
          ],
          "rotation": [
            -0.30251622,
            0,
            0,
            0.95314425
          ],
          "scale": [
            1,
            1,
            1
          ]
        }
      },
      "id": 2,
      "name": "camera"
    },
    {
      "components": {
        "DirectionalLight": {
          "color": [
            1,
            1,
            1
          ],
          "illuminance": 10000,
          "shadows": true
        },
        "Transform": {
          "position": [
            8,
            16,
            10
          ],
          "rotation": [
            -0.4086679,
            0.2983547,
            0.14335296,
            0.8505439
          ],
          "scale": [
            1,
            1,
            1
          ]
        }
      },
      "id": 3,
      "name": "sun"
    },
    {
      "components": {
        "Material": {
          "color": [
            0.44,
            0.34,
            0.25,
            1
          ],
          "emissive": [
            0,
            0,
            0
          ],
          "grid_spacing": 0,
          "metallic": 0,
          "roughness": 0.5
        },
        "Mesh": {
          "Box": {
            "size": [
              1,
              1,
              1
            ]
          }
        },
        "Transform": {
          "position": [
            -6.5119476,
            0.5,
            15.302141
          ],
          "rotation": [
            0,
            0,
            0,
            1
          ],
          "scale": [
            1,
            1,
            1
          ]
        }
      },
      "id": 4,
      "name": "crate-1"
    },
    {
      "components": {
        "Material": {
          "color": [
            0.44,
            0.34,
            0.25,
            1
          ],
          "emissive": [
            0,
            0,
            0
          ],
          "grid_spacing": 0,
          "metallic": 0,
          "roughness": 0.5
        },
        "Mesh": {
          "Box": {
            "size": [
              1,
              1,
              1
            ]
          }
        },
        "Transform": {
          "position": [
            -2.8830242,
            0.5,
            12.395628
          ],
          "rotation": [
            0,
            0,
            0,
            1
          ],
          "scale": [
            1,
            1,
            1
          ]
        }
      },
      "id": 5,
      "name": "crate-2"
    },
    {
      "components": {
        "Material": {
          "color": [
            0.44,
            0.34,
            0.25,
            1
          ],
          "emissive": [
            0,
            0,
            0
          ],
          "grid_spacing": 0,
          "metallic": 0,
          "roughness": 0.5
        },
        "Mesh": {
          "Box": {
            "size": [
              1,
              1,
              1
            ]
          }
        },
        "Transform": {
          "position": [
            -11.312119,
            0.5,
            1.5342407
          ],
          "rotation": [
            0,
            0,
            0,
            1
          ],
          "scale": [
            1,
            1,
            1
          ]
        }
      },
      "id": 6,
      "name": "crate-3"
    },
    {
      "components": {
        "Material": {
          "color": [
            0.44,
            0.34,
            0.25,
            1
          ],
          "emissive": [
            0,
            0,
            0
          ],
          "grid_spacing": 0,
          "metallic": 0,
          "roughness": 0.5
        },
        "Mesh": {
          "Box": {
            "size": [
              1,
              1,
              1
            ]
          }
        },
        "Transform": {
          "position": [
            -6.945545,
            0.5,
            -1.616478
          ],
          "rotation": [
            0,
            0,
            0,
            1
          ],
          "scale": [
            1,
            1,
            1
          ]
        }
      },
      "id": 7,
      "name": "crate-4"
    },
    {
      "components": {
        "Material": {
          "color": [
            0.44,
            0.34,
            0.25,
            1
          ],
          "emissive": [
            0,
            0,
            0
          ],
          "grid_spacing": 0,
          "metallic": 0,
          "roughness": 0.5
        },
        "Mesh": {
          "Box": {
            "size": [
              1,
              1,
              1
            ]
          }
        },
        "Transform": {
          "position": [
            15.145346,
            0.5,
            13.686558
          ],
          "rotation": [
            0,
            0,
            0,
            1
          ],
          "scale": [
            1,
            1,
            1
          ]
        }
      },
      "id": 8,
      "name": "crate-5"
    },
    {
      "components": {
        "Material": {
          "color": [
            0.44,
            0.34,
            0.25,
            1
          ],
          "emissive": [
            0,
            0,
            0
          ],
          "grid_spacing": 0,
          "metallic": 0,
          "roughness": 0.5
        },
        "Mesh": {
          "Box": {
            "size": [
              1,
              1,
              1
            ]
          }
        },
        "Transform": {
          "position": [
            1.7558537,
            0.5,
            -12.80928
          ],
          "rotation": [
            0,
            0,
            0,
            1
          ],
          "scale": [
            1,
            1,
            1
          ]
        }
      },
      "id": 9,
      "name": "crate-6"
    },
    {
      "components": {
        "Beacon": {
          "glow": {
            "duration": 0.5,
            "start_tick": 570,
            "start_value": 0,
            "target": 1
          },
          "lit": true
        },
        "Material": {
          "color": [
            0.18,
            0.73,
            0.79,
            1
          ],
          "emissive": [
            0.7,
            2.5,
            3
          ],
          "grid_spacing": 0,
          "metallic": 0,
          "roughness": 0.5
        },
        "Mesh": {
          "Sphere": {
            "radius": 0.5
          }
        },
        "Transform": {
          "position": [
            8,
            1,
            0
          ],
          "rotation": [
            0,
            0,
            0,
            1
          ],
          "scale": [
            1,
            1,
            1
          ]
        }
      },
      "id": 10,
      "name": "beacon-1"
    },
    {
      "components": {
        "Beacon": {
          "glow": {
            "duration": 0,
            "start_tick": 0,
            "start_value": 0,
            "target": 0
          },
          "lit": false
        },
        "Material": {
          "color": [
            0.18,
            0.73,
            0.79,
            1
          ],
          "emissive": [
            0,
            0,
            0
          ],
          "grid_spacing": 0,
          "metallic": 0,
          "roughness": 0.5
        },
        "Mesh": {
          "Sphere": {
            "radius": 0.5
          }
        },
        "Transform": {
          "position": [
            -6,
            1,
            7
          ],
          "rotation": [
            0,
            0,
            0,
            1
          ],
          "scale": [
            1,
            1,
            1
          ]
        }
      },
      "id": 11,
      "name": "beacon-2"
    },
    {
      "components": {
        "Beacon": {
          "glow": {
            "duration": 0,
            "start_tick": 0,
            "start_value": 0,
            "target": 0
          },
          "lit": false
        },
        "Material": {
          "color": [
            0.18,
            0.73,
            0.79,
            1
          ],
          "emissive": [
            0,
            0,
            0
          ],
          "grid_spacing": 0,
          "metallic": 0,
          "roughness": 0.5
        },
        "Mesh": {
          "Sphere": {
            "radius": 0.5
          }
        },
        "Transform": {
          "position": [
            3,
            1,
            -9
          ],
          "rotation": [
            0,
            0,
            0,
            1
          ],
          "scale": [
            1,
            1,
            1
          ]
        }
      },
      "id": 12,
      "name": "beacon-3"
    }
  ],
  "hash": "0x95d2927a8997c0d9",
  "tick": 811,
  "truncated": false,
  "epoch": 4,
  "incarnation": 1,
  "clock": 13516.667
}
PASS entity snapshot is complete
type world {"key":"KeyW","phase":"down"}
{"typed":8,"delivery":"recognized","epoch":4,"incarnation":1,"clock":13516.667,"target":"world","carrier":"linux","mode":"agent"}
clock +2000
{"clock":15516.667,"world":[{"canvas":8,"changing":["paused"],"hash":"0x95d2927a8997c0d9","quiescent":true,"tick":811}],"epoch":4,"incarnation":1}
state world:*
{
  "entities": [
    {
      "components": {
        "Material": {
          "color": [
            0.12,
            0.22,
            0.24,
            1
          ],
          "emissive": [
            0,
            0,
            0
          ],
          "grid_spacing": 0,
          "metallic": 0,
          "roughness": 0.5
        },
        "Mesh": {
          "Plane": {
            "depth": 40,
            "width": 40
          }
        },
        "Transform": {
          "position": [
            0,
            0,
            0
          ],
          "rotation": [
            0,
            0,
            0,
            1
          ],
          "scale": [
            1,
            1,
            1
          ]
        }
      },
      "id": 0,
      "name": "ground"
    },
    {
      "components": {
        "Material": {
          "color": [
            0.96,
            0.65,
            0.22,
            1
          ],
          "emissive": [
            0,
            0,
            0
          ],
          "grid_spacing": 0,
          "metallic": 0,
          "roughness": 0.5
        },
        "Mesh": {
          "Capsule": {
            "height": 1.8,
            "radius": 0.4
          }
        },
        "Player": {
          "velocity": [
            0,
            0,
            0
          ]
        },
        "Transform": {
          "position": [
            7.9999957,
            0.9,
            -3.3333316
          ],
          "rotation": [
            0,
            0,
            0,
            1
          ],
          "scale": [
            1,
            1,
            1
          ]
        }
      },
      "id": 1,
      "name": "player"
    },
    {
      "components": {
        "Camera": {
          "active": true,
          "far": 1000,
          "fov_y_degrees": 60,
          "near": 0.1
        },
        "Follow": {
          "initialized": true,
          "lag": 0.15,
          "look_at_offset": [
            0,
            0,
            0
          ],
          "offset": [
            0,
            12,
            17
          ],
          "resolved": [
            {
              "generation": 0,
              "index": 1
            }
          ],
          "target": {
            "Entity": [
              {
                "generation": 0,
                "index": 1
              }
            ]
          }
        },
        "Transform": {
          "position": [
            7.9999957,
            12.9,
            13.666668
          ],
          "rotation": [
            -0.30251622,
            0,
            0,
            0.95314425
          ],
          "scale": [
            1,
            1,
            1
          ]
        }
      },
      "id": 2,
      "name": "camera"
    },
    {
      "components": {
        "DirectionalLight": {
          "color": [
            1,
            1,
            1
          ],
          "illuminance": 10000,
          "shadows": true
        },
        "Transform": {
          "position": [
            8,
            16,
            10
          ],
          "rotation": [
            -0.4086679,
            0.2983547,
            0.14335296,
            0.8505439
          ],
          "scale": [
            1,
            1,
            1
          ]
        }
      },
      "id": 3,
      "name": "sun"
    },
    {
      "components": {
        "Material": {
          "color": [
            0.44,
            0.34,
            0.25,
            1
          ],
          "emissive": [
            0,
            0,
            0
          ],
          "grid_spacing": 0,
          "metallic": 0,
          "roughness": 0.5
        },
        "Mesh": {
          "Box": {
            "size": [
              1,
              1,
              1
            ]
          }
        },
        "Transform": {
          "position": [
            -6.5119476,
            0.5,
            15.302141
          ],
          "rotation": [
            0,
            0,
            0,
            1
          ],
          "scale": [
            1,
            1,
            1
          ]
        }
      },
      "id": 4,
      "name": "crate-1"
    },
    {
      "components": {
        "Material": {
          "color": [
            0.44,
            0.34,
            0.25,
            1
          ],
          "emissive": [
            0,
            0,
            0
          ],
          "grid_spacing": 0,
          "metallic": 0,
          "roughness": 0.5
        },
        "Mesh": {
          "Box": {
            "size": [
              1,
              1,
              1
            ]
          }
        },
        "Transform": {
          "position": [
            -2.8830242,
            0.5,
            12.395628
          ],
          "rotation": [
            0,
            0,
            0,
            1
          ],
          "scale": [
            1,
            1,
            1
          ]
        }
      },
      "id": 5,
      "name": "crate-2"
    },
    {
      "components": {
        "Material": {
          "color": [
            0.44,
            0.34,
            0.25,
            1
          ],
          "emissive": [
            0,
            0,
            0
          ],
          "grid_spacing": 0,
          "metallic": 0,
          "roughness": 0.5
        },
        "Mesh": {
          "Box": {
            "size": [
              1,
              1,
              1
            ]
          }
        },
        "Transform": {
          "position": [
            -11.312119,
            0.5,
            1.5342407
          ],
          "rotation": [
            0,
            0,
            0,
            1
          ],
          "scale": [
            1,
            1,
            1
          ]
        }
      },
      "id": 6,
      "name": "crate-3"
    },
    {
      "components": {
        "Material": {
          "color": [
            0.44,
            0.34,
            0.25,
            1
          ],
          "emissive": [
            0,
            0,
            0
          ],
          "grid_spacing": 0,
          "metallic": 0,
          "roughness": 0.5
        },
        "Mesh": {
          "Box": {
            "size": [
              1,
              1,
              1
            ]
          }
        },
        "Transform": {
          "position": [
            -6.945545,
            0.5,
            -1.616478
          ],
          "rotation": [
            0,
            0,
            0,
            1
          ],
          "scale": [
            1,
            1,
            1
          ]
        }
      },
      "id": 7,
      "name": "crate-4"
    },
    {
      "components": {
        "Material": {
          "color": [
            0.44,
            0.34,
            0.25,
            1
          ],
          "emissive": [
            0,
            0,
            0
          ],
          "grid_spacing": 0,
          "metallic": 0,
          "roughness": 0.5
        },
        "Mesh": {
          "Box": {
            "size": [
              1,
              1,
              1
            ]
          }
        },
        "Transform": {
          "position": [
            15.145346,
            0.5,
            13.686558
          ],
          "rotation": [
            0,
            0,
            0,
            1
          ],
          "scale": [
            1,
            1,
            1
          ]
        }
      },
      "id": 8,
      "name": "crate-5"
    },
    {
      "components": {
        "Material": {
          "color": [
            0.44,
            0.34,
            0.25,
            1
          ],
          "emissive": [
            0,
            0,
            0
          ],
          "grid_spacing": 0,
          "metallic": 0,
          "roughness": 0.5
        },
        "Mesh": {
          "Box": {
            "size": [
              1,
              1,
              1
            ]
          }
        },
        "Transform": {
          "position": [
            1.7558537,
            0.5,
            -12.80928
          ],
          "rotation": [
            0,
            0,
            0,
            1
          ],
          "scale": [
            1,
            1,
            1
          ]
        }
      },
      "id": 9,
      "name": "crate-6"
    },
    {
      "components": {
        "Beacon": {
          "glow": {
            "duration": 0.5,
            "start_tick": 570,
            "start_value": 0,
            "target": 1
          },
          "lit": true
        },
        "Material": {
          "color": [
            0.18,
            0.73,
            0.79,
            1
          ],
          "emissive": [
            0.7,
            2.5,
            3
          ],
          "grid_spacing": 0,
          "metallic": 0,
          "roughness": 0.5
        },
        "Mesh": {
          "Sphere": {
            "radius": 0.5
          }
        },
        "Transform": {
          "position": [
            8,
            1,
            0
          ],
          "rotation": [
            0,
            0,
            0,
            1
          ],
          "scale": [
            1,
            1,
            1
          ]
        }
      },
      "id": 10,
      "name": "beacon-1"
    },
    {
      "components": {
        "Beacon": {
          "glow": {
            "duration": 0,
            "start_tick": 0,
            "start_value": 0,
            "target": 0
          },
          "lit": false
        },
        "Material": {
          "color": [
            0.18,
            0.73,
            0.79,
            1
          ],
          "emissive": [
            0,
            0,
            0
          ],
          "grid_spacing": 0,
          "metallic": 0,
          "roughness": 0.5
        },
        "Mesh": {
          "Sphere": {
            "radius": 0.5
          }
        },
        "Transform": {
          "position": [
            -6,
            1,
            7
          ],
          "rotation": [
            0,
            0,
            0,
            1
          ],
          "scale": [
            1,
            1,
            1
          ]
        }
      },
      "id": 11,
      "name": "beacon-2"
    },
    {
      "components": {
        "Beacon": {
          "glow": {
            "duration": 0,
            "start_tick": 0,
            "start_value": 0,
            "target": 0
          },
          "lit": false
        },
        "Material": {
          "color": [
            0.18,
            0.73,
            0.79,
            1
          ],
          "emissive": [
            0,
            0,
            0
          ],
          "grid_spacing": 0,
          "metallic": 0,
          "roughness": 0.5
        },
        "Mesh": {
          "Sphere": {
            "radius": 0.5
          }
        },
        "Transform": {
          "position": [
            3,
            1,
            -9
          ],
          "rotation": [
            0,
            0,
            0,
            1
          ],
          "scale": [
            1,
            1,
            1
          ]
        }
      },
      "id": 12,
      "name": "beacon-3"
    }
  ],
  "hash": "0x95d2927a8997c0d9",
  "tick": 811,
  "truncated": false,
  "epoch": 4,
  "incarnation": 1,
  "clock": 15516.667
}
PASS entity snapshot is complete
PASS paused two seconds with W held: all entities and tick unchanged
type world {"key":"KeyW","phase":"up"}
{"typed":8,"delivery":"recognized","epoch":4,"incarnation":1,"clock":15516.667,"target":"world","carrier":"linux","mode":"agent"}
tree 
epoch 4 · incarnation 1 · clock 15516.667 ms · 6 nodes
View#1
  Canvas#8 [world] world{world} · 13 entities · tick 811
    Text#9 [hud-beacons] "Beacons 1 / 3"
    Pressable#10 [pause] [focused] name="Resume" (press)
      Text#11 "Resume"
    Text#12 "WASD / arrows · Move     Space · Jump     E · Light nearby beacon"
PASS pause button now accessible Resume
tap pause
{"tapped":10,"at":[1205.5,48.5],"epoch":5,"incarnation":1,"clock":15516.667,"target":"pause","delivery":"platform","carrier":"linux","mode":"agent"}
logs 
t=0 boot: 7 nodes, epoch 1
t=0 press view 6 (play) → epoch 2 (+5 −6 ~1)
t=0 surface world (1 asked again) → epoch 2 (+0 −0 ~0)
t=9600 surface world (1 asked again) → epoch 3 (+0 −0 ~1)
t=13516.667 press view 10 (togglePause) → epoch 4 (+0 −0 ~1)
t=15516.667 press view 10 (togglePause) → epoch 5 (+0 −0 ~1)
world t=0 tick=0 spawn #0
world t=0 tick=0 spawn #1
world t=0 tick=0 spawn #2
world t=0 tick=0 spawn #3
world t=0 tick=0 spawn #4
world t=0 tick=0 spawn #5
world t=0 tick=0 spawn #6
world t=0 tick=0 spawn #7
world t=0 tick=0 spawn #8
world t=0 tick=0 spawn #9
world t=0 tick=0 spawn #10
world t=0 tick=0 spawn #11
world t=0 tick=0 spawn #12
world t=0 tick=0 publish beacons: Number(0.0)
world t=9500 tick=570 beacon lit
world t=9500 tick=570 publish beacons: Number(1.0)
PASS no browser or GPU errors: []
Original sessions closed; restoring into a fresh process.
tap play
{"tapped":6,"at":[640,452.5],"epoch":3,"incarnation":1,"clock":0,"target":"play","delivery":"platform","carrier":"linux","mode":"agent"}
state 
{
  "clock": 0,
  "delivery": {
    "E": [
      "native"
    ],
    "L": "0",
    "compatibilityId": "f4691ab5709d350c18facbb9ff95e76f",
    "embeddedSeq": 0,
    "interpreted": [],
    "seq": 0,
    "staged": false,
    "stream": "embedded",
    "sunset": ""
  },
  "derives": {},
  "epoch": 3,
  "focus": {
    "logical": null
  },
  "incarnation": 1,
  "keyboard": {
    "unavailable": true
  },
  "logic": {
    "ready": true,
    "revision": null,
    "rustExecutor": null
  },
  "navigation": {
    "unavailable": true
  },
  "pending": [],
  "resources": {
    "hud": {
      "beacons": 1
    }
  },
  "slots": {
    "paused": false,
    "playing": true,
    "round": 0,
    "seed": 7
  },
  "store": [],
  "world": [
    {
      "args": {
        "paused": false,
        "round": 0,
        "seed": 7
      },
      "audio": {
        "sources": [],
        "voices": []
      },
      "canvas": 8,
      "device": false,
      "entities": 13,
      "hash": "0x7360b02910f98eb5",
      "hz": 60,
      "input": {
        "actions": {
          "jump": {
            "keys": [
              "Space"
            ],
            "name": "jump",
            "stick": [],
            "touch": []
          },
          "light": {
            "keys": [
              "KeyE"
            ],
            "name": "light",
            "stick": [],
            "touch": []
          },
          "move": {
            "keys": [],
            "name": "move",
            "stick": [
              {
                "keys": [
                  [
                    "KeyW",
                    "KeyS",
                    "KeyA",
                    "KeyD"
                  ],
                  [
                    "ArrowUp",
                    "ArrowDown",
                    "ArrowLeft",
                    "ArrowRight"
                  ]
                ],
                "touch": []
              }
            ],
            "touch": []
          }
        },
        "forwarded": [
          "KeyW",
          "Space"
        ],
        "held": []
      },
      "name": "world",
      "paused": false,
      "perf": {
        "draws": 0,
        "encodeMs": {
          "count": 0,
          "max": 0,
          "mean": 0,
          "p50": 0,
          "p95": 0,
          "p99": 0
        },
        "feedMs": {
          "count": 0,
          "max": 0,
          "mean": 0,
          "p50": 0,
          "p95": 0,
          "p99": 0
        },
        "frameMs": {
          "count": 0,
          "max": 0,
          "mean": 0,
          "p50": 0,
          "p95": 0,
          "p99": 0
        },
        "instances": 0,
        "pixels": [
          0,
          0
        ],
        "tickMs": {
          "count": 0,
          "max": 0,
          "mean": 0,
          "p50": 0,
          "p95": 0,
          "p99": 0
        },
        "ticksPerFrame": {
          "count": 0,
          "max": 0,
          "mean": 0,
          "p50": 0,
          "p95": 0,
          "p99": 0
        },
        "triangles": 0,
        "wallClock": true
      },
      "published": {
        "beacons": 1
      },
      "resources": {},
      "restored": true,
      "restoredFrom": {
        "paused": false,
        "round": 0,
        "seed": 7
      },
      "seed": 7,
      "tick": 576
    }
  ]
}
PASS fresh process reports restored
state world:*
{
  "entities": [
    {
      "components": {
        "Material": {
          "color": [
            0.12,
            0.22,
            0.24,
            1
          ],
          "emissive": [
            0,
            0,
            0
          ],
          "grid_spacing": 0,
          "metallic": 0,
          "roughness": 0.5
        },
        "Mesh": {
          "Plane": {
            "depth": 40,
            "width": 40
          }
        },
        "Transform": {
          "position": [
            0,
            0,
            0
          ],
          "rotation": [
            0,
            0,
            0,
            1
          ],
          "scale": [
            1,
            1,
            1
          ]
        }
      },
      "id": 0,
      "name": "ground"
    },
    {
      "components": {
        "Material": {
          "color": [
            0.96,
            0.65,
            0.22,
            1
          ],
          "emissive": [
            0,
            0,
            0
          ],
          "grid_spacing": 0,
          "metallic": 0,
          "roughness": 0.5
        },
        "Mesh": {
          "Capsule": {
            "height": 1.8,
            "radius": 0.4
          }
        },
        "Player": {
          "velocity": [
            0,
            0,
            0
          ]
        },
        "Transform": {
          "position": [
            7.9999957,
            0.9,
            0.0000018797194
          ],
          "rotation": [
            0,
            0,
            0,
            1
          ],
          "scale": [
            1,
            1,
            1
          ]
        }
      },
      "id": 1,
      "name": "player"
    },
    {
      "components": {
        "Camera": {
          "active": true,
          "far": 1000,
          "fov_y_degrees": 60,
          "near": 0.1
        },
        "Follow": {
          "initialized": true,
          "lag": 0.15,
          "look_at_offset": [
            0,
            0,
            0
          ],
          "offset": [
            0,
            12,
            17
          ],
          "resolved": [
            {
              "generation": 0,
              "index": 1
            }
          ],
          "target": {
            "Entity": [
              {
                "generation": 0,
                "index": 1
              }
            ]
          }
        },
        "Transform": {
          "position": [
            7.9999957,
            12.9,
            17.000002
          ],
          "rotation": [
            -0.30251622,
            0,
            0,
            0.95314425
          ],
          "scale": [
            1,
            1,
            1
          ]
        }
      },
      "id": 2,
      "name": "camera"
    },
    {
      "components": {
        "DirectionalLight": {
          "color": [
            1,
            1,
            1
          ],
          "illuminance": 10000,
          "shadows": true
        },
        "Transform": {
          "position": [
            8,
            16,
            10
          ],
          "rotation": [
            -0.4086679,
            0.2983547,
            0.14335296,
            0.8505439
          ],
          "scale": [
            1,
            1,
            1
          ]
        }
      },
      "id": 3,
      "name": "sun"
    },
    {
      "components": {
        "Material": {
          "color": [
            0.44,
            0.34,
            0.25,
            1
          ],
          "emissive": [
            0,
            0,
            0
          ],
          "grid_spacing": 0,
          "metallic": 0,
          "roughness": 0.5
        },
        "Mesh": {
          "Box": {
            "size": [
              1,
              1,
              1
            ]
          }
        },
        "Transform": {
          "position": [
            -6.5119476,
            0.5,
            15.302141
          ],
          "rotation": [
            0,
            0,
            0,
            1
          ],
          "scale": [
            1,
            1,
            1
          ]
        }
      },
      "id": 4,
      "name": "crate-1"
    },
    {
      "components": {
        "Material": {
          "color": [
            0.44,
            0.34,
            0.25,
            1
          ],
          "emissive": [
            0,
            0,
            0
          ],
          "grid_spacing": 0,
          "metallic": 0,
          "roughness": 0.5
        },
        "Mesh": {
          "Box": {
            "size": [
              1,
              1,
              1
            ]
          }
        },
        "Transform": {
          "position": [
            -2.8830242,
            0.5,
            12.395628
          ],
          "rotation": [
            0,
            0,
            0,
            1
          ],
          "scale": [
            1,
            1,
            1
          ]
        }
      },
      "id": 5,
      "name": "crate-2"
    },
    {
      "components": {
        "Material": {
          "color": [
            0.44,
            0.34,
            0.25,
            1
          ],
          "emissive": [
            0,
            0,
            0
          ],
          "grid_spacing": 0,
          "metallic": 0,
          "roughness": 0.5
        },
        "Mesh": {
          "Box": {
            "size": [
              1,
              1,
              1
            ]
          }
        },
        "Transform": {
          "position": [
            -11.312119,
            0.5,
            1.5342407
          ],
          "rotation": [
            0,
            0,
            0,
            1
          ],
          "scale": [
            1,
            1,
            1
          ]
        }
      },
      "id": 6,
      "name": "crate-3"
    },
    {
      "components": {
        "Material": {
          "color": [
            0.44,
            0.34,
            0.25,
            1
          ],
          "emissive": [
            0,
            0,
            0
          ],
          "grid_spacing": 0,
          "metallic": 0,
          "roughness": 0.5
        },
        "Mesh": {
          "Box": {
            "size": [
              1,
              1,
              1
            ]
          }
        },
        "Transform": {
          "position": [
            -6.945545,
            0.5,
            -1.616478
          ],
          "rotation": [
            0,
            0,
            0,
            1
          ],
          "scale": [
            1,
            1,
            1
          ]
        }
      },
      "id": 7,
      "name": "crate-4"
    },
    {
      "components": {
        "Material": {
          "color": [
            0.44,
            0.34,
            0.25,
            1
          ],
          "emissive": [
            0,
            0,
            0
          ],
          "grid_spacing": 0,
          "metallic": 0,
          "roughness": 0.5
        },
        "Mesh": {
          "Box": {
            "size": [
              1,
              1,
              1
            ]
          }
        },
        "Transform": {
          "position": [
            15.145346,
            0.5,
            13.686558
          ],
          "rotation": [
            0,
            0,
            0,
            1
          ],
          "scale": [
            1,
            1,
            1
          ]
        }
      },
      "id": 8,
      "name": "crate-5"
    },
    {
      "components": {
        "Material": {
          "color": [
            0.44,
            0.34,
            0.25,
            1
          ],
          "emissive": [
            0,
            0,
            0
          ],
          "grid_spacing": 0,
          "metallic": 0,
          "roughness": 0.5
        },
        "Mesh": {
          "Box": {
            "size": [
              1,
              1,
              1
            ]
          }
        },
        "Transform": {
          "position": [
            1.7558537,
            0.5,
            -12.80928
          ],
          "rotation": [
            0,
            0,
            0,
            1
          ],
          "scale": [
            1,
            1,
            1
          ]
        }
      },
      "id": 9,
      "name": "crate-6"
    },
    {
      "components": {
        "Beacon": {
          "glow": {
            "duration": 0.5,
            "start_tick": 570,
            "start_value": 0,
            "target": 1
          },
          "lit": true
        },
        "Material": {
          "color": [
            0.18,
            0.73,
            0.79,
            1
          ],
          "emissive": [
            0.05185185,
            0.1851852,
            0.22222222
          ],
          "grid_spacing": 0,
          "metallic": 0,
          "roughness": 0.5
        },
        "Mesh": {
          "Sphere": {
            "radius": 0.5
          }
        },
        "Transform": {
          "position": [
            8,
            1,
            0
          ],
          "rotation": [
            0,
            0,
            0,
            1
          ],
          "scale": [
            1,
            1,
            1
          ]
        }
      },
      "id": 10,
      "name": "beacon-1"
    },
    {
      "components": {
        "Beacon": {
          "glow": {
            "duration": 0,
            "start_tick": 0,
            "start_value": 0,
            "target": 0
          },
          "lit": false
        },
        "Material": {
          "color": [
            0.18,
            0.73,
            0.79,
            1
          ],
          "emissive": [
            0,
            0,
            0
          ],
          "grid_spacing": 0,
          "metallic": 0,
          "roughness": 0.5
        },
        "Mesh": {
          "Sphere": {
            "radius": 0.5
          }
        },
        "Transform": {
          "position": [
            -6,
            1,
            7
          ],
          "rotation": [
            0,
            0,
            0,
            1
          ],
          "scale": [
            1,
            1,
            1
          ]
        }
      },
      "id": 11,
      "name": "beacon-2"
    },
    {
      "components": {
        "Beacon": {
          "glow": {
            "duration": 0,
            "start_tick": 0,
            "start_value": 0,
            "target": 0
          },
          "lit": false
        },
        "Material": {
          "color": [
            0.18,
            0.73,
            0.79,
            1
          ],
          "emissive": [
            0,
            0,
            0
          ],
          "grid_spacing": 0,
          "metallic": 0,
          "roughness": 0.5
        },
        "Mesh": {
          "Sphere": {
            "radius": 0.5
          }
        },
        "Transform": {
          "position": [
            3,
            1,
            -9
          ],
          "rotation": [
            0,
            0,
            0,
            1
          ],
          "scale": [
            1,
            1,
            1
          ]
        }
      },
      "id": 12,
      "name": "beacon-3"
    }
  ],
  "hash": "0x7360b02910f98eb5",
  "tick": 576,
  "truncated": false,
  "epoch": 3,
  "incarnation": 1,
  "clock": 0
}
PASS entity snapshot is complete
PASS restored checkpoint has every saved entity
clock +900
{"clock":900,"world":[{"canvas":8,"changing":["player.Player","player.Transform","camera.Transform"],"hash":"0x5c9c309d3b8ede36","quiescent":false,"settleAt":1000,"tick":630}],"epoch":3,"incarnation":1}
type world {"key":"KeyW","phase":"up"}
{"typed":8,"delivery":"recognized","epoch":3,"incarnation":1,"clock":900,"target":"world","carrier":"linux","mode":"agent"}
type world {"key":"Space","phase":"up"}
{"typed":8,"delivery":"recognized","epoch":3,"incarnation":1,"clock":900,"target":"world","carrier":"linux","mode":"agent"}
state world:beacon-1
{
  "entity": {
    "components": {
      "Beacon": {
        "glow": {
          "duration": 0.5,
          "start_tick": 570,
          "start_value": 0,
          "target": 1
        },
        "lit": true
      },
      "Material": {
        "color": [
          0.18,
          0.73,
          0.79,
          1
        ],
        "emissive": [
          0.7,
          2.5,
          3
        ],
        "grid_spacing": 0,
        "metallic": 0,
        "roughness": 0.5
      },
      "Mesh": {
        "Sphere": {
          "radius": 0.5
        }
      },
      "Transform": {
        "position": [
          8,
          1,
          0
        ],
        "rotation": [
          0,
          0,
          0,
          1
        ],
        "scale": [
          1,
          1,
          1
        ]
      }
    },
    "id": 10,
    "name": "beacon-1"
  },
  "tick": 630,
  "epoch": 3,
  "incarnation": 1,
  "clock": 900
}
PASS glow fully up at one second after E
clock settle
{"clock":3916.667,"settled":true,"world":[{"canvas":8,"changing":[],"hash":"0x95d2927a8997c0d9","quiescent":true,"tick":811}],"epoch":3,"incarnation":1}
PASS continuation settles
state world:*
{
  "entities": [
    {
      "components": {
        "Material": {
          "color": [
            0.12,
            0.22,
            0.24,
            1
          ],
          "emissive": [
            0,
            0,
            0
          ],
          "grid_spacing": 0,
          "metallic": 0,
          "roughness": 0.5
        },
        "Mesh": {
          "Plane": {
            "depth": 40,
            "width": 40
          }
        },
        "Transform": {
          "position": [
            0,
            0,
            0
          ],
          "rotation": [
            0,
            0,
            0,
            1
          ],
          "scale": [
            1,
            1,
            1
          ]
        }
      },
      "id": 0,
      "name": "ground"
    },
    {
      "components": {
        "Material": {
          "color": [
            0.96,
            0.65,
            0.22,
            1
          ],
          "emissive": [
            0,
            0,
            0
          ],
          "grid_spacing": 0,
          "metallic": 0,
          "roughness": 0.5
        },
        "Mesh": {
          "Capsule": {
            "height": 1.8,
            "radius": 0.4
          }
        },
        "Player": {
          "velocity": [
            0,
            0,
            0
          ]
        },
        "Transform": {
          "position": [
            7.9999957,
            0.9,
            -3.3333316
          ],
          "rotation": [
            0,
            0,
            0,
            1
          ],
          "scale": [
            1,
            1,
            1
          ]
        }
      },
      "id": 1,
      "name": "player"
    },
    {
      "components": {
        "Camera": {
          "active": true,
          "far": 1000,
          "fov_y_degrees": 60,
          "near": 0.1
        },
        "Follow": {
          "initialized": true,
          "lag": 0.15,
          "look_at_offset": [
            0,
            0,
            0
          ],
          "offset": [
            0,
            12,
            17
          ],
          "resolved": [
            {
              "generation": 0,
              "index": 1
            }
          ],
          "target": {
            "Entity": [
              {
                "generation": 0,
                "index": 1
              }
            ]
          }
        },
        "Transform": {
          "position": [
            7.9999957,
            12.9,
            13.666668
          ],
          "rotation": [
            -0.30251622,
            0,
            0,
            0.95314425
          ],
          "scale": [
            1,
            1,
            1
          ]
        }
      },
      "id": 2,
      "name": "camera"
    },
    {
      "components": {
        "DirectionalLight": {
          "color": [
            1,
            1,
            1
          ],
          "illuminance": 10000,
          "shadows": true
        },
        "Transform": {
          "position": [
            8,
            16,
            10
          ],
          "rotation": [
            -0.4086679,
            0.2983547,
            0.14335296,
            0.8505439
          ],
          "scale": [
            1,
            1,
            1
          ]
        }
      },
      "id": 3,
      "name": "sun"
    },
    {
      "components": {
        "Material": {
          "color": [
            0.44,
            0.34,
            0.25,
            1
          ],
          "emissive": [
            0,
            0,
            0
          ],
          "grid_spacing": 0,
          "metallic": 0,
          "roughness": 0.5
        },
        "Mesh": {
          "Box": {
            "size": [
              1,
              1,
              1
            ]
          }
        },
        "Transform": {
          "position": [
            -6.5119476,
            0.5,
            15.302141
          ],
          "rotation": [
            0,
            0,
            0,
            1
          ],
          "scale": [
            1,
            1,
            1
          ]
        }
      },
      "id": 4,
      "name": "crate-1"
    },
    {
      "components": {
        "Material": {
          "color": [
            0.44,
            0.34,
            0.25,
            1
          ],
          "emissive": [
            0,
            0,
            0
          ],
          "grid_spacing": 0,
          "metallic": 0,
          "roughness": 0.5
        },
        "Mesh": {
          "Box": {
            "size": [
              1,
              1,
              1
            ]
          }
        },
        "Transform": {
          "position": [
            -2.8830242,
            0.5,
            12.395628
          ],
          "rotation": [
            0,
            0,
            0,
            1
          ],
          "scale": [
            1,
            1,
            1
          ]
        }
      },
      "id": 5,
      "name": "crate-2"
    },
    {
      "components": {
        "Material": {
          "color": [
            0.44,
            0.34,
            0.25,
            1
          ],
          "emissive": [
            0,
            0,
            0
          ],
          "grid_spacing": 0,
          "metallic": 0,
          "roughness": 0.5
        },
        "Mesh": {
          "Box": {
            "size": [
              1,
              1,
              1
            ]
          }
        },
        "Transform": {
          "position": [
            -11.312119,
            0.5,
            1.5342407
          ],
          "rotation": [
            0,
            0,
            0,
            1
          ],
          "scale": [
            1,
            1,
            1
          ]
        }
      },
      "id": 6,
      "name": "crate-3"
    },
    {
      "components": {
        "Material": {
          "color": [
            0.44,
            0.34,
            0.25,
            1
          ],
          "emissive": [
            0,
            0,
            0
          ],
          "grid_spacing": 0,
          "metallic": 0,
          "roughness": 0.5
        },
        "Mesh": {
          "Box": {
            "size": [
              1,
              1,
              1
            ]
          }
        },
        "Transform": {
          "position": [
            -6.945545,
            0.5,
            -1.616478
          ],
          "rotation": [
            0,
            0,
            0,
            1
          ],
          "scale": [
            1,
            1,
            1
          ]
        }
      },
      "id": 7,
      "name": "crate-4"
    },
    {
      "components": {
        "Material": {
          "color": [
            0.44,
            0.34,
            0.25,
            1
          ],
          "emissive": [
            0,
            0,
            0
          ],
          "grid_spacing": 0,
          "metallic": 0,
          "roughness": 0.5
        },
        "Mesh": {
          "Box": {
            "size": [
              1,
              1,
              1
            ]
          }
        },
        "Transform": {
          "position": [
            15.145346,
            0.5,
            13.686558
          ],
          "rotation": [
            0,
            0,
            0,
            1
          ],
          "scale": [
            1,
            1,
            1
          ]
        }
      },
      "id": 8,
      "name": "crate-5"
    },
    {
      "components": {
        "Material": {
          "color": [
            0.44,
            0.34,
            0.25,
            1
          ],
          "emissive": [
            0,
            0,
            0
          ],
          "grid_spacing": 0,
          "metallic": 0,
          "roughness": 0.5
        },
        "Mesh": {
          "Box": {
            "size": [
              1,
              1,
              1
            ]
          }
        },
        "Transform": {
          "position": [
            1.7558537,
            0.5,
            -12.80928
          ],
          "rotation": [
            0,
            0,
            0,
            1
          ],
          "scale": [
            1,
            1,
            1
          ]
        }
      },
      "id": 9,
      "name": "crate-6"
    },
    {
      "components": {
        "Beacon": {
          "glow": {
            "duration": 0.5,
            "start_tick": 570,
            "start_value": 0,
            "target": 1
          },
          "lit": true
        },
        "Material": {
          "color": [
            0.18,
            0.73,
            0.79,
            1
          ],
          "emissive": [
            0.7,
            2.5,
            3
          ],
          "grid_spacing": 0,
          "metallic": 0,
          "roughness": 0.5
        },
        "Mesh": {
          "Sphere": {
            "radius": 0.5
          }
        },
        "Transform": {
          "position": [
            8,
            1,
            0
          ],
          "rotation": [
            0,
            0,
            0,
            1
          ],
          "scale": [
            1,
            1,
            1
          ]
        }
      },
      "id": 10,
      "name": "beacon-1"
    },
    {
      "components": {
        "Beacon": {
          "glow": {
            "duration": 0,
            "start_tick": 0,
            "start_value": 0,
            "target": 0
          },
          "lit": false
        },
        "Material": {
          "color": [
            0.18,
            0.73,
            0.79,
            1
          ],
          "emissive": [
            0,
            0,
            0
          ],
          "grid_spacing": 0,
          "metallic": 0,
          "roughness": 0.5
        },
        "Mesh": {
          "Sphere": {
            "radius": 0.5
          }
        },
        "Transform": {
          "position": [
            -6,
            1,
            7
          ],
          "rotation": [
            0,
            0,
            0,
            1
          ],
          "scale": [
            1,
            1,
            1
          ]
        }
      },
      "id": 11,
      "name": "beacon-2"
    },
    {
      "components": {
        "Beacon": {
          "glow": {
            "duration": 0,
            "start_tick": 0,
            "start_value": 0,
            "target": 0
          },
          "lit": false
        },
        "Material": {
          "color": [
            0.18,
            0.73,
            0.79,
            1
          ],
          "emissive": [
            0,
            0,
            0
          ],
          "grid_spacing": 0,
          "metallic": 0,
          "roughness": 0.5
        },
        "Mesh": {
          "Sphere": {
            "radius": 0.5
          }
        },
        "Transform": {
          "position": [
            3,
            1,
            -9
          ],
          "rotation": [
            0,
            0,
            0,
            1
          ],
          "scale": [
            1,
            1,
            1
          ]
        }
      },
      "id": 12,
      "name": "beacon-3"
    }
  ],
  "hash": "0x95d2927a8997c0d9",
  "tick": 811,
  "truncated": false,
  "epoch": 3,
  "incarnation": 1,
  "clock": 3916.667
}
PASS entity snapshot is complete
PASS restored continuation matches original
screenshot /Users/ccheever/projects/exact2-wt-game/game/games/beacons/artifacts/restored.world world save
{"bytes":4457,"hash":"0x95d2927a8997c0d9","tick":811,"epoch":3,"incarnation":1,"clock":3916.667,"screenshot":"/Users/ccheever/projects/exact2-wt-game/game/games/beacons/artifacts/restored.world"}
PASS complete continuation save is byte-identical
PASS all recorded children exited: []
PROOF PASS beacons linux: 0 failures; 0.974 s
