Filesystem      Size  Used Avail Use% Mounted on
/dev/nvme0n1p4  1.7T  1.5T  139G  92% /
BUILD greybox linux
Filesystem     1024-blocks       Used Available Capacity Mounted on
/dev/nvme0n1p4  1810493656 1573363480 145088432      92% /
   Compiling exact-game-audio v0.1.0 (/home/ccheever/lanes/gamenext/exact2-i1/game/audio)
   Compiling greybox-logic v0.1.0 (/home/ccheever/lanes/gamenext/exact2-i1/game/games/greybox/logic)
   Compiling greybox-gpu v0.1.0 (/home/ccheever/lanes/gamenext/exact2-i1/game/.shells/439038419b445eab74ca29b4-gpu)
    Finished `release` profile [optimized] target(s) in 5.81s
   Compiling greybox-linux v0.1.0 (/home/ccheever/lanes/gamenext/exact2-i1/game/.shells/439038419b445eab74ca29b4-linux)
    Finished `release` profile [optimized] target(s) in 13.39s
tree 
epoch 1 · incarnation 1 · clock 0 ms · 5 nodes
View#1
  View#2
    Text#3 "Grey box"
    Pressable#4 [play] [focused] name="Play" (press)
      Text#5 "Play"
PASS Play is initially focused and named by its text
state 
{
  "epoch": 1,
  "incarnation": 1,
  "clock": 0,
  "slots": {
    "playing": false,
    "seed": 7,
    "paused": false
  },
  "derives": {},
  "resources": {
    "hud": {
      "beacons": 0
    }
  },
  "pending": [],
  "store": [],
  "delivery": {
    "stream": "embedded",
    "seq": 0,
    "embeddedSeq": 0,
    "staged": false,
    "sunset": "",
    "interpreted": [],
    "compatibilityId": "b711c59d2d941400ec01588e99bbc93f",
    "L": "0",
    "E": [
      "native"
    ]
  },
  "logic": {
    "revision": null,
    "rustExecutor": null,
    "ready": true
  },
  "focus": {
    "logical": 4
  },
  "keyboard": {
    "unavailable": true
  },
  "navigation": {
    "unavailable": true
  },
  "ownership": {
    "clock": "controlled",
    "launchMode": "agent",
    "owner": "agent",
    "scope": "launch"
  },
  "capabilities": {
    "build": {
      "host": "b711c59d2d941400ec01588e99bbc93f",
      "lastSuccessfulSwap": null,
      "loadedGame": null,
      "phase": "launch",
      "planDigest": {
        "unavailable": true
      },
      "requestedGame": {
        "app": "com.exact.greybox",
        "cohort": "b711c59d2d941400ec01588e99bbc93f",
        "name": "libgreybox_gpu.so",
        "sha256": "8df00874c859d7292f6efe3dfdd80b7868fb70a78a569854e24d958ebfc3c706",
        "trust": "development"
      }
    },
    "carrier": {
      "active": "stdio-headless",
      "available": [
        "stdio-headless"
      ],
      "delivery": {
        "canvasKey": "recognized",
        "device": false,
        "heldContact": false,
        "tap": "recognized"
      },
      "eof": "exit",
      "scope": "launch"
    },
    "clockOwnership": false,
    "detach": false,
    "handoff": false,
    "host": "linux",
    "inputProvenance": {
      "reason": "GPU input ABI does not carry source attestation",
      "unavailable": true
    },
    "reload": {
      "game": "rebuild-relaunch",
      "liveGameReplacement": false,
      "ui": "restart-with-compatible-slot-carry",
      "worldCarry": "explicit-save-restore",
      "worldOnUIReload": {
        "reason": "surface instances are rebound by view id; transactional game carry is not implemented",
        "unavailable": true
      }
    }
  }
}
PASS state focus agrees with tree
PASS title and Play are the initial UI
PASS no world or loaded GPU module on the title
screenshot /home/ccheever/lanes/gamenext/exact2-i1/game/games/greybox/artifacts/greybox-title.png
{"screenshot":"/home/ccheever/lanes/gamenext/exact2-i1/game/games/greybox/artifacts/greybox-title.png","w":1280,"h":720,"epoch":1,"incarnation":1,"clock":0}
tap play
{"tapped":4,"at":[640,400],"epoch":2,"incarnation":1,"clock":0,"target":"play","delivery":"platform","carrier":"linux","mode":"agent"}
tree 
epoch 2 · incarnation 1 · clock 0 ms · 5 nodes
View#1
  Canvas#6 [world] world{world} · 8 entities · tick 0
    Text#7 [hud-beacons] "Beacons 0 / 1"
    Pressable#8 [pause] name="Pause" (press)
      Text#9 "Pause"
PASS HUD is polite and Pause is named by text
PASS canvas carries the setup world summary: {"canvas":6,"device":false,"entities":8,"name":"world","tick":0}
PASS hud-beacons is a direct canvas child: {"children":[],"depth":2,"focused":false,"handlers":[],"id":7,"parent":6,"props":{"accessibilityLive":"polite","testId":"hud-beacons","text":"Beacons 0 / 1"},"type":"Text"}
PASS pause is a direct canvas child: {"accessibleName":"Pause","children":[9],"depth":2,"focused":false,"handlers":["press"],"id":8,"parent":6,"props":{"accessibilityRole":"button","testId":"pause"},"type":"Pressable"}
PASS initial HUD text
tree world
epoch 2 · incarnation 1 · clock 0 ms · tick 0 · 8 entities
ground#0 (Material, Mesh, Transform)
player#1 (Material, Mesh, Player, Transform)
camera#2 (AudioListener, AudioSource, Camera, Follow, Transform)
sun#3 (DirectionalLight, Transform)
crate-1#4 (Material, Mesh, Transform)
crate-2#5 (Material, Mesh, Transform)
crate-3#6 (Material, Mesh, Transform)
beacon-1#7 (Beacon, Material, Mesh, Transform)
PASS world outline contains ground
PASS world outline contains player
PASS world outline contains camera
PASS world outline contains sun
PASS world outline contains crate-1
PASS world outline contains crate-2
PASS world outline contains crate-3
PASS world outline contains beacon-1
tap play
{"tapped":4,"at":[400,340],"epoch":2,"incarnation":1,"clock":0,"target":"play","delivery":"platform","carrier":"linux","mode":"agent"}
layout world:player
#1 player world 0,0.9,0 · screen 375.8817,245.4907 48.2366×107.449 · depth 9.434 · in frustum
PASS complete geometric layout snapshot is identical on the host: {"entity":{"bounds":{"max":[0.4,1.8,0.4],"min":[-0.4,0,-0.4]},"depth":9.434,"facing":{"forward":[0,0,-1],"towardCamera":-0.848},"id":1,"name":"player","screen":{"h":107.449,"w":48.2366,"x":375.8817,"y":245.4907},"visible":{"behindCamera":false,"distance":9.434,"inFrustum":true,"occluded":0,"occluders":[]},"world":{"position":[0,0.9,0],"rotation":[0,0,0,1],"scale":[1,1,1]}},"tick":0,"epoch":2,"incarnation":1,"clock":0}
PASS ready: no GPU allocations or asset uploads after ready: {"ready":true,"gpu":{"afterReady":{"bindGroupLayouts":0,"bufferReallocations":0,"computePipelines":0,"declaredExceptions":{"counts":{"bindGroupLayouts":0,"bufferReallocations":0,"computePipelines":0,"indexBuffers":0,"meshBytesUploaded":0,"renderPipelines":0,"shaderModules":0,"slotCapacityGrowth":0,"textureBytesUploaded":0,"textures":0,"vertexBuffers":0},"events":0,"last":null},"indexBuffers":0,"meshBytesUploaded":0,"renderPipelines":0,"shaderModules":0,"slotCapacityGrowth":0,"streamingVertexBytes":0,"textureBytesUploaded":0,"textures":0,"vertexBuffers":0,"violations":0},"beforeReady":{"bindGroupLayouts":0,"bufferReallocations":3,"computePipelines":0,"indexBuffers":3,"meshBytesUploaded":41536,"renderPipelines":0,"shaderModules":0,"slotCapacityGrowth":1,"streamingVertexBytes":0,"textureBytesUploaded":0,"textures":0,"vertexBuffers":3},"device":false,"lastAfterReady":null,"restoreUploads":{"counts":{"bindGroupLayouts":0,"bufferReallocations":0,"computePipelines":0,"indexBuffers":0,"meshBytesUploaded":0,"renderPipelines":0,"shaderModules":0,"slotCapacityGrowth":0,"textureBytesUploaded":0,"textures":0,"vertexBuffers":0},"events":0,"last":null}},"lastAfterReady":null}
state 
{
  "capabilities": {
    "build": {
      "host": "b711c59d2d941400ec01588e99bbc93f",
      "lastSuccessfulSwap": null,
      "loadedGame": {
        "app": "com.exact.greybox",
        "cohort": "b711c59d2d941400ec01588e99bbc93f",
        "name": "libgreybox_gpu.so",
        "sha256": "8df00874c859d7292f6efe3dfdd80b7868fb70a78a569854e24d958ebfc3c706",
        "trust": "development"
      },
      "phase": "launch",
      "planDigest": {
        "unavailable": true
      },
      "requestedGame": {
        "app": "com.exact.greybox",
        "cohort": "b711c59d2d941400ec01588e99bbc93f",
        "name": "libgreybox_gpu.so",
        "sha256": "8df00874c859d7292f6efe3dfdd80b7868fb70a78a569854e24d958ebfc3c706",
        "trust": "development"
      }
    },
    "carrier": {
      "active": "stdio-headless",
      "available": [
        "stdio-headless"
      ],
      "delivery": {
        "canvasKey": "recognized",
        "device": false,
        "heldContact": false,
        "tap": "recognized"
      },
      "eof": "exit",
      "scope": "launch"
    },
    "clockOwnership": false,
    "detach": false,
    "handoff": false,
    "host": "linux",
    "inputProvenance": {
      "reason": "GPU input ABI does not carry source attestation",
      "unavailable": true
    },
    "reload": {
      "game": "rebuild-relaunch",
      "liveGameReplacement": false,
      "ui": "restart-with-compatible-slot-carry",
      "worldCarry": "explicit-save-restore",
      "worldOnUIReload": {
        "reason": "surface instances are rebound by view id; transactional game carry is not implemented",
        "unavailable": true
      }
    }
  },
  "clock": 0,
  "delivery": {
    "E": [
      "native"
    ],
    "L": "0",
    "compatibilityId": "b711c59d2d941400ec01588e99bbc93f",
    "embeddedSeq": 0,
    "interpreted": [],
    "seq": 0,
    "staged": false,
    "stream": "embedded",
    "sunset": ""
  },
  "derives": {},
  "epoch": 2,
  "focus": {
    "logical": null
  },
  "incarnation": 1,
  "keyboard": {
    "unavailable": true
  },
  "logic": {
    "ready": true,
    "revision": null,
    "rustExecutor": null
  },
  "navigation": {
    "unavailable": true
  },
  "ownership": {
    "clock": "controlled",
    "launchMode": "agent",
    "owner": "agent",
    "scope": "launch"
  },
  "pending": [],
  "resources": {
    "hud": {
      "beacons": 0
    }
  },
  "slots": {
    "paused": false,
    "playing": true,
    "seed": 7
  },
  "store": [],
  "world": [
    {
      "args": {
        "paused": false,
        "seed": 7
      },
      "assets": [],
      "audio": {
        "sources": [
          {
            "entity": "camera",
            "gain": 0.3,
            "playing": true,
            "sound": "wind"
          }
        ],
        "voices": []
      },
      "canvas": 6,
      "capture": null,
      "clockState": {
        "hostMicros": 0,
        "worldMicros": 0
      },
      "device": false,
      "entities": 8,
      "gpu": {
        "afterReady": {
          "bindGroupLayouts": 0,
          "bufferReallocations": 0,
          "computePipelines": 0,
          "declaredExceptions": {
            "counts": {
              "bindGroupLayouts": 0,
              "bufferReallocations": 0,
              "computePipelines": 0,
              "indexBuffers": 0,
              "meshBytesUploaded": 0,
              "renderPipelines": 0,
              "shaderModules": 0,
              "slotCapacityGrowth": 0,
              "textureBytesUploaded": 0,
              "textures": 0,
              "vertexBuffers": 0
            },
            "events": 0,
            "last": null
          },
          "indexBuffers": 0,
          "meshBytesUploaded": 0,
          "renderPipelines": 0,
          "shaderModules": 0,
          "slotCapacityGrowth": 0,
          "streamingVertexBytes": 0,
          "textureBytesUploaded": 0,
          "textures": 0,
          "vertexBuffers": 0,
          "violations": 0
        },
        "beforeReady": {
          "bindGroupLayouts": 0,
          "bufferReallocations": 3,
          "computePipelines": 0,
          "indexBuffers": 3,
          "meshBytesUploaded": 41536,
          "renderPipelines": 0,
          "shaderModules": 0,
          "slotCapacityGrowth": 1,
          "streamingVertexBytes": 0,
          "textureBytesUploaded": 0,
          "textures": 0,
          "vertexBuffers": 3
        },
        "device": false,
        "lastAfterReady": null,
        "restoreUploads": {
          "counts": {
            "bindGroupLayouts": 0,
            "bufferReallocations": 0,
            "computePipelines": 0,
            "indexBuffers": 0,
            "meshBytesUploaded": 0,
            "renderPipelines": 0,
            "shaderModules": 0,
            "slotCapacityGrowth": 0,
            "textureBytesUploaded": 0,
            "textures": 0,
            "vertexBuffers": 0
          },
          "events": 0,
          "last": null
        }
      },
      "hash": "0x7df5e5a89b4d0207",
      "hz": 60,
      "input": {
        "actions": {
          "act": {
            "keys": [
              "KeyE",
              "Enter"
            ],
            "name": "act",
            "stick": [],
            "touch": []
          },
          "jump": {
            "keys": [
              "Space"
            ],
            "name": "jump",
            "stick": [],
            "touch": []
          },
          "move": {
            "keys": [],
            "name": "move",
            "stick": [
              {
                "keys": [
                  [
                    "KeyW",
                    "KeyS",
                    "KeyA",
                    "KeyD"
                  ],
                  [
                    "ArrowUp",
                    "ArrowDown",
                    "ArrowLeft",
                    "ArrowRight"
                  ]
                ],
                "touch": []
              }
            ],
            "touch": []
          }
        },
        "forwarded": [],
        "held": []
      },
      "loading": [],
      "name": "world",
      "ownership": {
        "clock": "controlled",
        "contamination": 0,
        "handoff": "clock owner human/agent",
        "inputSource": "unavailable",
        "owner": "agent"
      },
      "paused": false,
      "perf": {
        "armed": false,
        "draws": 0,
        "encodeMs": {
          "count": 0,
          "max": 0,
          "mean": 0,
          "p50": 0,
          "p95": 0,
          "p99": 0
        },
        "feedMs": {
          "count": 0,
          "max": 0,
          "mean": 0,
          "p50": 0,
          "p95": 0,
          "p99": 0
        },
        "frameMs": {
          "count": 0,
          "max": 0,
          "mean": 0,
          "p50": 0,
          "p95": 0,
          "p99": 0
        },
        "instances": 0,
        "pixels": [
          0,
          0
        ],
        "tickMs": {
          "count": 0,
          "max": 0,
          "mean": 0,
          "p50": 0,
          "p95": 0,
          "p99": 0
        },
        "ticksPerFrame": {
          "count": 0,
          "max": 0,
          "mean": 0,
          "p50": 0,
          "p95": 0,
          "p99": 0
        },
        "triangles": 0,
        "wallClock": true
      },
      "published": {
        "beacons": 0
      },
      "ready": true,
      "readyReasons": [],
      "reload": {
        "added": [],
        "applied": [],
        "kept": [],
        "omitted": 0,
        "removed": [],
        "unmatched": []
      },
      "resources": {
        "Audio": {
          "master": 1,
          "reports": []
        },
        "Sounds": [
          {
            "chime": {
              "attack": 0.005,
              "decay": 0.15,
              "gain": 0.3,
              "highpass_hz": 0,
              "hz": 880,
              "layers": [
                {
                  "attack": 0.005,
                  "decay": 0.15,
                  "gain": 0.12,
                  "highpass_hz": 0,
                  "hz": 1320,
                  "layers": [],
                  "looping": false,
                  "lowpass_hz": 0,
                  "release": 0.45,
                  "seconds": 0.5,
                  "slide": 0,
                  "sustain": 0,
                  "vibrato_depth": 0,
                  "vibrato_hz": 0,
                  "wave": {
                    "Sine": {}
                  }
                }
              ],
              "looping": false,
              "lowpass_hz": 0,
              "release": 0.7,
              "seconds": 0.8,
              "slide": 0,
              "sustain": 0,
              "vibrato_depth": 0,
              "vibrato_hz": 0,
              "wave": {
                "Sine": {}
              }
            },
            "footstep": {
              "attack": 0.002,
              "decay": 0.15,
              "gain": 0.4,
              "highpass_hz": 0,
              "hz": 440,
              "layers": [],
              "looping": false,
              "lowpass_hz": 650,
              "release": 0.08,
              "seconds": 0.09,
              "slide": 0,
              "sustain": 0,
              "vibrato_depth": 0,
              "vibrato_hz": 0,
              "wave": {
                "Noise": {}
              }
            },
            "wind": {
              "attack": 0,
              "decay": 0.15,
              "gain": 0.12,
              "highpass_hz": 0,
              "hz": 440,
              "layers": [],
              "looping": true,
              "lowpass_hz": 380,
              "release": 0,
              "seconds": 2,
              "slide": 0,
              "sustain": 1,
              "vibrato_depth": 0,
              "vibrato_hz": 0,
              "wave": {
                "Noise": {}
              }
            }
          }
        ],
        "Voices": {
          "next_id": 0,
          "voices": []
        }
      },
      "restored": false,
      "seed": 7,
      "tick": 0
    }
  ]
}
PASS setup hash equals native golden: "0x7df5e5a89b4d0207"
type world {"key":"KeyW","phase":"down"}
{"typed":6,"delivery":"recognized","epoch":2,"incarnation":1,"clock":0,"target":"world","carrier":"linux","mode":"agent"}
PASS W reaches the real browser input path: {"typed":6,"delivery":"recognized","epoch":2,"incarnation":1,"clock":0,"target":"world","carrier":"linux","mode":"agent"}
clock +0
{"clock":0,"world":[{"canvas":6,"changing":["not observed","input queued"],"hash":"0x7df5e5a89b4d0207","ownership":{"clock":"controlled","contamination":0,"handoff":"clock owner human/agent","inputSource":"unavailable","owner":"agent"},"quiescent":false,"settleAt":16.667,"tick":0}],"epoch":2,"incarnation":1}
clock +1500
{"clock":1500,"world":[{"canvas":6,"changing":["player.Player","player.Transform","camera.Transform"],"hash":"0x0f14b8b231091d12","ownership":{"clock":"controlled","contamination":0,"handoff":"clock owner human/agent","inputSource":"unavailable","owner":"agent"},"quiescent":false,"settleAt":1600,"tick":90}],"epoch":2,"incarnation":1}
state world:player
{
  "entity": {
    "components": {
      "Material": {
        "color": [
          0.8,
          0.45,
          0.15,
          1
        ],
        "emissive": [
          0,
          0,
          0
        ],
        "grid_spacing": 0,
        "metallic": 0,
        "roughness": 0.5
      },
      "Mesh": {
        "Capsule": {
          "height": 1.8,
          "radius": 0.4
        }
      },
      "Player": {
        "character": {
          "accel": 12,
          "airborne": false,
          "bounds": [
            [
              -19.6,
              19.6
            ]
          ],
          "brake": 20,
          "gravity": 9.81,
          "ground": 0.9,
          "jump": 1.2,
          "speed": 4,
          "velocity": [
            0,
            0,
            -4
          ]
        },
        "stride": 0.41666454
      },
      "Transform": {
        "position": [
          0,
          0.9,
          -5.3666644
        ],
        "rotation": [
          0,
          0,
          0,
          1
        ],
        "scale": [
          1,
          1,
          1
        ]
      }
    },
    "id": 1,
    "name": "player"
  },
  "tick": 90,
  "epoch": 2,
  "incarnation": 1,
  "clock": 1500
}
state world:player
{
  "entity": {
    "components": {
      "Material": {
        "color": [
          0.8,
          0.45,
          0.15,
          1
        ],
        "emissive": [
          0,
          0,
          0
        ],
        "grid_spacing": 0,
        "metallic": 0,
        "roughness": 0.5
      },
      "Mesh": {
        "Capsule": {
          "height": 1.8,
          "radius": 0.4
        }
      },
      "Player": {
        "character": {
          "accel": 12,
          "airborne": false,
          "bounds": [
            [
              -19.6,
              19.6
            ]
          ],
          "brake": 20,
          "gravity": 9.81,
          "ground": 0.9,
          "jump": 1.2,
          "speed": 4,
          "velocity": [
            0,
            0,
            -4
          ]
        },
        "stride": 0.41666454
      },
      "Transform": {
        "position": [
          0,
          0.9,
          -5.3666644
        ],
        "rotation": [
          0,
          0,
          0,
          1
        ],
        "scale": [
          1,
          1,
          1
        ]
      }
    },
    "id": 1,
    "name": "player"
  },
  "tick": 90,
  "epoch": 2,
  "incarnation": 1,
  "clock": 1500
}
PASS player has the exact authored capsule: {"Capsule":{"height":1.8,"radius":0.4}}
PASS W for 1500 ms equals the native pinned position: [0,0.9,-5.3666644]
state 
{
  "capabilities": {
    "build": {
      "host": "b711c59d2d941400ec01588e99bbc93f",
      "lastSuccessfulSwap": null,
      "loadedGame": {
        "app": "com.exact.greybox",
        "cohort": "b711c59d2d941400ec01588e99bbc93f",
        "name": "libgreybox_gpu.so",
        "sha256": "8df00874c859d7292f6efe3dfdd80b7868fb70a78a569854e24d958ebfc3c706",
        "trust": "development"
      },
      "phase": "launch",
      "planDigest": {
        "unavailable": true
      },
      "requestedGame": {
        "app": "com.exact.greybox",
        "cohort": "b711c59d2d941400ec01588e99bbc93f",
        "name": "libgreybox_gpu.so",
        "sha256": "8df00874c859d7292f6efe3dfdd80b7868fb70a78a569854e24d958ebfc3c706",
        "trust": "development"
      }
    },
    "carrier": {
      "active": "stdio-headless",
      "available": [
        "stdio-headless"
      ],
      "delivery": {
        "canvasKey": "recognized",
        "device": false,
        "heldContact": false,
        "tap": "recognized"
      },
      "eof": "exit",
      "scope": "launch"
    },
    "clockOwnership": false,
    "detach": false,
    "handoff": false,
    "host": "linux",
    "inputProvenance": {
      "reason": "GPU input ABI does not carry source attestation",
      "unavailable": true
    },
    "reload": {
      "game": "rebuild-relaunch",
      "liveGameReplacement": false,
      "ui": "restart-with-compatible-slot-carry",
      "worldCarry": "explicit-save-restore",
      "worldOnUIReload": {
        "reason": "surface instances are rebound by view id; transactional game carry is not implemented",
        "unavailable": true
      }
    }
  },
  "clock": 1500,
  "delivery": {
    "E": [
      "native"
    ],
    "L": "0",
    "compatibilityId": "b711c59d2d941400ec01588e99bbc93f",
    "embeddedSeq": 0,
    "interpreted": [],
    "seq": 0,
    "staged": false,
    "stream": "embedded",
    "sunset": ""
  },
  "derives": {},
  "epoch": 2,
  "focus": {
    "logical": null
  },
  "incarnation": 1,
  "keyboard": {
    "unavailable": true
  },
  "logic": {
    "ready": true,
    "revision": null,
    "rustExecutor": null
  },
  "navigation": {
    "unavailable": true
  },
  "ownership": {
    "clock": "controlled",
    "launchMode": "agent",
    "owner": "agent",
    "scope": "launch"
  },
  "pending": [],
  "resources": {
    "hud": {
      "beacons": 0
    }
  },
  "slots": {
    "paused": false,
    "playing": true,
    "seed": 7
  },
  "store": [],
  "world": [
    {
      "args": {
        "paused": false,
        "seed": 7
      },
      "assets": [],
      "audio": {
        "sources": [
          {
            "entity": "camera",
            "gain": 0.3,
            "playing": true,
            "sound": "wind"
          }
        ],
        "voices": []
      },
      "canvas": 6,
      "capture": null,
      "clockState": {
        "hostMicros": 1500000,
        "worldMicros": 1500000
      },
      "device": false,
      "entities": 8,
      "gpu": {
        "afterReady": {
          "bindGroupLayouts": 0,
          "bufferReallocations": 0,
          "computePipelines": 0,
          "declaredExceptions": {
            "counts": {
              "bindGroupLayouts": 0,
              "bufferReallocations": 0,
              "computePipelines": 0,
              "indexBuffers": 0,
              "meshBytesUploaded": 0,
              "renderPipelines": 0,
              "shaderModules": 0,
              "slotCapacityGrowth": 0,
              "textureBytesUploaded": 0,
              "textures": 0,
              "vertexBuffers": 0
            },
            "events": 0,
            "last": null
          },
          "indexBuffers": 0,
          "meshBytesUploaded": 0,
          "renderPipelines": 0,
          "shaderModules": 0,
          "slotCapacityGrowth": 0,
          "streamingVertexBytes": 0,
          "textureBytesUploaded": 0,
          "textures": 0,
          "vertexBuffers": 0,
          "violations": 0
        },
        "beforeReady": {
          "bindGroupLayouts": 0,
          "bufferReallocations": 3,
          "computePipelines": 0,
          "indexBuffers": 3,
          "meshBytesUploaded": 41536,
          "renderPipelines": 0,
          "shaderModules": 0,
          "slotCapacityGrowth": 1,
          "streamingVertexBytes": 0,
          "textureBytesUploaded": 0,
          "textures": 0,
          "vertexBuffers": 3
        },
        "device": false,
        "lastAfterReady": null,
        "restoreUploads": {
          "counts": {
            "bindGroupLayouts": 0,
            "bufferReallocations": 0,
            "computePipelines": 0,
            "indexBuffers": 0,
            "meshBytesUploaded": 0,
            "renderPipelines": 0,
            "shaderModules": 0,
            "slotCapacityGrowth": 0,
            "textureBytesUploaded": 0,
            "textures": 0,
            "vertexBuffers": 0
          },
          "events": 0,
          "last": null
        }
      },
      "hash": "0x0f14b8b231091d12",
      "hz": 60,
      "input": {
        "actions": {
          "act": {
            "keys": [
              "KeyE",
              "Enter"
            ],
            "name": "act",
            "stick": [],
            "touch": []
          },
          "jump": {
            "keys": [
              "Space"
            ],
            "name": "jump",
            "stick": [],
            "touch": []
          },
          "move": {
            "keys": [],
            "name": "move",
            "stick": [
              {
                "keys": [
                  [
                    "KeyW",
                    "KeyS",
                    "KeyA",
                    "KeyD"
                  ],
                  [
                    "ArrowUp",
                    "ArrowDown",
                    "ArrowLeft",
                    "ArrowRight"
                  ]
                ],
                "touch": []
              }
            ],
            "touch": []
          }
        },
        "forwarded": [
          "KeyW"
        ],
        "held": [
          "KeyW"
        ]
      },
      "loading": [],
      "name": "world",
      "ownership": {
        "clock": "controlled",
        "contamination": 0,
        "handoff": "clock owner human/agent",
        "inputSource": "unavailable",
        "owner": "agent"
      },
      "paused": false,
      "perf": {
        "armed": false,
        "draws": 0,
        "encodeMs": {
          "count": 0,
          "max": 0,
          "mean": 0,
          "p50": 0,
          "p95": 0,
          "p99": 0
        },
        "feedMs": {
          "count": 0,
          "max": 0,
          "mean": 0,
          "p50": 0,
          "p95": 0,
          "p99": 0
        },
        "frameMs": {
          "count": 0,
          "max": 0,
          "mean": 0,
          "p50": 0,
          "p95": 0,
          "p99": 0
        },
        "instances": 0,
        "pixels": [
          0,
          0
        ],
        "tickMs": {
          "count": 0,
          "max": 0,
          "mean": 0,
          "p50": 0,
          "p95": 0,
          "p99": 0
        },
        "ticksPerFrame": {
          "count": 0,
          "max": 0,
          "mean": 0,
          "p50": 0,
          "p95": 0,
          "p99": 0
        },
        "triangles": 0,
        "wallClock": true
      },
      "published": {
        "beacons": 0
      },
      "ready": true,
      "readyReasons": [],
      "reload": {
        "added": [],
        "applied": [],
        "kept": [],
        "omitted": 0,
        "removed": [],
        "unmatched": []
      },
      "resources": {
        "Audio": {
          "master": 1,
          "reports": [
            {
              "entity": {
                "generation": 0,
                "index": 2
              },
              "gain": 0.3,
              "playing": true,
              "refused": false,
              "sound": "wind"
            }
          ]
        },
        "Sounds": [
          {
            "chime": {
              "attack": 0.005,
              "decay": 0.15,
              "gain": 0.3,
              "highpass_hz": 0,
              "hz": 880,
              "layers": [
                {
                  "attack": 0.005,
                  "decay": 0.15,
                  "gain": 0.12,
                  "highpass_hz": 0,
                  "hz": 1320,
                  "layers": [],
                  "looping": false,
                  "lowpass_hz": 0,
                  "release": 0.45,
                  "seconds": 0.5,
                  "slide": 0,
                  "sustain": 0,
                  "vibrato_depth": 0,
                  "vibrato_hz": 0,
                  "wave": {
                    "Sine": {}
                  }
                }
              ],
              "looping": false,
              "lowpass_hz": 0,
              "release": 0.7,
              "seconds": 0.8,
              "slide": 0,
              "sustain": 0,
              "vibrato_depth": 0,
              "vibrato_hz": 0,
              "wave": {
                "Sine": {}
              }
            },
            "footstep": {
              "attack": 0.002,
              "decay": 0.15,
              "gain": 0.4,
              "highpass_hz": 0,
              "hz": 440,
              "layers": [],
              "looping": false,
              "lowpass_hz": 650,
              "release": 0.08,
              "seconds": 0.09,
              "slide": 0,
              "sustain": 0,
              "vibrato_depth": 0,
              "vibrato_hz": 0,
              "wave": {
                "Noise": {}
              }
            },
            "wind": {
              "attack": 0,
              "decay": 0.15,
              "gain": 0.12,
              "highpass_hz": 0,
              "hz": 440,
              "layers": [],
              "looping": true,
              "lowpass_hz": 380,
              "release": 0,
              "seconds": 2,
              "slide": 0,
              "sustain": 1,
              "vibrato_depth": 0,
              "vibrato_hz": 0,
              "wave": {
                "Noise": {}
              }
            }
          }
        ],
        "Voices": {
          "next_id": 11,
          "voices": []
        }
      },
      "restored": false,
      "seed": 7,
      "tick": 90
    }
  ]
}
PASS W for 1500 ms equals the current native hash: "0x0f14b8b231091d12"
PASS 1500 ms advances exactly 90 ticks: 90
layout world:player
#1 player world 0,0.9,-5.3667 · screen 611.058,294.5889 57.8839×128.9388 · depth 9.434 · in frustum
PASS player has a viewport-space screen box: {"h":128.9388,"w":57.8839,"x":611.058,"y":294.5889}
type world {"key":"KeyW","phase":"up"}
{"typed":6,"delivery":"recognized","epoch":2,"incarnation":1,"clock":1500,"target":"world","carrier":"linux","mode":"agent"}
PASS headless world reports device false
layout world [1,1]
{"hit":null,"tick":90,"epoch":2,"incarnation":1,"clock":1500}
PASS headless CPU pick answers without a device
PASS headless preserves geometric occlusion
screenshot /home/ccheever/lanes/gamenext/exact2-i1/game/games/greybox/artifacts/unavailable.png world
{"device":false,"reason":"canvas pixels require a device","unavailable":true,"epoch":2,"incarnation":1,"clock":1500}
PASS headless canvas capture is explicitly unavailable
layout world [639.99995,359.05830000000003]
{"hit":{"distance":8.9538,"id":1,"name":"player","point":[0,1.1659,-4.9667]},"tick":90,"epoch":2,"incarnation":1,"clock":1500}
PASS pick at the player box reaches player: {"hit":{"distance":8.9538,"id":1,"name":"player","point":[0,1.1659,-4.9667]},"tick":90,"epoch":2,"incarnation":1,"clock":1500}
type world {"key":"KeyW","for":100}
type world {"key":"KeyW","phase":"down"}
{"typed":6,"delivery":"recognized","epoch":2,"incarnation":1,"clock":1500,"target":"world","carrier":"linux","mode":"agent"}
clock +100
{"clock":1600,"world":[{"canvas":6,"changing":["player.Player","player.Transform","camera.Transform"],"hash":"0x4a05b3e99ddc1948","ownership":{"clock":"controlled","contamination":0,"handoff":"clock owner human/agent","inputSource":"unavailable","owner":"agent"},"quiescent":false,"settleAt":1700,"tick":96}],"epoch":2,"incarnation":1}
type world {"key":"KeyW","phase":"up"}
{"typed":6,"delivery":"recognized","epoch":2,"incarnation":1,"clock":1600,"target":"world","carrier":"linux","mode":"agent"}
type world {"key":"KeyE"}
{"typed":6,"delivery":"recognized","epoch":2,"incarnation":1,"clock":1600,"target":"world","carrier":"linux","mode":"agent"}
clock +0
{"clock":1600,"world":[{"canvas":6,"changing":["not observed","input queued"],"hash":"0x4a05b3e99ddc1948","ownership":{"clock":"controlled","contamination":0,"handoff":"clock owner human/agent","inputSource":"unavailable","owner":"agent"},"quiescent":false,"settleAt":1616.667,"tick":96}],"epoch":2,"incarnation":1}
clock +100
{"clock":1700,"world":[{"canvas":6,"changing":["beacon-1.Material","player.Player","player.Transform","camera.Transform","beacon-1.Beacon"],"hash":"0x6b330cf2684eb6ed","ownership":{"clock":"controlled","contamination":0,"handoff":"clock owner human/agent","inputSource":"unavailable","owner":"agent"},"quiescent":false,"settleAt":3050,"tick":102}],"epoch":3,"incarnation":1}
state world:beacon-1
{
  "entity": {
    "components": {
      "Beacon": {
        "glow": {
          "config": {
            "damping": 10,
            "mass": 1,
            "stiffness": 100
          },
          "start_tick": 96,
          "start_value": 0,
          "start_velocity": 0,
          "target": 1
        },
        "lit": true
      },
      "Material": {
        "color": [
          0.15,
          0.6,
          0.8,
          1
        ],
        "emissive": [
          0.76098204,
          0.76098204,
          0.76098204
        ],
        "grid_spacing": 0,
        "metallic": 0,
        "roughness": 0.5
      },
      "Mesh": {
        "Sphere": {
          "radius": 0.5
        }
      },
      "Transform": {
        "position": [
          0,
          0.75,
          -6.5
        ],
        "rotation": [
          0,
          0,
          0,
          1
        ],
        "scale": [
          1,
          1,
          1
        ]
      }
    },
    "id": 7,
    "name": "beacon-1"
  },
  "tick": 102,
  "epoch": 3,
  "incarnation": 1,
  "clock": 1700
}
PASS E lights beacon-1: {"glow":{"config":{"damping":10,"mass":1,"stiffness":100},"start_tick":96,"start_value":0,"start_velocity":0,"target":1},"lit":true}
state 
{
  "capabilities": {
    "build": {
      "host": "b711c59d2d941400ec01588e99bbc93f",
      "lastSuccessfulSwap": null,
      "loadedGame": {
        "app": "com.exact.greybox",
        "cohort": "b711c59d2d941400ec01588e99bbc93f",
        "name": "libgreybox_gpu.so",
        "sha256": "8df00874c859d7292f6efe3dfdd80b7868fb70a78a569854e24d958ebfc3c706",
        "trust": "development"
      },
      "phase": "launch",
      "planDigest": {
        "unavailable": true
      },
      "requestedGame": {
        "app": "com.exact.greybox",
        "cohort": "b711c59d2d941400ec01588e99bbc93f",
        "name": "libgreybox_gpu.so",
        "sha256": "8df00874c859d7292f6efe3dfdd80b7868fb70a78a569854e24d958ebfc3c706",
        "trust": "development"
      }
    },
    "carrier": {
      "active": "stdio-headless",
      "available": [
        "stdio-headless"
      ],
      "delivery": {
        "canvasKey": "recognized",
        "device": false,
        "heldContact": false,
        "tap": "recognized"
      },
      "eof": "exit",
      "scope": "launch"
    },
    "clockOwnership": false,
    "detach": false,
    "handoff": false,
    "host": "linux",
    "inputProvenance": {
      "reason": "GPU input ABI does not carry source attestation",
      "unavailable": true
    },
    "reload": {
      "game": "rebuild-relaunch",
      "liveGameReplacement": false,
      "ui": "restart-with-compatible-slot-carry",
      "worldCarry": "explicit-save-restore",
      "worldOnUIReload": {
        "reason": "surface instances are rebound by view id; transactional game carry is not implemented",
        "unavailable": true
      }
    }
  },
  "clock": 1700,
  "delivery": {
    "E": [
      "native"
    ],
    "L": "0",
    "compatibilityId": "b711c59d2d941400ec01588e99bbc93f",
    "embeddedSeq": 0,
    "interpreted": [],
    "seq": 0,
    "staged": false,
    "stream": "embedded",
    "sunset": ""
  },
  "derives": {},
  "epoch": 3,
  "focus": {
    "logical": null
  },
  "incarnation": 1,
  "keyboard": {
    "unavailable": true
  },
  "logic": {
    "ready": true,
    "revision": null,
    "rustExecutor": null
  },
  "navigation": {
    "unavailable": true
  },
  "ownership": {
    "clock": "controlled",
    "launchMode": "agent",
    "owner": "agent",
    "scope": "launch"
  },
  "pending": [],
  "resources": {
    "hud": {
      "beacons": 1
    }
  },
  "slots": {
    "paused": false,
    "playing": true,
    "seed": 7
  },
  "store": [],
  "world": [
    {
      "args": {
        "paused": false,
        "seed": 7
      },
      "assets": [],
      "audio": {
        "sources": [
          {
            "entity": "camera",
            "gain": 0.3,
            "playing": true,
            "sound": "wind"
          }
        ],
        "voices": [
          {
            "at": "beacon-1",
            "began": 97,
            "ends": 145,
            "gain": 1,
            "sound": "chime"
          },
          {
            "at": "player",
            "began": 98,
            "ends": 104,
            "gain": 1,
            "sound": "footstep"
          }
        ]
      },
      "canvas": 6,
      "capture": null,
      "clockState": {
        "hostMicros": 1700000,
        "worldMicros": 1700000
      },
      "device": false,
      "entities": 8,
      "gpu": {
        "afterReady": {
          "bindGroupLayouts": 0,
          "bufferReallocations": 0,
          "computePipelines": 0,
          "declaredExceptions": {
            "counts": {
              "bindGroupLayouts": 0,
              "bufferReallocations": 0,
              "computePipelines": 0,
              "indexBuffers": 0,
              "meshBytesUploaded": 0,
              "renderPipelines": 0,
              "shaderModules": 0,
              "slotCapacityGrowth": 0,
              "textureBytesUploaded": 0,
              "textures": 0,
              "vertexBuffers": 0
            },
            "events": 0,
            "last": null
          },
          "indexBuffers": 0,
          "meshBytesUploaded": 0,
          "renderPipelines": 0,
          "shaderModules": 0,
          "slotCapacityGrowth": 0,
          "streamingVertexBytes": 0,
          "textureBytesUploaded": 0,
          "textures": 0,
          "vertexBuffers": 0,
          "violations": 0
        },
        "beforeReady": {
          "bindGroupLayouts": 0,
          "bufferReallocations": 3,
          "computePipelines": 0,
          "indexBuffers": 3,
          "meshBytesUploaded": 41536,
          "renderPipelines": 0,
          "shaderModules": 0,
          "slotCapacityGrowth": 1,
          "streamingVertexBytes": 0,
          "textureBytesUploaded": 0,
          "textures": 0,
          "vertexBuffers": 3
        },
        "device": false,
        "lastAfterReady": null,
        "restoreUploads": {
          "counts": {
            "bindGroupLayouts": 0,
            "bufferReallocations": 0,
            "computePipelines": 0,
            "indexBuffers": 0,
            "meshBytesUploaded": 0,
            "renderPipelines": 0,
            "shaderModules": 0,
            "slotCapacityGrowth": 0,
            "textureBytesUploaded": 0,
            "textures": 0,
            "vertexBuffers": 0
          },
          "events": 0,
          "last": null
        }
      },
      "hash": "0x6b330cf2684eb6ed",
      "hz": 60,
      "input": {
        "actions": {
          "act": {
            "keys": [
              "KeyE",
              "Enter"
            ],
            "name": "act",
            "stick": [],
            "touch": []
          },
          "jump": {
            "keys": [
              "Space"
            ],
            "name": "jump",
            "stick": [],
            "touch": []
          },
          "move": {
            "keys": [],
            "name": "move",
            "stick": [
              {
                "keys": [
                  [
                    "KeyW",
                    "KeyS",
                    "KeyA",
                    "KeyD"
                  ],
                  [
                    "ArrowUp",
                    "ArrowDown",
                    "ArrowLeft",
                    "ArrowRight"
                  ]
                ],
                "touch": []
              }
            ],
            "touch": []
          }
        },
        "forwarded": [],
        "held": []
      },
      "loading": [],
      "name": "world",
      "ownership": {
        "clock": "controlled",
        "contamination": 0,
        "handoff": "clock owner human/agent",
        "inputSource": "unavailable",
        "owner": "agent"
      },
      "paused": false,
      "perf": {
        "armed": false,
        "draws": 0,
        "encodeMs": {
          "count": 0,
          "max": 0,
          "mean": 0,
          "p50": 0,
          "p95": 0,
          "p99": 0
        },
        "feedMs": {
          "count": 0,
          "max": 0,
          "mean": 0,
          "p50": 0,
          "p95": 0,
          "p99": 0
        },
        "frameMs": {
          "count": 0,
          "max": 0,
          "mean": 0,
          "p50": 0,
          "p95": 0,
          "p99": 0
        },
        "instances": 0,
        "pixels": [
          0,
          0
        ],
        "tickMs": {
          "count": 0,
          "max": 0,
          "mean": 0,
          "p50": 0,
          "p95": 0,
          "p99": 0
        },
        "ticksPerFrame": {
          "count": 0,
          "max": 0,
          "mean": 0,
          "p50": 0,
          "p95": 0,
          "p99": 0
        },
        "triangles": 0,
        "wallClock": true
      },
      "published": {
        "beacons": 1
      },
      "ready": true,
      "readyReasons": [],
      "reload": {
        "added": [],
        "applied": [],
        "kept": [],
        "omitted": 0,
        "removed": [],
        "unmatched": []
      },
      "resources": {
        "Audio": {
          "master": 1,
          "reports": [
            {
              "entity": {
                "generation": 0,
                "index": 2
              },
              "gain": 0.3,
              "playing": true,
              "refused": false,
              "sound": "wind"
            }
          ]
        },
        "Sounds": [
          {
            "chime": {
              "attack": 0.005,
              "decay": 0.15,
              "gain": 0.3,
              "highpass_hz": 0,
              "hz": 880,
              "layers": [
                {
                  "attack": 0.005,
                  "decay": 0.15,
                  "gain": 0.12,
                  "highpass_hz": 0,
                  "hz": 1320,
                  "layers": [],
                  "looping": false,
                  "lowpass_hz": 0,
                  "release": 0.45,
                  "seconds": 0.5,
                  "slide": 0,
                  "sustain": 0,
                  "vibrato_depth": 0,
                  "vibrato_hz": 0,
                  "wave": {
                    "Sine": {}
                  }
                }
              ],
              "looping": false,
              "lowpass_hz": 0,
              "release": 0.7,
              "seconds": 0.8,
              "slide": 0,
              "sustain": 0,
              "vibrato_depth": 0,
              "vibrato_hz": 0,
              "wave": {
                "Sine": {}
              }
            },
            "footstep": {
              "attack": 0.002,
              "decay": 0.15,
              "gain": 0.4,
              "highpass_hz": 0,
              "hz": 440,
              "layers": [],
              "looping": false,
              "lowpass_hz": 650,
              "release": 0.08,
              "seconds": 0.09,
              "slide": 0,
              "sustain": 0,
              "vibrato_depth": 0,
              "vibrato_hz": 0,
              "wave": {
                "Noise": {}
              }
            },
            "wind": {
              "attack": 0,
              "decay": 0.15,
              "gain": 0.12,
              "highpass_hz": 0,
              "hz": 440,
              "layers": [],
              "looping": true,
              "lowpass_hz": 380,
              "release": 0,
              "seconds": 2,
              "slide": 0,
              "sustain": 1,
              "vibrato_depth": 0,
              "vibrato_hz": 0,
              "wave": {
                "Noise": {}
              }
            }
          }
        ],
        "Voices": {
          "next_id": 14,
          "voices": [
            {
              "at": {
                "Entity": [
                  {
                    "generation": 0,
                    "index": 7
                  }
                ]
              },
              "began": 97,
              "ends": 145,
              "gain": 1,
              "id": 12,
              "pitch": 1,
              "position": [
                [
                  0,
                  0.75,
                  -6.5
                ]
              ],
              "sound": "chime",
              "synth": {
                "attack": 0.005,
                "decay": 0.15,
                "gain": 0.3,
                "highpass_hz": 0,
                "hz": 880,
                "layers": [
                  {
                    "attack": 0.005,
                    "decay": 0.15,
                    "gain": 0.12,
                    "highpass_hz": 0,
                    "hz": 1320,
                    "layers": [],
                    "looping": false,
                    "lowpass_hz": 0,
                    "release": 0.45,
                    "seconds": 0.5,
                    "slide": 0,
                    "sustain": 0,
                    "vibrato_depth": 0,
                    "vibrato_hz": 0,
                    "wave": {
                      "Sine": {}
                    }
                  }
                ],
                "looping": false,
                "lowpass_hz": 0,
                "release": 0.7,
                "seconds": 0.8,
                "slide": 0,
                "sustain": 0,
                "vibrato_depth": 0,
                "vibrato_hz": 0,
                "wave": {
                  "Sine": {}
                }
              }
            },
            {
              "at": {
                "Entity": [
                  {
                    "generation": 0,
                    "index": 1
                  }
                ]
              },
              "began": 98,
              "ends": 104,
              "gain": 1,
              "id": 13,
              "pitch": 1.0299599,
              "position": [
                [
                  0,
                  0.9,
                  -6.0499973
                ]
              ],
              "sound": "footstep",
              "synth": {
                "attack": 0.002,
                "decay": 0.15,
                "gain": 0.4,
                "highpass_hz": 0,
                "hz": 440,
                "layers": [],
                "looping": false,
                "lowpass_hz": 650,
                "release": 0.08,
                "seconds": 0.09,
                "slide": 0,
                "sustain": 0,
                "vibrato_depth": 0,
                "vibrato_hz": 0,
                "wave": {
                  "Noise": {}
                }
              }
            }
          ]
        }
      },
      "restored": false,
      "seed": 7,
      "tick": 102
    }
  ]
}
PASS state.world.audio carries the live beacon chime
clock settle
{"clock":6050,"settled":true,"world":[{"canvas":6,"changing":[],"hash":"0x9f0cdfd86cbe55f1","ownership":{"clock":"controlled","contamination":0,"handoff":"clock owner human/agent","inputSource":"unavailable","owner":"agent"},"quiescent":true,"tick":363}],"epoch":3,"incarnation":1}
PASS world settles after movement and beacon spring: true
tree 
epoch 3 · incarnation 1 · clock 6050 ms · 5 nodes
View#1
  Canvas#6 [world] world{world} · 8 entities · tick 363
    Text#7 [hud-beacons] "Beacons 1 / 1"
    Pressable#8 [pause] name="Pause" (press)
      Text#9 "Pause"
PASS typed surface record → HUD text: {"children":[],"depth":2,"focused":false,"handlers":[],"id":7,"parent":6,"props":{"accessibilityLive":"polite","testId":"hud-beacons","text":"Beacons 1 / 1"},"type":"Text"}
state 
{
  "capabilities": {
    "build": {
      "host": "b711c59d2d941400ec01588e99bbc93f",
      "lastSuccessfulSwap": null,
      "loadedGame": {
        "app": "com.exact.greybox",
        "cohort": "b711c59d2d941400ec01588e99bbc93f",
        "name": "libgreybox_gpu.so",
        "sha256": "8df00874c859d7292f6efe3dfdd80b7868fb70a78a569854e24d958ebfc3c706",
        "trust": "development"
      },
      "phase": "launch",
      "planDigest": {
        "unavailable": true
      },
      "requestedGame": {
        "app": "com.exact.greybox",
        "cohort": "b711c59d2d941400ec01588e99bbc93f",
        "name": "libgreybox_gpu.so",
        "sha256": "8df00874c859d7292f6efe3dfdd80b7868fb70a78a569854e24d958ebfc3c706",
        "trust": "development"
      }
    },
    "carrier": {
      "active": "stdio-headless",
      "available": [
        "stdio-headless"
      ],
      "delivery": {
        "canvasKey": "recognized",
        "device": false,
        "heldContact": false,
        "tap": "recognized"
      },
      "eof": "exit",
      "scope": "launch"
    },
    "clockOwnership": false,
    "detach": false,
    "handoff": false,
    "host": "linux",
    "inputProvenance": {
      "reason": "GPU input ABI does not carry source attestation",
      "unavailable": true
    },
    "reload": {
      "game": "rebuild-relaunch",
      "liveGameReplacement": false,
      "ui": "restart-with-compatible-slot-carry",
      "worldCarry": "explicit-save-restore",
      "worldOnUIReload": {
        "reason": "surface instances are rebound by view id; transactional game carry is not implemented",
        "unavailable": true
      }
    }
  },
  "clock": 6050,
  "delivery": {
    "E": [
      "native"
    ],
    "L": "0",
    "compatibilityId": "b711c59d2d941400ec01588e99bbc93f",
    "embeddedSeq": 0,
    "interpreted": [],
    "seq": 0,
    "staged": false,
    "stream": "embedded",
    "sunset": ""
  },
  "derives": {},
  "epoch": 3,
  "focus": {
    "logical": null
  },
  "incarnation": 1,
  "keyboard": {
    "unavailable": true
  },
  "logic": {
    "ready": true,
    "revision": null,
    "rustExecutor": null
  },
  "navigation": {
    "unavailable": true
  },
  "ownership": {
    "clock": "controlled",
    "launchMode": "agent",
    "owner": "agent",
    "scope": "launch"
  },
  "pending": [],
  "resources": {
    "hud": {
      "beacons": 1
    }
  },
  "slots": {
    "paused": false,
    "playing": true,
    "seed": 7
  },
  "store": [],
  "world": [
    {
      "args": {
        "paused": false,
        "seed": 7
      },
      "assets": [],
      "audio": {
        "sources": [
          {
            "entity": "camera",
            "gain": 0.3,
            "playing": true,
            "sound": "wind"
          }
        ],
        "voices": []
      },
      "canvas": 6,
      "capture": null,
      "clockState": {
        "hostMicros": 6050000,
        "worldMicros": 6050000
      },
      "device": false,
      "entities": 8,
      "gpu": {
        "afterReady": {
          "bindGroupLayouts": 0,
          "bufferReallocations": 0,
          "computePipelines": 0,
          "declaredExceptions": {
            "counts": {
              "bindGroupLayouts": 0,
              "bufferReallocations": 0,
              "computePipelines": 0,
              "indexBuffers": 0,
              "meshBytesUploaded": 0,
              "renderPipelines": 0,
              "shaderModules": 0,
              "slotCapacityGrowth": 0,
              "textureBytesUploaded": 0,
              "textures": 0,
              "vertexBuffers": 0
            },
            "events": 0,
            "last": null
          },
          "indexBuffers": 0,
          "meshBytesUploaded": 0,
          "renderPipelines": 0,
          "shaderModules": 0,
          "slotCapacityGrowth": 0,
          "streamingVertexBytes": 0,
          "textureBytesUploaded": 0,
          "textures": 0,
          "vertexBuffers": 0,
          "violations": 0
        },
        "beforeReady": {
          "bindGroupLayouts": 0,
          "bufferReallocations": 3,
          "computePipelines": 0,
          "indexBuffers": 3,
          "meshBytesUploaded": 41536,
          "renderPipelines": 0,
          "shaderModules": 0,
          "slotCapacityGrowth": 1,
          "streamingVertexBytes": 0,
          "textureBytesUploaded": 0,
          "textures": 0,
          "vertexBuffers": 3
        },
        "device": false,
        "lastAfterReady": null,
        "restoreUploads": {
          "counts": {
            "bindGroupLayouts": 0,
            "bufferReallocations": 0,
            "computePipelines": 0,
            "indexBuffers": 0,
            "meshBytesUploaded": 0,
            "renderPipelines": 0,
            "shaderModules": 0,
            "slotCapacityGrowth": 0,
            "textureBytesUploaded": 0,
            "textures": 0,
            "vertexBuffers": 0
          },
          "events": 0,
          "last": null
        }
      },
      "hash": "0x9f0cdfd86cbe55f1",
      "hz": 60,
      "input": {
        "actions": {
          "act": {
            "keys": [
              "KeyE",
              "Enter"
            ],
            "name": "act",
            "stick": [],
            "touch": []
          },
          "jump": {
            "keys": [
              "Space"
            ],
            "name": "jump",
            "stick": [],
            "touch": []
          },
          "move": {
            "keys": [],
            "name": "move",
            "stick": [
              {
                "keys": [
                  [
                    "KeyW",
                    "KeyS",
                    "KeyA",
                    "KeyD"
                  ],
                  [
                    "ArrowUp",
                    "ArrowDown",
                    "ArrowLeft",
                    "ArrowRight"
                  ]
                ],
                "touch": []
              }
            ],
            "touch": []
          }
        },
        "forwarded": [],
        "held": []
      },
      "loading": [],
      "name": "world",
      "ownership": {
        "clock": "controlled",
        "contamination": 0,
        "handoff": "clock owner human/agent",
        "inputSource": "unavailable",
        "owner": "agent"
      },
      "paused": false,
      "perf": {
        "armed": false,
        "draws": 0,
        "encodeMs": {
          "count": 0,
          "max": 0,
          "mean": 0,
          "p50": 0,
          "p95": 0,
          "p99": 0
        },
        "feedMs": {
          "count": 0,
          "max": 0,
          "mean": 0,
          "p50": 0,
          "p95": 0,
          "p99": 0
        },
        "frameMs": {
          "count": 0,
          "max": 0,
          "mean": 0,
          "p50": 0,
          "p95": 0,
          "p99": 0
        },
        "instances": 0,
        "pixels": [
          0,
          0
        ],
        "tickMs": {
          "count": 0,
          "max": 0,
          "mean": 0,
          "p50": 0,
          "p95": 0,
          "p99": 0
        },
        "ticksPerFrame": {
          "count": 0,
          "max": 0,
          "mean": 0,
          "p50": 0,
          "p95": 0,
          "p99": 0
        },
        "triangles": 0,
        "wallClock": true
      },
      "published": {
        "beacons": 1
      },
      "ready": true,
      "readyReasons": [],
      "reload": {
        "added": [],
        "applied": [],
        "kept": [],
        "omitted": 0,
        "removed": [],
        "unmatched": []
      },
      "resources": {
        "Audio": {
          "master": 1,
          "reports": [
            {
              "entity": {
                "generation": 0,
                "index": 2
              },
              "gain": 0.3,
              "playing": true,
              "refused": false,
              "sound": "wind"
            }
          ]
        },
        "Sounds": [
          {
            "chime": {
              "attack": 0.005,
              "decay": 0.15,
              "gain": 0.3,
              "highpass_hz": 0,
              "hz": 880,
              "layers": [
                {
                  "attack": 0.005,
                  "decay": 0.15,
                  "gain": 0.12,
                  "highpass_hz": 0,
                  "hz": 1320,
                  "layers": [],
                  "looping": false,
                  "lowpass_hz": 0,
                  "release": 0.45,
                  "seconds": 0.5,
                  "slide": 0,
                  "sustain": 0,
                  "vibrato_depth": 0,
                  "vibrato_hz": 0,
                  "wave": {
                    "Sine": {}
                  }
                }
              ],
              "looping": false,
              "lowpass_hz": 0,
              "release": 0.7,
              "seconds": 0.8,
              "slide": 0,
              "sustain": 0,
              "vibrato_depth": 0,
              "vibrato_hz": 0,
              "wave": {
                "Sine": {}
              }
            },
            "footstep": {
              "attack": 0.002,
              "decay": 0.15,
              "gain": 0.4,
              "highpass_hz": 0,
              "hz": 440,
              "layers": [],
              "looping": false,
              "lowpass_hz": 650,
              "release": 0.08,
              "seconds": 0.09,
              "slide": 0,
              "sustain": 0,
              "vibrato_depth": 0,
              "vibrato_hz": 0,
              "wave": {
                "Noise": {}
              }
            },
            "wind": {
              "attack": 0,
              "decay": 0.15,
              "gain": 0.12,
              "highpass_hz": 0,
              "hz": 440,
              "layers": [],
              "looping": true,
              "lowpass_hz": 380,
              "release": 0,
              "seconds": 2,
              "slide": 0,
              "sustain": 1,
              "vibrato_depth": 0,
              "vibrato_hz": 0,
              "wave": {
                "Noise": {}
              }
            }
          }
        ],
        "Voices": {
          "next_id": 14,
          "voices": []
        }
      },
      "restored": false,
      "seed": 7,
      "tick": 363
    }
  ]
}
logs 
t=0 boot: 5 nodes, epoch 1
t=0 trust roots: the system's trust store (121 roots)
t=0 press view 4 (play) → epoch 2 (+4 −4 ~1)
t=0 surface world (1 asked again) → epoch 2 (+0 −0 ~0)
t=1700 surface world (1 asked again) → epoch 3 (+0 −0 ~1)
world t=0 tick=0 spawn #0
world t=0 tick=0 spawn #1
world t=0 tick=0 spawn #2
world t=0 tick=0 spawn #3
world t=0 tick=0 spawn #4
world t=0 tick=0 spawn #5
world t=0 tick=0 spawn #6
world t=0 tick=0 spawn #7
world t=0 tick=0 publish beacons: {"Number":[0.0]}
world t=0 tick=0 control: agent attached; controlled clock
world t=0 tick=0 loop wind on gain 0.30
world t=250 tick=15 sfx footstep at player gain 1.00
world t=366 tick=22 sfx footstep at player gain 1.00
world t=483 tick=29 sfx footstep at player gain 1.00
world t=600 tick=36 sfx footstep at player gain 1.00
world t=716 tick=43 sfx footstep at player gain 1.00
world t=816 tick=49 sfx footstep at player gain 1.00
world t=933 tick=56 sfx footstep at player gain 1.00
world t=1050 tick=63 sfx footstep at player gain 1.00
world t=1166 tick=70 sfx footstep at player gain 1.00
world t=1283 tick=77 sfx footstep at player gain 1.00
world t=1383 tick=83 sfx footstep at player gain 1.00
world t=1500 tick=90 sfx footstep at player gain 1.00
world t=1600 tick=96 publish beacons: {"Number":[1.0]}
world t=1600 tick=96 beacon-1 lit
world t=1600 tick=96 sfx chime at beacon-1 gain 1.00
world t=1616 tick=97 sfx footstep at player gain 1.00
PASS world journal carries beacon-1 lit: [{"canvas":6,"from":0,"lines":["t=0 tick=0 spawn #0","t=0 tick=0 spawn #1","t=0 tick=0 spawn #2","t=0 tick=0 spawn #3","t=0 tick=0 spawn #4","t=0 tick=0 spawn #5","t=0 tick=0 spawn #6","t=0 tick=0 spawn #7","t=0 tick=0 publish beacons: {\"Number\":[0.0]}","t=0 tick=0 control: agent attached; controlled clock","t=0 tick=0 loop wind on gain 0.30","t=250 tick=15 sfx footstep at player gain 1.00","t=366 tick=22 sfx footstep at player gain 1.00","t=483 tick=29 sfx footstep at player gain 1.00","t=600 tick=36 sfx footstep at player gain 1.00","t=716 tick=43 sfx footstep at player gain 1.00","t=816 tick=49 sfx footstep at player gain 1.00","t=933 tick=56 sfx footstep at player gain 1.00","t=1050 tick=63 sfx footstep at player gain 1.00","t=1166 tick=70 sfx footstep at player gain 1.00","t=1283 tick=77 sfx footstep at player gain 1.00","t=1383 tick=83 sfx footstep at player gain 1.00","t=1500 tick=90 sfx footstep at player gain 1.00","t=1600 tick=96 publish beacons: {\"Number\":[1.0]}","t=1600 tick=96 beacon-1 lit","t=1600 tick=96 sfx chime at beacon-1 gain 1.00","t=1616 tick=97 sfx footstep at player gain 1.00"],"next":27,"tick":363}]
PASS world journal carries sfx footstep at player
PASS world journal carries sfx chime at beacon-1
PASS world journal carries loop wind on
state 
{
  "capabilities": {
    "build": {
      "host": "b711c59d2d941400ec01588e99bbc93f",
      "lastSuccessfulSwap": null,
      "loadedGame": {
        "app": "com.exact.greybox",
        "cohort": "b711c59d2d941400ec01588e99bbc93f",
        "name": "libgreybox_gpu.so",
        "sha256": "8df00874c859d7292f6efe3dfdd80b7868fb70a78a569854e24d958ebfc3c706",
        "trust": "development"
      },
      "phase": "launch",
      "planDigest": {
        "unavailable": true
      },
      "requestedGame": {
        "app": "com.exact.greybox",
        "cohort": "b711c59d2d941400ec01588e99bbc93f",
        "name": "libgreybox_gpu.so",
        "sha256": "8df00874c859d7292f6efe3dfdd80b7868fb70a78a569854e24d958ebfc3c706",
        "trust": "development"
      }
    },
    "carrier": {
      "active": "stdio-headless",
      "available": [
        "stdio-headless"
      ],
      "delivery": {
        "canvasKey": "recognized",
        "device": false,
        "heldContact": false,
        "tap": "recognized"
      },
      "eof": "exit",
      "scope": "launch"
    },
    "clockOwnership": false,
    "detach": false,
    "handoff": false,
    "host": "linux",
    "inputProvenance": {
      "reason": "GPU input ABI does not carry source attestation",
      "unavailable": true
    },
    "reload": {
      "game": "rebuild-relaunch",
      "liveGameReplacement": false,
      "ui": "restart-with-compatible-slot-carry",
      "worldCarry": "explicit-save-restore",
      "worldOnUIReload": {
        "reason": "surface instances are rebound by view id; transactional game carry is not implemented",
        "unavailable": true
      }
    }
  },
  "clock": 6050,
  "delivery": {
    "E": [
      "native"
    ],
    "L": "0",
    "compatibilityId": "b711c59d2d941400ec01588e99bbc93f",
    "embeddedSeq": 0,
    "interpreted": [],
    "seq": 0,
    "staged": false,
    "stream": "embedded",
    "sunset": ""
  },
  "derives": {},
  "epoch": 3,
  "focus": {
    "logical": null
  },
  "incarnation": 1,
  "keyboard": {
    "unavailable": true
  },
  "logic": {
    "ready": true,
    "revision": null,
    "rustExecutor": null
  },
  "navigation": {
    "unavailable": true
  },
  "ownership": {
    "clock": "controlled",
    "launchMode": "agent",
    "owner": "agent",
    "scope": "launch"
  },
  "pending": [],
  "resources": {
    "hud": {
      "beacons": 1
    }
  },
  "slots": {
    "paused": false,
    "playing": true,
    "seed": 7
  },
  "store": [],
  "world": [
    {
      "args": {
        "paused": false,
        "seed": 7
      },
      "assets": [],
      "audio": {
        "sources": [
          {
            "entity": "camera",
            "gain": 0.3,
            "playing": true,
            "sound": "wind"
          }
        ],
        "voices": []
      },
      "canvas": 6,
      "capture": null,
      "clockState": {
        "hostMicros": 6050000,
        "worldMicros": 6050000
      },
      "device": false,
      "entities": 8,
      "gpu": {
        "afterReady": {
          "bindGroupLayouts": 0,
          "bufferReallocations": 0,
          "computePipelines": 0,
          "declaredExceptions": {
            "counts": {
              "bindGroupLayouts": 0,
              "bufferReallocations": 0,
              "computePipelines": 0,
              "indexBuffers": 0,
              "meshBytesUploaded": 0,
              "renderPipelines": 0,
              "shaderModules": 0,
              "slotCapacityGrowth": 0,
              "textureBytesUploaded": 0,
              "textures": 0,
              "vertexBuffers": 0
            },
            "events": 0,
            "last": null
          },
          "indexBuffers": 0,
          "meshBytesUploaded": 0,
          "renderPipelines": 0,
          "shaderModules": 0,
          "slotCapacityGrowth": 0,
          "streamingVertexBytes": 0,
          "textureBytesUploaded": 0,
          "textures": 0,
          "vertexBuffers": 0,
          "violations": 0
        },
        "beforeReady": {
          "bindGroupLayouts": 0,
          "bufferReallocations": 3,
          "computePipelines": 0,
          "indexBuffers": 3,
          "meshBytesUploaded": 41536,
          "renderPipelines": 0,
          "shaderModules": 0,
          "slotCapacityGrowth": 1,
          "streamingVertexBytes": 0,
          "textureBytesUploaded": 0,
          "textures": 0,
          "vertexBuffers": 3
        },
        "device": false,
        "lastAfterReady": null,
        "restoreUploads": {
          "counts": {
            "bindGroupLayouts": 0,
            "bufferReallocations": 0,
            "computePipelines": 0,
            "indexBuffers": 0,
            "meshBytesUploaded": 0,
            "renderPipelines": 0,
            "shaderModules": 0,
            "slotCapacityGrowth": 0,
            "textureBytesUploaded": 0,
            "textures": 0,
            "vertexBuffers": 0
          },
          "events": 0,
          "last": null
        }
      },
      "hash": "0x9f0cdfd86cbe55f1",
      "hz": 60,
      "input": {
        "actions": {
          "act": {
            "keys": [
              "KeyE",
              "Enter"
            ],
            "name": "act",
            "stick": [],
            "touch": []
          },
          "jump": {
            "keys": [
              "Space"
            ],
            "name": "jump",
            "stick": [],
            "touch": []
          },
          "move": {
            "keys": [],
            "name": "move",
            "stick": [
              {
                "keys": [
                  [
                    "KeyW",
                    "KeyS",
                    "KeyA",
                    "KeyD"
                  ],
                  [
                    "ArrowUp",
                    "ArrowDown",
                    "ArrowLeft",
                    "ArrowRight"
                  ]
                ],
                "touch": []
              }
            ],
            "touch": []
          }
        },
        "forwarded": [],
        "held": []
      },
      "loading": [],
      "name": "world",
      "ownership": {
        "clock": "controlled",
        "contamination": 0,
        "handoff": "clock owner human/agent",
        "inputSource": "unavailable",
        "owner": "agent"
      },
      "paused": false,
      "perf": {
        "armed": false,
        "draws": 0,
        "encodeMs": {
          "count": 0,
          "max": 0,
          "mean": 0,
          "p50": 0,
          "p95": 0,
          "p99": 0
        },
        "feedMs": {
          "count": 0,
          "max": 0,
          "mean": 0,
          "p50": 0,
          "p95": 0,
          "p99": 0
        },
        "frameMs": {
          "count": 0,
          "max": 0,
          "mean": 0,
          "p50": 0,
          "p95": 0,
          "p99": 0
        },
        "instances": 0,
        "pixels": [
          0,
          0
        ],
        "tickMs": {
          "count": 0,
          "max": 0,
          "mean": 0,
          "p50": 0,
          "p95": 0,
          "p99": 0
        },
        "ticksPerFrame": {
          "count": 0,
          "max": 0,
          "mean": 0,
          "p50": 0,
          "p95": 0,
          "p99": 0
        },
        "triangles": 0,
        "wallClock": true
      },
      "published": {
        "beacons": 1
      },
      "ready": true,
      "readyReasons": [],
      "reload": {
        "added": [],
        "applied": [],
        "kept": [],
        "omitted": 0,
        "removed": [],
        "unmatched": []
      },
      "resources": {
        "Audio": {
          "master": 1,
          "reports": [
            {
              "entity": {
                "generation": 0,
                "index": 2
              },
              "gain": 0.3,
              "playing": true,
              "refused": false,
              "sound": "wind"
            }
          ]
        },
        "Sounds": [
          {
            "chime": {
              "attack": 0.005,
              "decay": 0.15,
              "gain": 0.3,
              "highpass_hz": 0,
              "hz": 880,
              "layers": [
                {
                  "attack": 0.005,
                  "decay": 0.15,
                  "gain": 0.12,
                  "highpass_hz": 0,
                  "hz": 1320,
                  "layers": [],
                  "looping": false,
                  "lowpass_hz": 0,
                  "release": 0.45,
                  "seconds": 0.5,
                  "slide": 0,
                  "sustain": 0,
                  "vibrato_depth": 0,
                  "vibrato_hz": 0,
                  "wave": {
                    "Sine": {}
                  }
                }
              ],
              "looping": false,
              "lowpass_hz": 0,
              "release": 0.7,
              "seconds": 0.8,
              "slide": 0,
              "sustain": 0,
              "vibrato_depth": 0,
              "vibrato_hz": 0,
              "wave": {
                "Sine": {}
              }
            },
            "footstep": {
              "attack": 0.002,
              "decay": 0.15,
              "gain": 0.4,
              "highpass_hz": 0,
              "hz": 440,
              "layers": [],
              "looping": false,
              "lowpass_hz": 650,
              "release": 0.08,
              "seconds": 0.09,
              "slide": 0,
              "sustain": 0,
              "vibrato_depth": 0,
              "vibrato_hz": 0,
              "wave": {
                "Noise": {}
              }
            },
            "wind": {
              "attack": 0,
              "decay": 0.15,
              "gain": 0.12,
              "highpass_hz": 0,
              "hz": 440,
              "layers": [],
              "looping": true,
              "lowpass_hz": 380,
              "release": 0,
              "seconds": 2,
              "slide": 0,
              "sustain": 1,
              "vibrato_depth": 0,
              "vibrato_hz": 0,
              "wave": {
                "Noise": {}
              }
            }
          }
        ],
        "Voices": {
          "next_id": 14,
          "voices": []
        }
      },
      "restored": false,
      "seed": 7,
      "tick": 363
    }
  ]
}
PASS state.world.audio reports camera wind and finite voices
PASS no browser/GPU errors: []
tap pause
{"tapped":8,"at":[1217,45.5],"epoch":4,"incarnation":1,"clock":6050,"target":"pause","delivery":"platform","carrier":"linux","mode":"agent"}
state world:*
{
  "entities": [
    {
      "components": {
        "Material": {
          "color": [
            0.25,
            0.27,
            0.3,
            1
          ],
          "emissive": [
            0,
            0,
            0
          ],
          "grid_spacing": 1,
          "metallic": 0,
          "roughness": 0.5
        },
        "Mesh": {
          "Plane": {
            "depth": 40,
            "width": 40
          }
        },
        "Transform": {
          "position": [
            0,
            0,
            0
          ],
          "rotation": [
            0,
            0,
            0,
            1
          ],
          "scale": [
            1,
            1,
            1
          ]
        }
      },
      "id": 0,
      "name": "ground"
    },
    {
      "components": {
        "Material": {
          "color": [
            0.8,
            0.45,
            0.15,
            1
          ],
          "emissive": [
            0,
            0,
            0
          ],
          "grid_spacing": 0,
          "metallic": 0,
          "roughness": 0.5
        },
        "Mesh": {
          "Capsule": {
            "height": 1.8,
            "radius": 0.4
          }
        },
        "Player": {
          "character": {
            "accel": 12,
            "airborne": false,
            "bounds": [
              [
                -19.6,
                19.6
              ]
            ],
            "brake": 20,
            "gravity": 9.81,
            "ground": 0.9,
            "jump": 1.2,
            "speed": 4,
            "velocity": [
              0,
              0,
              0
            ]
          },
          "stride": 0.28333098
        },
        "Transform": {
          "position": [
            0,
            0.9,
            -6.133331
          ],
          "rotation": [
            0,
            0,
            0,
            1
          ],
          "scale": [
            1,
            1,
            1
          ]
        }
      },
      "id": 1,
      "name": "player"
    },
    {
      "components": {
        "AudioListener": {},
        "AudioSource": {
          "gain": 0.3,
          "playing": true,
          "sound": "wind"
        },
        "Camera": {
          "active": true,
          "far": 1000,
          "fov_y_degrees": 60,
          "near": 0.1
        },
        "Follow": {
          "initialized": true,
          "lag": 0,
          "look_at_offset": [
            0,
            0,
            0
          ],
          "offset": [
            0,
            5,
            8
          ],
          "resolved": [
            {
              "generation": 0,
              "index": 1
            }
          ],
          "target": {
            "Entity": [
              {
                "generation": 0,
                "index": 1
              }
            ]
          }
        },
        "Transform": {
          "position": [
            0,
            5.9,
            1.8666692
          ],
          "rotation": [
            -0.27568254,
            0,
            0,
            0.9612488
          ],
          "scale": [
            1,
            1,
            1
          ]
        }
      },
      "id": 2,
      "name": "camera"
    },
    {
      "components": {
        "DirectionalLight": {
          "color": [
            1,
            1,
            1
          ],
          "illuminance": 10000,
          "shadows": true
        },
        "Transform": {
          "position": [
            5,
            10,
            5
          ],
          "rotation": [
            -0.4247082,
            0.33985114,
            0.1759199,
            0.82047325
          ],
          "scale": [
            1,
            1,
            1
          ]
        }
      },
      "id": 3,
      "name": "sun"
    },
    {
      "components": {
        "Material": {
          "color": [
            1,
            1,
            1,
            1
          ],
          "emissive": [
            0,
            0,
            0
          ],
          "grid_spacing": 0,
          "metallic": 0,
          "roughness": 0.5
        },
        "Mesh": {
          "Box": {
            "size": [
              1,
              1,
              1
            ]
          }
        },
        "Transform": {
          "position": [
            5.6685147,
            0.5,
            7.563838
          ],
          "rotation": [
            0,
            0,
            0,
            1
          ],
          "scale": [
            1,
            1,
            1
          ]
        }
      },
      "id": 4,
      "name": "crate-1"
    },
    {
      "components": {
        "Material": {
          "color": [
            1,
            1,
            1,
            1
          ],
          "emissive": [
            0,
            0,
            0
          ],
          "grid_spacing": 0,
          "metallic": 0,
          "roughness": 0.5
        },
        "Mesh": {
          "Box": {
            "size": [
              1,
              1,
              1
            ]
          }
        },
        "Transform": {
          "position": [
            6.6891494,
            0.5,
            5.7472677
          ],
          "rotation": [
            0,
            0,
            0,
            1
          ],
          "scale": [
            1,
            1,
            1
          ]
        }
      },
      "id": 5,
      "name": "crate-2"
    },
    {
      "components": {
        "Material": {
          "color": [
            1,
            1,
            1,
            1
          ],
          "emissive": [
            0,
            0,
            0
          ],
          "grid_spacing": 0,
          "metallic": 0,
          "roughness": 0.5
        },
        "Mesh": {
          "Box": {
            "size": [
              1,
              1,
              1
            ]
          }
        },
        "Transform": {
          "position": [
            4.3184667,
            0.5,
            -1.0410995
          ],
          "rotation": [
            0,
            0,
            0,
            1
          ],
          "scale": [
            1,
            1,
            1
          ]
        }
      },
      "id": 6,
      "name": "crate-3"
    },
    {
      "components": {
        "Beacon": {
          "glow": {
            "config": {
              "damping": 10,
              "mass": 1,
              "stiffness": 100
            },
            "start_tick": 96,
            "start_value": 0,
            "start_velocity": 0,
            "target": 1
          },
          "lit": true
        },
        "Material": {
          "color": [
            0.15,
            0.6,
            0.8,
            1
          ],
          "emissive": [
            3,
            3,
            3
          ],
          "grid_spacing": 0,
          "metallic": 0,
          "roughness": 0.5
        },
        "Mesh": {
          "Sphere": {
            "radius": 0.5
          }
        },
        "Transform": {
          "position": [
            0,
            0.75,
            -6.5
          ],
          "rotation": [
            0,
            0,
            0,
            1
          ],
          "scale": [
            1,
            1,
            1
          ]
        }
      },
      "id": 7,
      "name": "beacon-1"
    }
  ],
  "hash": "0x9f0cdfd86cbe55f1",
  "tick": 363,
  "truncated": false,
  "epoch": 4,
  "incarnation": 1,
  "clock": 6050
}
type world {"key":"KeyW","phase":"down"}
{"typed":6,"delivery":"recognized","epoch":4,"incarnation":1,"clock":6050,"target":"world","carrier":"linux","mode":"agent"}
clock +0
{"clock":6050,"world":[{"canvas":6,"changing":["paused"],"hash":"0x9f0cdfd86cbe55f1","ownership":{"clock":"controlled","contamination":0,"handoff":"clock owner human/agent","inputSource":"unavailable","owner":"agent"},"quiescent":true,"tick":363}],"epoch":4,"incarnation":1}
clock +2000
{"clock":8050,"world":[{"canvas":6,"changing":["paused"],"hash":"0x9f0cdfd86cbe55f1","ownership":{"clock":"controlled","contamination":0,"handoff":"clock owner human/agent","inputSource":"unavailable","owner":"agent"},"quiescent":true,"tick":363}],"epoch":4,"incarnation":1}
state world:*
{
  "entities": [
    {
      "components": {
        "Material": {
          "color": [
            0.25,
            0.27,
            0.3,
            1
          ],
          "emissive": [
            0,
            0,
            0
          ],
          "grid_spacing": 1,
          "metallic": 0,
          "roughness": 0.5
        },
        "Mesh": {
          "Plane": {
            "depth": 40,
            "width": 40
          }
        },
        "Transform": {
          "position": [
            0,
            0,
            0
          ],
          "rotation": [
            0,
            0,
            0,
            1
          ],
          "scale": [
            1,
            1,
            1
          ]
        }
      },
      "id": 0,
      "name": "ground"
    },
    {
      "components": {
        "Material": {
          "color": [
            0.8,
            0.45,
            0.15,
            1
          ],
          "emissive": [
            0,
            0,
            0
          ],
          "grid_spacing": 0,
          "metallic": 0,
          "roughness": 0.5
        },
        "Mesh": {
          "Capsule": {
            "height": 1.8,
            "radius": 0.4
          }
        },
        "Player": {
          "character": {
            "accel": 12,
            "airborne": false,
            "bounds": [
              [
                -19.6,
                19.6
              ]
            ],
            "brake": 20,
            "gravity": 9.81,
            "ground": 0.9,
            "jump": 1.2,
            "speed": 4,
            "velocity": [
              0,
              0,
              0
            ]
          },
          "stride": 0.28333098
        },
        "Transform": {
          "position": [
            0,
            0.9,
            -6.133331
          ],
          "rotation": [
            0,
            0,
            0,
            1
          ],
          "scale": [
            1,
            1,
            1
          ]
        }
      },
      "id": 1,
      "name": "player"
    },
    {
      "components": {
        "AudioListener": {},
        "AudioSource": {
          "gain": 0.3,
          "playing": true,
          "sound": "wind"
        },
        "Camera": {
          "active": true,
          "far": 1000,
          "fov_y_degrees": 60,
          "near": 0.1
        },
        "Follow": {
          "initialized": true,
          "lag": 0,
          "look_at_offset": [
            0,
            0,
            0
          ],
          "offset": [
            0,
            5,
            8
          ],
          "resolved": [
            {
              "generation": 0,
              "index": 1
            }
          ],
          "target": {
            "Entity": [
              {
                "generation": 0,
                "index": 1
              }
            ]
          }
        },
        "Transform": {
          "position": [
            0,
            5.9,
            1.8666692
          ],
          "rotation": [
            -0.27568254,
            0,
            0,
            0.9612488
          ],
          "scale": [
            1,
            1,
            1
          ]
        }
      },
      "id": 2,
      "name": "camera"
    },
    {
      "components": {
        "DirectionalLight": {
          "color": [
            1,
            1,
            1
          ],
          "illuminance": 10000,
          "shadows": true
        },
        "Transform": {
          "position": [
            5,
            10,
            5
          ],
          "rotation": [
            -0.4247082,
            0.33985114,
            0.1759199,
            0.82047325
          ],
          "scale": [
            1,
            1,
            1
          ]
        }
      },
      "id": 3,
      "name": "sun"
    },
    {
      "components": {
        "Material": {
          "color": [
            1,
            1,
            1,
            1
          ],
          "emissive": [
            0,
            0,
            0
          ],
          "grid_spacing": 0,
          "metallic": 0,
          "roughness": 0.5
        },
        "Mesh": {
          "Box": {
            "size": [
              1,
              1,
              1
            ]
          }
        },
        "Transform": {
          "position": [
            5.6685147,
            0.5,
            7.563838
          ],
          "rotation": [
            0,
            0,
            0,
            1
          ],
          "scale": [
            1,
            1,
            1
          ]
        }
      },
      "id": 4,
      "name": "crate-1"
    },
    {
      "components": {
        "Material": {
          "color": [
            1,
            1,
            1,
            1
          ],
          "emissive": [
            0,
            0,
            0
          ],
          "grid_spacing": 0,
          "metallic": 0,
          "roughness": 0.5
        },
        "Mesh": {
          "Box": {
            "size": [
              1,
              1,
              1
            ]
          }
        },
        "Transform": {
          "position": [
            6.6891494,
            0.5,
            5.7472677
          ],
          "rotation": [
            0,
            0,
            0,
            1
          ],
          "scale": [
            1,
            1,
            1
          ]
        }
      },
      "id": 5,
      "name": "crate-2"
    },
    {
      "components": {
        "Material": {
          "color": [
            1,
            1,
            1,
            1
          ],
          "emissive": [
            0,
            0,
            0
          ],
          "grid_spacing": 0,
          "metallic": 0,
          "roughness": 0.5
        },
        "Mesh": {
          "Box": {
            "size": [
              1,
              1,
              1
            ]
          }
        },
        "Transform": {
          "position": [
            4.3184667,
            0.5,
            -1.0410995
          ],
          "rotation": [
            0,
            0,
            0,
            1
          ],
          "scale": [
            1,
            1,
            1
          ]
        }
      },
      "id": 6,
      "name": "crate-3"
    },
    {
      "components": {
        "Beacon": {
          "glow": {
            "config": {
              "damping": 10,
              "mass": 1,
              "stiffness": 100
            },
            "start_tick": 96,
            "start_value": 0,
            "start_velocity": 0,
            "target": 1
          },
          "lit": true
        },
        "Material": {
          "color": [
            0.15,
            0.6,
            0.8,
            1
          ],
          "emissive": [
            3,
            3,
            3
          ],
          "grid_spacing": 0,
          "metallic": 0,
          "roughness": 0.5
        },
        "Mesh": {
          "Sphere": {
            "radius": 0.5
          }
        },
        "Transform": {
          "position": [
            0,
            0.75,
            -6.5
          ],
          "rotation": [
            0,
            0,
            0,
            1
          ],
          "scale": [
            1,
            1,
            1
          ]
        }
      },
      "id": 7,
      "name": "beacon-1"
    }
  ],
  "hash": "0x9f0cdfd86cbe55f1",
  "tick": 363,
  "truncated": false,
  "epoch": 4,
  "incarnation": 1,
  "clock": 8050
}
PASS pause + 2 seconds preserves the simulation snapshot with W held
type world {"key":"KeyW","phase":"up"}
{"typed":6,"delivery":"recognized","epoch":4,"incarnation":1,"clock":8050,"target":"world","carrier":"linux","mode":"agent"}
screenshot /home/ccheever/lanes/gamenext/exact2-i1/game/games/greybox/artifacts/greybox-web.png
{"h":720,"note":"Contract painted; canvas rectangles are flat (no device)","screenshot":"/home/ccheever/lanes/gamenext/exact2-i1/game/games/greybox/artifacts/greybox-web.png","w":1280,"epoch":4,"incarnation":1,"clock":8050}
tree 
epoch 4 · incarnation 1 · clock 8050 ms · 5 nodes
View#1
  Canvas#6 [world] world{world} · 8 entities · tick 363
    Text#7 [hud-beacons] "Beacons 1 / 1"
    Pressable#8 [pause] [focused] name="Resume" (press)
      Text#9 "Resume"
PASS Resume accessible name follows its text
PASS paused HUD offers Resume
state 
{
  "capabilities": {
    "build": {
      "host": "b711c59d2d941400ec01588e99bbc93f",
      "lastSuccessfulSwap": null,
      "loadedGame": {
        "app": "com.exact.greybox",
        "cohort": "b711c59d2d941400ec01588e99bbc93f",
        "name": "libgreybox_gpu.so",
        "sha256": "8df00874c859d7292f6efe3dfdd80b7868fb70a78a569854e24d958ebfc3c706",
        "trust": "development"
      },
      "phase": "launch",
      "planDigest": {
        "unavailable": true
      },
      "requestedGame": {
        "app": "com.exact.greybox",
        "cohort": "b711c59d2d941400ec01588e99bbc93f",
        "name": "libgreybox_gpu.so",
        "sha256": "8df00874c859d7292f6efe3dfdd80b7868fb70a78a569854e24d958ebfc3c706",
        "trust": "development"
      }
    },
    "carrier": {
      "active": "stdio-headless",
      "available": [
        "stdio-headless"
      ],
      "delivery": {
        "canvasKey": "recognized",
        "device": false,
        "heldContact": false,
        "tap": "recognized"
      },
      "eof": "exit",
      "scope": "launch"
    },
    "clockOwnership": false,
    "detach": false,
    "handoff": false,
    "host": "linux",
    "inputProvenance": {
      "reason": "GPU input ABI does not carry source attestation",
      "unavailable": true
    },
    "reload": {
      "game": "rebuild-relaunch",
      "liveGameReplacement": false,
      "ui": "restart-with-compatible-slot-carry",
      "worldCarry": "explicit-save-restore",
      "worldOnUIReload": {
        "reason": "surface instances are rebound by view id; transactional game carry is not implemented",
        "unavailable": true
      }
    }
  },
  "clock": 8050,
  "delivery": {
    "E": [
      "native"
    ],
    "L": "0",
    "compatibilityId": "b711c59d2d941400ec01588e99bbc93f",
    "embeddedSeq": 0,
    "interpreted": [],
    "seq": 0,
    "staged": false,
    "stream": "embedded",
    "sunset": ""
  },
  "derives": {},
  "epoch": 4,
  "focus": {
    "logical": 8
  },
  "incarnation": 1,
  "keyboard": {
    "unavailable": true
  },
  "logic": {
    "ready": true,
    "revision": null,
    "rustExecutor": null
  },
  "navigation": {
    "unavailable": true
  },
  "ownership": {
    "clock": "controlled",
    "launchMode": "agent",
    "owner": "agent",
    "scope": "launch"
  },
  "pending": [],
  "resources": {
    "hud": {
      "beacons": 1
    }
  },
  "slots": {
    "paused": true,
    "playing": true,
    "seed": 7
  },
  "store": [],
  "world": [
    {
      "args": {
        "paused": true,
        "seed": 7
      },
      "assets": [],
      "audio": {
        "sources": [
          {
            "entity": "camera",
            "gain": 0.3,
            "playing": true,
            "sound": "wind"
          }
        ],
        "voices": []
      },
      "canvas": 6,
      "capture": null,
      "clockState": {
        "hostMicros": 8050000,
        "worldMicros": 6050000
      },
      "device": false,
      "entities": 8,
      "gpu": {
        "afterReady": {
          "bindGroupLayouts": 0,
          "bufferReallocations": 0,
          "computePipelines": 0,
          "declaredExceptions": {
            "counts": {
              "bindGroupLayouts": 0,
              "bufferReallocations": 0,
              "computePipelines": 0,
              "indexBuffers": 0,
              "meshBytesUploaded": 0,
              "renderPipelines": 0,
              "shaderModules": 0,
              "slotCapacityGrowth": 0,
              "textureBytesUploaded": 0,
              "textures": 0,
              "vertexBuffers": 0
            },
            "events": 0,
            "last": null
          },
          "indexBuffers": 0,
          "meshBytesUploaded": 0,
          "renderPipelines": 0,
          "shaderModules": 0,
          "slotCapacityGrowth": 0,
          "streamingVertexBytes": 0,
          "textureBytesUploaded": 0,
          "textures": 0,
          "vertexBuffers": 0,
          "violations": 0
        },
        "beforeReady": {
          "bindGroupLayouts": 0,
          "bufferReallocations": 3,
          "computePipelines": 0,
          "indexBuffers": 3,
          "meshBytesUploaded": 41536,
          "renderPipelines": 0,
          "shaderModules": 0,
          "slotCapacityGrowth": 1,
          "streamingVertexBytes": 0,
          "textureBytesUploaded": 0,
          "textures": 0,
          "vertexBuffers": 3
        },
        "device": false,
        "lastAfterReady": null,
        "restoreUploads": {
          "counts": {
            "bindGroupLayouts": 0,
            "bufferReallocations": 0,
            "computePipelines": 0,
            "indexBuffers": 0,
            "meshBytesUploaded": 0,
            "renderPipelines": 0,
            "shaderModules": 0,
            "slotCapacityGrowth": 0,
            "textureBytesUploaded": 0,
            "textures": 0,
            "vertexBuffers": 0
          },
          "events": 0,
          "last": null
        }
      },
      "hash": "0x9f0cdfd86cbe55f1",
      "hz": 60,
      "input": {
        "actions": {
          "act": {
            "keys": [
              "KeyE",
              "Enter"
            ],
            "name": "act",
            "stick": [],
            "touch": []
          },
          "jump": {
            "keys": [
              "Space"
            ],
            "name": "jump",
            "stick": [],
            "touch": []
          },
          "move": {
            "keys": [],
            "name": "move",
            "stick": [
              {
                "keys": [
                  [
                    "KeyW",
                    "KeyS",
                    "KeyA",
                    "KeyD"
                  ],
                  [
                    "ArrowUp",
                    "ArrowDown",
                    "ArrowLeft",
                    "ArrowRight"
                  ]
                ],
                "touch": []
              }
            ],
            "touch": []
          }
        },
        "forwarded": [],
        "held": []
      },
      "loading": [],
      "name": "world",
      "ownership": {
        "clock": "controlled",
        "contamination": 0,
        "handoff": "clock owner human/agent",
        "inputSource": "unavailable",
        "owner": "agent"
      },
      "paused": true,
      "perf": {
        "armed": false,
        "draws": 0,
        "encodeMs": {
          "count": 0,
          "max": 0,
          "mean": 0,
          "p50": 0,
          "p95": 0,
          "p99": 0
        },
        "feedMs": {
          "count": 0,
          "max": 0,
          "mean": 0,
          "p50": 0,
          "p95": 0,
          "p99": 0
        },
        "frameMs": {
          "count": 0,
          "max": 0,
          "mean": 0,
          "p50": 0,
          "p95": 0,
          "p99": 0
        },
        "instances": 0,
        "pixels": [
          0,
          0
        ],
        "tickMs": {
          "count": 0,
          "max": 0,
          "mean": 0,
          "p50": 0,
          "p95": 0,
          "p99": 0
        },
        "ticksPerFrame": {
          "count": 0,
          "max": 0,
          "mean": 0,
          "p50": 0,
          "p95": 0,
          "p99": 0
        },
        "triangles": 0,
        "wallClock": true
      },
      "published": {
        "beacons": 1
      },
      "ready": true,
      "readyReasons": [],
      "reload": {
        "added": [],
        "applied": [],
        "kept": [],
        "omitted": 0,
        "removed": [],
        "unmatched": []
      },
      "resources": {
        "Audio": {
          "master": 1,
          "reports": [
            {
              "entity": {
                "generation": 0,
                "index": 2
              },
              "gain": 0.3,
              "playing": true,
              "refused": false,
              "sound": "wind"
            }
          ]
        },
        "Sounds": [
          {
            "chime": {
              "attack": 0.005,
              "decay": 0.15,
              "gain": 0.3,
              "highpass_hz": 0,
              "hz": 880,
              "layers": [
                {
                  "attack": 0.005,
                  "decay": 0.15,
                  "gain": 0.12,
                  "highpass_hz": 0,
                  "hz": 1320,
                  "layers": [],
                  "looping": false,
                  "lowpass_hz": 0,
                  "release": 0.45,
                  "seconds": 0.5,
                  "slide": 0,
                  "sustain": 0,
                  "vibrato_depth": 0,
                  "vibrato_hz": 0,
                  "wave": {
                    "Sine": {}
                  }
                }
              ],
              "looping": false,
              "lowpass_hz": 0,
              "release": 0.7,
              "seconds": 0.8,
              "slide": 0,
              "sustain": 0,
              "vibrato_depth": 0,
              "vibrato_hz": 0,
              "wave": {
                "Sine": {}
              }
            },
            "footstep": {
              "attack": 0.002,
              "decay": 0.15,
              "gain": 0.4,
              "highpass_hz": 0,
              "hz": 440,
              "layers": [],
              "looping": false,
              "lowpass_hz": 650,
              "release": 0.08,
              "seconds": 0.09,
              "slide": 0,
              "sustain": 0,
              "vibrato_depth": 0,
              "vibrato_hz": 0,
              "wave": {
                "Noise": {}
              }
            },
            "wind": {
              "attack": 0,
              "decay": 0.15,
              "gain": 0.12,
              "highpass_hz": 0,
              "hz": 440,
              "layers": [],
              "looping": true,
              "lowpass_hz": 380,
              "release": 0,
              "seconds": 2,
              "slide": 0,
              "sustain": 1,
              "vibrato_depth": 0,
              "vibrato_hz": 0,
              "wave": {
                "Noise": {}
              }
            }
          }
        ],
        "Voices": {
          "next_id": 14,
          "voices": []
        }
      },
      "restored": false,
      "seed": 7,
      "tick": 363
    }
  ]
}
PASS Contract paused argument reaches world
SKIP browser resource/paint timings on linux: this host does not expose them
TIMINGS {"armed":false,"draws":0,"encodeMs":{"count":0,"max":0,"mean":0,"p50":0,"p95":0,"p99":0},"feedMs":{"count":0,"max":0,"mean":0,"p50":0,"p95":0,"p99":0},"frameMs":{"count":0,"max":0,"mean":0,"p50":0,"p95":0,"p99":0},"instances":0,"pixels":[0,0],"tickMs":{"count":0,"max":0,"mean":0,"p50":0,"p95":0,"p99":0},"ticksPerFrame":{"count":0,"max":0,"mean":0,"p50":0,"p95":0,"p99":0},"triangles":0,"wallClock":true}
tap pause
{"tapped":8,"at":[1208,45.5],"epoch":5,"incarnation":1,"clock":8050,"target":"pause","delivery":"platform","carrier":"linux","mode":"agent"}
state world:player
{
  "entity": {
    "components": {
      "Material": {
        "color": [
          0.8,
          0.45,
          0.15,
          1
        ],
        "emissive": [
          0,
          0,
          0
        ],
        "grid_spacing": 0,
        "metallic": 0,
        "roughness": 0.5
      },
      "Mesh": {
        "Capsule": {
          "height": 1.8,
          "radius": 0.4
        }
      },
      "Player": {
        "character": {
          "accel": 12,
          "airborne": false,
          "bounds": [
            [
              -19.6,
              19.6
            ]
          ],
          "brake": 20,
          "gravity": 9.81,
          "ground": 0.9,
          "jump": 1.2,
          "speed": 4,
          "velocity": [
            0,
            0,
            0
          ]
        },
        "stride": 0.28333098
      },
      "Transform": {
        "position": [
          0,
          0.9,
          -6.133331
        ],
        "rotation": [
          0,
          0,
          0,
          1
        ],
        "scale": [
          1,
          1,
          1
        ]
      }
    },
    "id": 1,
    "name": "player"
  },
  "tick": 363,
  "epoch": 5,
  "incarnation": 1,
  "clock": 8050
}
type pause {"key":"KeyW","phase":"down"}
{"typed":8,"delivery":"recognized","epoch":5,"incarnation":1,"clock":8050,"target":"pause","carrier":"linux","mode":"agent"}
clock +0
{"clock":8050,"world":[{"canvas":6,"changing":["not observed","input queued"],"hash":"0x9f0cdfd86cbe55f1","ownership":{"clock":"controlled","contamination":0,"handoff":"clock owner human/agent","inputSource":"unavailable","owner":"agent"},"quiescent":false,"settleAt":8066.667,"tick":363}],"epoch":5,"incarnation":1}
clock +500
{"clock":8550,"world":[{"canvas":6,"changing":["player.Player","player.Transform","camera.Transform"],"hash":"0x128dd8a9a4e00e40","ownership":{"clock":"controlled","contamination":0,"handoff":"clock owner human/agent","inputSource":"unavailable","owner":"agent"},"quiescent":false,"settleAt":8650,"tick":393}],"epoch":5,"incarnation":1}
type pause {"key":"KeyW","phase":"up"}
{"typed":8,"delivery":"recognized","epoch":5,"incarnation":1,"clock":8550,"target":"pause","carrier":"linux","mode":"agent"}
state world:player
{
  "entity": {
    "components": {
      "Material": {
        "color": [
          0.8,
          0.45,
          0.15,
          1
        ],
        "emissive": [
          0,
          0,
          0
        ],
        "grid_spacing": 0,
        "metallic": 0,
        "roughness": 0.5
      },
      "Mesh": {
        "Capsule": {
          "height": 1.8,
          "radius": 0.4
        }
      },
      "Player": {
        "character": {
          "accel": 12,
          "airborne": false,
          "bounds": [
            [
              -19.6,
              19.6
            ]
          ],
          "brake": 20,
          "gravity": 9.81,
          "ground": 0.9,
          "jump": 1.2,
          "speed": 4,
          "velocity": [
            0,
            0,
            -4
          ]
        },
        "stride": 0.29999876
      },
      "Transform": {
        "position": [
          0,
          0.9,
          -7.4999986
        ],
        "rotation": [
          0,
          0,
          0,
          1
        ],
        "scale": [
          1,
          1,
          1
        ]
      }
    },
    "id": 1,
    "name": "player"
  },
  "tick": 393,
  "epoch": 5,
  "incarnation": 1,
  "clock": 8550
}
PASS W bubbles from the focused Resume button and moves the world
type world {"key":"Space","phase":"down"}
{"typed":6,"delivery":"recognized","epoch":5,"incarnation":1,"clock":8550,"target":"world","carrier":"linux","mode":"agent"}
tap pause
{"tapped":8,"at":[1217,45.5],"epoch":6,"incarnation":1,"clock":8550,"target":"pause","delivery":"platform","carrier":"linux","mode":"agent"}
type pause {"key":"Space","phase":"up"}
{"typed":8,"delivery":"recognized","epoch":6,"incarnation":1,"clock":8550,"target":"pause","carrier":"linux","mode":"agent"}
state 
{
  "capabilities": {
    "build": {
      "host": "b711c59d2d941400ec01588e99bbc93f",
      "lastSuccessfulSwap": null,
      "loadedGame": {
        "app": "com.exact.greybox",
        "cohort": "b711c59d2d941400ec01588e99bbc93f",
        "name": "libgreybox_gpu.so",
        "sha256": "8df00874c859d7292f6efe3dfdd80b7868fb70a78a569854e24d958ebfc3c706",
        "trust": "development"
      },
      "phase": "launch",
      "planDigest": {
        "unavailable": true
      },
      "requestedGame": {
        "app": "com.exact.greybox",
        "cohort": "b711c59d2d941400ec01588e99bbc93f",
        "name": "libgreybox_gpu.so",
        "sha256": "8df00874c859d7292f6efe3dfdd80b7868fb70a78a569854e24d958ebfc3c706",
        "trust": "development"
      }
    },
    "carrier": {
      "active": "stdio-headless",
      "available": [
        "stdio-headless"
      ],
      "delivery": {
        "canvasKey": "recognized",
        "device": false,
        "heldContact": false,
        "tap": "recognized"
      },
      "eof": "exit",
      "scope": "launch"
    },
    "clockOwnership": false,
    "detach": false,
    "handoff": false,
    "host": "linux",
    "inputProvenance": {
      "reason": "GPU input ABI does not carry source attestation",
      "unavailable": true
    },
    "reload": {
      "game": "rebuild-relaunch",
      "liveGameReplacement": false,
      "ui": "restart-with-compatible-slot-carry",
      "worldCarry": "explicit-save-restore",
      "worldOnUIReload": {
        "reason": "surface instances are rebound by view id; transactional game carry is not implemented",
        "unavailable": true
      }
    }
  },
  "clock": 8550,
  "delivery": {
    "E": [
      "native"
    ],
    "L": "0",
    "compatibilityId": "b711c59d2d941400ec01588e99bbc93f",
    "embeddedSeq": 0,
    "interpreted": [],
    "seq": 0,
    "staged": false,
    "stream": "embedded",
    "sunset": ""
  },
  "derives": {},
  "epoch": 6,
  "focus": {
    "logical": 8
  },
  "incarnation": 1,
  "keyboard": {
    "unavailable": true
  },
  "logic": {
    "ready": true,
    "revision": null,
    "rustExecutor": null
  },
  "navigation": {
    "unavailable": true
  },
  "ownership": {
    "clock": "controlled",
    "launchMode": "agent",
    "owner": "agent",
    "scope": "launch"
  },
  "pending": [],
  "resources": {
    "hud": {
      "beacons": 1
    }
  },
  "slots": {
    "paused": true,
    "playing": true,
    "seed": 7
  },
  "store": [],
  "world": [
    {
      "args": {
        "paused": true,
        "seed": 7
      },
      "assets": [],
      "audio": {
        "sources": [
          {
            "entity": "camera",
            "gain": 0.3,
            "playing": true,
            "sound": "wind"
          }
        ],
        "voices": [
          {
            "at": "player",
            "began": 389,
            "ends": 395,
            "gain": 1,
            "sound": "footstep"
          }
        ]
      },
      "canvas": 6,
      "capture": null,
      "clockState": {
        "hostMicros": 8550000,
        "worldMicros": 6550000
      },
      "device": false,
      "entities": 8,
      "gpu": {
        "afterReady": {
          "bindGroupLayouts": 0,
          "bufferReallocations": 0,
          "computePipelines": 0,
          "declaredExceptions": {
            "counts": {
              "bindGroupLayouts": 0,
              "bufferReallocations": 0,
              "computePipelines": 0,
              "indexBuffers": 0,
              "meshBytesUploaded": 0,
              "renderPipelines": 0,
              "shaderModules": 0,
              "slotCapacityGrowth": 0,
              "textureBytesUploaded": 0,
              "textures": 0,
              "vertexBuffers": 0
            },
            "events": 0,
            "last": null
          },
          "indexBuffers": 0,
          "meshBytesUploaded": 0,
          "renderPipelines": 0,
          "shaderModules": 0,
          "slotCapacityGrowth": 0,
          "streamingVertexBytes": 0,
          "textureBytesUploaded": 0,
          "textures": 0,
          "vertexBuffers": 0,
          "violations": 0
        },
        "beforeReady": {
          "bindGroupLayouts": 0,
          "bufferReallocations": 3,
          "computePipelines": 0,
          "indexBuffers": 3,
          "meshBytesUploaded": 41536,
          "renderPipelines": 0,
          "shaderModules": 0,
          "slotCapacityGrowth": 1,
          "streamingVertexBytes": 0,
          "textureBytesUploaded": 0,
          "textures": 0,
          "vertexBuffers": 3
        },
        "device": false,
        "lastAfterReady": null,
        "restoreUploads": {
          "counts": {
            "bindGroupLayouts": 0,
            "bufferReallocations": 0,
            "computePipelines": 0,
            "indexBuffers": 0,
            "meshBytesUploaded": 0,
            "renderPipelines": 0,
            "shaderModules": 0,
            "slotCapacityGrowth": 0,
            "textureBytesUploaded": 0,
            "textures": 0,
            "vertexBuffers": 0
          },
          "events": 0,
          "last": null
        }
      },
      "hash": "0x128dd8a9a4e00e40",
      "hz": 60,
      "input": {
        "actions": {
          "act": {
            "keys": [
              "KeyE",
              "Enter"
            ],
            "name": "act",
            "stick": [],
            "touch": []
          },
          "jump": {
            "keys": [
              "Space"
            ],
            "name": "jump",
            "stick": [],
            "touch": []
          },
          "move": {
            "keys": [],
            "name": "move",
            "stick": [
              {
                "keys": [
                  [
                    "KeyW",
                    "KeyS",
                    "KeyA",
                    "KeyD"
                  ],
                  [
                    "ArrowUp",
                    "ArrowDown",
                    "ArrowLeft",
                    "ArrowRight"
                  ]
                ],
                "touch": []
              }
            ],
            "touch": []
          }
        },
        "forwarded": [],
        "held": []
      },
      "loading": [],
      "name": "world",
      "ownership": {
        "clock": "controlled",
        "contamination": 0,
        "handoff": "clock owner human/agent",
        "inputSource": "unavailable",
        "owner": "agent"
      },
      "paused": true,
      "perf": {
        "armed": false,
        "draws": 0,
        "encodeMs": {
          "count": 0,
          "max": 0,
          "mean": 0,
          "p50": 0,
          "p95": 0,
          "p99": 0
        },
        "feedMs": {
          "count": 0,
          "max": 0,
          "mean": 0,
          "p50": 0,
          "p95": 0,
          "p99": 0
        },
        "frameMs": {
          "count": 0,
          "max": 0,
          "mean": 0,
          "p50": 0,
          "p95": 0,
          "p99": 0
        },
        "instances": 0,
        "pixels": [
          0,
          0
        ],
        "tickMs": {
          "count": 0,
          "max": 0,
          "mean": 0,
          "p50": 0,
          "p95": 0,
          "p99": 0
        },
        "ticksPerFrame": {
          "count": 0,
          "max": 0,
          "mean": 0,
          "p50": 0,
          "p95": 0,
          "p99": 0
        },
        "triangles": 0,
        "wallClock": true
      },
      "published": {
        "beacons": 1
      },
      "ready": true,
      "readyReasons": [],
      "reload": {
        "added": [],
        "applied": [],
        "kept": [],
        "omitted": 0,
        "removed": [],
        "unmatched": []
      },
      "resources": {
        "Audio": {
          "master": 1,
          "reports": [
            {
              "entity": {
                "generation": 0,
                "index": 2
              },
              "gain": 0.3,
              "playing": true,
              "refused": false,
              "sound": "wind"
            }
          ]
        },
        "Sounds": [
          {
            "chime": {
              "attack": 0.005,
              "decay": 0.15,
              "gain": 0.3,
              "highpass_hz": 0,
              "hz": 880,
              "layers": [
                {
                  "attack": 0.005,
                  "decay": 0.15,
                  "gain": 0.12,
                  "highpass_hz": 0,
                  "hz": 1320,
                  "layers": [],
                  "looping": false,
                  "lowpass_hz": 0,
                  "release": 0.45,
                  "seconds": 0.5,
                  "slide": 0,
                  "sustain": 0,
                  "vibrato_depth": 0,
                  "vibrato_hz": 0,
                  "wave": {
                    "Sine": {}
                  }
                }
              ],
              "looping": false,
              "lowpass_hz": 0,
              "release": 0.7,
              "seconds": 0.8,
              "slide": 0,
              "sustain": 0,
              "vibrato_depth": 0,
              "vibrato_hz": 0,
              "wave": {
                "Sine": {}
              }
            },
            "footstep": {
              "attack": 0.002,
              "decay": 0.15,
              "gain": 0.4,
              "highpass_hz": 0,
              "hz": 440,
              "layers": [],
              "looping": false,
              "lowpass_hz": 650,
              "release": 0.08,
              "seconds": 0.09,
              "slide": 0,
              "sustain": 0,
              "vibrato_depth": 0,
              "vibrato_hz": 0,
              "wave": {
                "Noise": {}
              }
            },
            "wind": {
              "attack": 0,
              "decay": 0.15,
              "gain": 0.12,
              "highpass_hz": 0,
              "hz": 440,
              "layers": [],
              "looping": true,
              "lowpass_hz": 380,
              "release": 0,
              "seconds": 2,
              "slide": 0,
              "sustain": 1,
              "vibrato_depth": 0,
              "vibrato_hz": 0,
              "wave": {
                "Noise": {}
              }
            }
          }
        ],
        "Voices": {
          "next_id": 17,
          "voices": [
            {
              "at": {
                "Entity": [
                  {
                    "generation": 0,
                    "index": 1
                  }
                ]
              },
              "began": 389,
              "ends": 395,
              "gain": 1,
              "id": 16,
              "pitch": 0.95547414,
              "position": [
                [
                  0,
                  0.9,
                  -7.4999986
                ]
              ],
              "sound": "footstep",
              "synth": {
                "attack": 0.002,
                "decay": 0.15,
                "gain": 0.4,
                "highpass_hz": 0,
                "hz": 440,
                "layers": [],
                "looping": false,
                "lowpass_hz": 650,
                "release": 0.08,
                "seconds": 0.09,
                "slide": 0,
                "sustain": 0,
                "vibrato_depth": 0,
                "vibrato_hz": 0,
                "wave": {
                  "Noise": {}
                }
              }
            }
          ]
        }
      },
      "restored": false,
      "seed": 7,
      "tick": 393
    }
  ]
}
PASS hold Space then click Pause releases the world key
tap pause
{"tapped":8,"at":[1208,45.5],"epoch":7,"incarnation":1,"clock":8550,"target":"pause","delivery":"platform","carrier":"linux","mode":"agent"}
type pause {"key":"Space"}
{"typed":8,"delivery":"recognized","epoch":8,"incarnation":1,"clock":8550,"target":"pause","carrier":"linux","mode":"agent"}
state 
{
  "capabilities": {
    "build": {
      "host": "b711c59d2d941400ec01588e99bbc93f",
      "lastSuccessfulSwap": null,
      "loadedGame": {
        "app": "com.exact.greybox",
        "cohort": "b711c59d2d941400ec01588e99bbc93f",
        "name": "libgreybox_gpu.so",
        "sha256": "8df00874c859d7292f6efe3dfdd80b7868fb70a78a569854e24d958ebfc3c706",
        "trust": "development"
      },
      "phase": "launch",
      "planDigest": {
        "unavailable": true
      },
      "requestedGame": {
        "app": "com.exact.greybox",
        "cohort": "b711c59d2d941400ec01588e99bbc93f",
        "name": "libgreybox_gpu.so",
        "sha256": "8df00874c859d7292f6efe3dfdd80b7868fb70a78a569854e24d958ebfc3c706",
        "trust": "development"
      }
    },
    "carrier": {
      "active": "stdio-headless",
      "available": [
        "stdio-headless"
      ],
      "delivery": {
        "canvasKey": "recognized",
        "device": false,
        "heldContact": false,
        "tap": "recognized"
      },
      "eof": "exit",
      "scope": "launch"
    },
    "clockOwnership": false,
    "detach": false,
    "handoff": false,
    "host": "linux",
    "inputProvenance": {
      "reason": "GPU input ABI does not carry source attestation",
      "unavailable": true
    },
    "reload": {
      "game": "rebuild-relaunch",
      "liveGameReplacement": false,
      "ui": "restart-with-compatible-slot-carry",
      "worldCarry": "explicit-save-restore",
      "worldOnUIReload": {
        "reason": "surface instances are rebound by view id; transactional game carry is not implemented",
        "unavailable": true
      }
    }
  },
  "clock": 8550,
  "delivery": {
    "E": [
      "native"
    ],
    "L": "0",
    "compatibilityId": "b711c59d2d941400ec01588e99bbc93f",
    "embeddedSeq": 0,
    "interpreted": [],
    "seq": 0,
    "staged": false,
    "stream": "embedded",
    "sunset": ""
  },
  "derives": {},
  "epoch": 8,
  "focus": {
    "logical": 8
  },
  "incarnation": 1,
  "keyboard": {
    "unavailable": true
  },
  "logic": {
    "ready": true,
    "revision": null,
    "rustExecutor": null
  },
  "navigation": {
    "unavailable": true
  },
  "ownership": {
    "clock": "controlled",
    "launchMode": "agent",
    "owner": "agent",
    "scope": "launch"
  },
  "pending": [],
  "resources": {
    "hud": {
      "beacons": 1
    }
  },
  "slots": {
    "paused": true,
    "playing": true,
    "seed": 7
  },
  "store": [],
  "world": [
    {
      "args": {
        "paused": true,
        "seed": 7
      },
      "assets": [],
      "audio": {
        "sources": [
          {
            "entity": "camera",
            "gain": 0.3,
            "playing": true,
            "sound": "wind"
          }
        ],
        "voices": [
          {
            "at": "player",
            "began": 389,
            "ends": 395,
            "gain": 1,
            "sound": "footstep"
          }
        ]
      },
      "canvas": 6,
      "capture": null,
      "clockState": {
        "hostMicros": 8550000,
        "worldMicros": 6550000
      },
      "device": false,
      "entities": 8,
      "gpu": {
        "afterReady": {
          "bindGroupLayouts": 0,
          "bufferReallocations": 0,
          "computePipelines": 0,
          "declaredExceptions": {
            "counts": {
              "bindGroupLayouts": 0,
              "bufferReallocations": 0,
              "computePipelines": 0,
              "indexBuffers": 0,
              "meshBytesUploaded": 0,
              "renderPipelines": 0,
              "shaderModules": 0,
              "slotCapacityGrowth": 0,
              "textureBytesUploaded": 0,
              "textures": 0,
              "vertexBuffers": 0
            },
            "events": 0,
            "last": null
          },
          "indexBuffers": 0,
          "meshBytesUploaded": 0,
          "renderPipelines": 0,
          "shaderModules": 0,
          "slotCapacityGrowth": 0,
          "streamingVertexBytes": 0,
          "textureBytesUploaded": 0,
          "textures": 0,
          "vertexBuffers": 0,
          "violations": 0
        },
        "beforeReady": {
          "bindGroupLayouts": 0,
          "bufferReallocations": 3,
          "computePipelines": 0,
          "indexBuffers": 3,
          "meshBytesUploaded": 41536,
          "renderPipelines": 0,
          "shaderModules": 0,
          "slotCapacityGrowth": 1,
          "streamingVertexBytes": 0,
          "textureBytesUploaded": 0,
          "textures": 0,
          "vertexBuffers": 3
        },
        "device": false,
        "lastAfterReady": null,
        "restoreUploads": {
          "counts": {
            "bindGroupLayouts": 0,
            "bufferReallocations": 0,
            "computePipelines": 0,
            "indexBuffers": 0,
            "meshBytesUploaded": 0,
            "renderPipelines": 0,
            "shaderModules": 0,
            "slotCapacityGrowth": 0,
            "textureBytesUploaded": 0,
            "textures": 0,
            "vertexBuffers": 0
          },
          "events": 0,
          "last": null
        }
      },
      "hash": "0x128dd8a9a4e00e40",
      "hz": 60,
      "input": {
        "actions": {
          "act": {
            "keys": [
              "KeyE",
              "Enter"
            ],
            "name": "act",
            "stick": [],
            "touch": []
          },
          "jump": {
            "keys": [
              "Space"
            ],
            "name": "jump",
            "stick": [],
            "touch": []
          },
          "move": {
            "keys": [],
            "name": "move",
            "stick": [
              {
                "keys": [
                  [
                    "KeyW",
                    "KeyS",
                    "KeyA",
                    "KeyD"
                  ],
                  [
                    "ArrowUp",
                    "ArrowDown",
                    "ArrowLeft",
                    "ArrowRight"
                  ]
                ],
                "touch": []
              }
            ],
            "touch": []
          }
        },
        "forwarded": [],
        "held": []
      },
      "loading": [],
      "name": "world",
      "ownership": {
        "clock": "controlled",
        "contamination": 0,
        "handoff": "clock owner human/agent",
        "inputSource": "unavailable",
        "owner": "agent"
      },
      "paused": true,
      "perf": {
        "armed": false,
        "draws": 0,
        "encodeMs": {
          "count": 0,
          "max": 0,
          "mean": 0,
          "p50": 0,
          "p95": 0,
          "p99": 0
        },
        "feedMs": {
          "count": 0,
          "max": 0,
          "mean": 0,
          "p50": 0,
          "p95": 0,
          "p99": 0
        },
        "frameMs": {
          "count": 0,
          "max": 0,
          "mean": 0,
          "p50": 0,
          "p95": 0,
          "p99": 0
        },
        "instances": 0,
        "pixels": [
          0,
          0
        ],
        "tickMs": {
          "count": 0,
          "max": 0,
          "mean": 0,
          "p50": 0,
          "p95": 0,
          "p99": 0
        },
        "ticksPerFrame": {
          "count": 0,
          "max": 0,
          "mean": 0,
          "p50": 0,
          "p95": 0,
          "p99": 0
        },
        "triangles": 0,
        "wallClock": true
      },
      "published": {
        "beacons": 1
      },
      "ready": true,
      "readyReasons": [],
      "reload": {
        "added": [],
        "applied": [],
        "kept": [],
        "omitted": 0,
        "removed": [],
        "unmatched": []
      },
      "resources": {
        "Audio": {
          "master": 1,
          "reports": [
            {
              "entity": {
                "generation": 0,
                "index": 2
              },
              "gain": 0.3,
              "playing": true,
              "refused": false,
              "sound": "wind"
            }
          ]
        },
        "Sounds": [
          {
            "chime": {
              "attack": 0.005,
              "decay": 0.15,
              "gain": 0.3,
              "highpass_hz": 0,
              "hz": 880,
              "layers": [
                {
                  "attack": 0.005,
                  "decay": 0.15,
                  "gain": 0.12,
                  "highpass_hz": 0,
                  "hz": 1320,
                  "layers": [],
                  "looping": false,
                  "lowpass_hz": 0,
                  "release": 0.45,
                  "seconds": 0.5,
                  "slide": 0,
                  "sustain": 0,
                  "vibrato_depth": 0,
                  "vibrato_hz": 0,
                  "wave": {
                    "Sine": {}
                  }
                }
              ],
              "looping": false,
              "lowpass_hz": 0,
              "release": 0.7,
              "seconds": 0.8,
              "slide": 0,
              "sustain": 0,
              "vibrato_depth": 0,
              "vibrato_hz": 0,
              "wave": {
                "Sine": {}
              }
            },
            "footstep": {
              "attack": 0.002,
              "decay": 0.15,
              "gain": 0.4,
              "highpass_hz": 0,
              "hz": 440,
              "layers": [],
              "looping": false,
              "lowpass_hz": 650,
              "release": 0.08,
              "seconds": 0.09,
              "slide": 0,
              "sustain": 0,
              "vibrato_depth": 0,
              "vibrato_hz": 0,
              "wave": {
                "Noise": {}
              }
            },
            "wind": {
              "attack": 0,
              "decay": 0.15,
              "gain": 0.12,
              "highpass_hz": 0,
              "hz": 440,
              "layers": [],
              "looping": true,
              "lowpass_hz": 380,
              "release": 0,
              "seconds": 2,
              "slide": 0,
              "sustain": 1,
              "vibrato_depth": 0,
              "vibrato_hz": 0,
              "wave": {
                "Noise": {}
              }
            }
          }
        ],
        "Voices": {
          "next_id": 17,
          "voices": [
            {
              "at": {
                "Entity": [
                  {
                    "generation": 0,
                    "index": 1
                  }
                ]
              },
              "began": 389,
              "ends": 395,
              "gain": 1,
              "id": 16,
              "pitch": 0.95547414,
              "position": [
                [
                  0,
                  0.9,
                  -7.4999986
                ]
              ],
              "sound": "footstep",
              "synth": {
                "attack": 0.002,
                "decay": 0.15,
                "gain": 0.4,
                "highpass_hz": 0,
                "hz": 440,
                "layers": [],
                "looping": false,
                "lowpass_hz": 650,
                "release": 0.08,
                "seconds": 0.09,
                "slide": 0,
                "sustain": 0,
                "vibrato_depth": 0,
                "vibrato_hz": 0,
                "wave": {
                  "Noise": {}
                }
              }
            }
          ]
        }
      },
      "restored": false,
      "seed": 7,
      "tick": 393
    }
  ]
}
PASS Space activates the focused button
tap pause
{"tapped":8,"at":[1208,45.5],"epoch":9,"incarnation":1,"clock":8550,"target":"pause","delivery":"platform","carrier":"linux","mode":"agent"}
clock +0
{"clock":8550,"world":[{"canvas":6,"changing":["not observed"],"hash":"0x128dd8a9a4e00e40","ownership":{"clock":"controlled","contamination":0,"handoff":"clock owner human/agent","inputSource":"unavailable","owner":"agent"},"quiescent":false,"settleAt":8650,"tick":393}],"epoch":9,"incarnation":1}
clock +100
{"clock":8650,"world":[{"canvas":6,"changing":["player.Player","player.Transform","camera.Transform"],"hash":"0x791c1325f06ad70d","ownership":{"clock":"controlled","contamination":0,"handoff":"clock owner human/agent","inputSource":"unavailable","owner":"agent"},"quiescent":false,"settleAt":8750,"tick":399}],"epoch":9,"incarnation":1}
state world:player
{
  "entity": {
    "components": {
      "Material": {
        "color": [
          0.8,
          0.45,
          0.15,
          1
        ],
        "emissive": [
          0,
          0,
          0
        ],
        "grid_spacing": 0,
        "metallic": 0,
        "roughness": 0.5
      },
      "Mesh": {
        "Capsule": {
          "height": 1.8,
          "radius": 0.4
        }
      },
      "Player": {
        "character": {
          "accel": 12,
          "airborne": false,
          "bounds": [
            [
              -19.6,
              19.6
            ]
          ],
          "brake": 20,
          "gravity": 9.81,
          "ground": 0.9,
          "jump": 1.2,
          "speed": 4,
          "velocity": [
            0,
            0,
            -2.0000005
          ]
        },
        "stride": 0.13333207
      },
      "Transform": {
        "position": [
          0,
          0.9,
          -7.783332
        ],
        "rotation": [
          0,
          0,
          0,
          1
        ],
        "scale": [
          1,
          1,
          1
        ]
      }
    },
    "id": 1,
    "name": "player"
  },
  "tick": 399,
  "epoch": 9,
  "incarnation": 1,
  "clock": 8650
}
PASS button Space never queues a world jump: [0,0.9,-7.783332]
tap pause
{"tapped":8,"at":[1217,45.5],"epoch":10,"incarnation":1,"clock":8650,"target":"pause","delivery":"platform","carrier":"linux","mode":"agent"}
tap pause
{"tapped":8,"at":[1208,45.5],"epoch":11,"incarnation":1,"clock":8650,"target":"pause","delivery":"platform","carrier":"linux","mode":"agent"}
type world {"key":"KeyW","phase":"down"}
{"typed":6,"delivery":"recognized","epoch":11,"incarnation":1,"clock":8650,"target":"world","carrier":"linux","mode":"agent"}
clock +0
{"clock":8650,"world":[{"canvas":6,"changing":["not observed","input queued"],"hash":"0x791c1325f06ad70d","ownership":{"clock":"controlled","contamination":0,"handoff":"clock owner human/agent","inputSource":"unavailable","owner":"agent"},"quiescent":false,"settleAt":8666.667,"tick":399}],"epoch":11,"incarnation":1}
clock +100
{"clock":8750,"world":[{"canvas":6,"changing":["player.Player","player.Transform","camera.Transform"],"hash":"0x598c660c35bb2a69","ownership":{"clock":"controlled","contamination":0,"handoff":"clock owner human/agent","inputSource":"unavailable","owner":"agent"},"quiescent":false,"settleAt":8850,"tick":405}],"epoch":11,"incarnation":1}
state world:player
{
  "entity": {
    "components": {
      "Material": {
        "color": [
          0.8,
          0.45,
          0.15,
          1
        ],
        "emissive": [
          0,
          0,
          0
        ],
        "grid_spacing": 0,
        "metallic": 0,
        "roughness": 0.5
      },
      "Mesh": {
        "Capsule": {
          "height": 1.8,
          "radius": 0.4
        }
      },
      "Player": {
        "character": {
          "accel": 12,
          "airborne": false,
          "bounds": [
            [
              -19.6,
              19.6
            ]
          ],
          "brake": 20,
          "gravity": 9.81,
          "ground": 0.9,
          "jump": 1.2,
          "speed": 4,
          "velocity": [
            0,
            0,
            -3.2000008
          ]
        },
        "stride": 0.40333253
      },
      "Transform": {
        "position": [
          0,
          0.9,
          -8.053332
        ],
        "rotation": [
          0,
          0,
          0,
          1
        ],
        "scale": [
          1,
          1,
          1
        ]
      }
    },
    "id": 1,
    "name": "player"
  },
  "tick": 405,
  "epoch": 11,
  "incarnation": 1,
  "clock": 8750
}
PASS Resume continues the existing world
type world {"key":"KeyW","phase":"up"}
{"typed":6,"delivery":"recognized","epoch":11,"incarnation":1,"clock":8750,"target":"world","carrier":"linux","mode":"agent"}
PASS ready: no GPU allocations or asset uploads after ready: {"ready":true,"gpu":{"afterReady":{"bindGroupLayouts":0,"bufferReallocations":0,"computePipelines":0,"declaredExceptions":{"counts":{"bindGroupLayouts":0,"bufferReallocations":0,"computePipelines":0,"indexBuffers":0,"meshBytesUploaded":0,"renderPipelines":0,"shaderModules":0,"slotCapacityGrowth":0,"textureBytesUploaded":0,"textures":0,"vertexBuffers":0},"events":0,"last":null},"indexBuffers":0,"meshBytesUploaded":0,"renderPipelines":0,"shaderModules":0,"slotCapacityGrowth":0,"streamingVertexBytes":0,"textureBytesUploaded":0,"textures":0,"vertexBuffers":0,"violations":0},"beforeReady":{"bindGroupLayouts":0,"bufferReallocations":3,"computePipelines":0,"indexBuffers":3,"meshBytesUploaded":41536,"renderPipelines":0,"shaderModules":0,"slotCapacityGrowth":1,"streamingVertexBytes":0,"textureBytesUploaded":0,"textures":0,"vertexBuffers":3},"device":false,"lastAfterReady":null,"restoreUploads":{"counts":{"bindGroupLayouts":0,"bufferReallocations":0,"computePipelines":0,"indexBuffers":0,"meshBytesUploaded":0,"renderPipelines":0,"shaderModules":0,"slotCapacityGrowth":0,"textureBytesUploaded":0,"textures":0,"vertexBuffers":0},"events":0,"last":null}},"lastAfterReady":null}
tap play
{"tapped":4,"at":[640,400],"epoch":2,"incarnation":1,"clock":0,"target":"play","delivery":"platform","carrier":"linux","mode":"agent"}
clock 0
{"clock":0,"world":[{"canvas":6,"changing":["not observed"],"hash":"0x7df5e5a89b4d0207","ownership":{"clock":"controlled","contamination":0,"handoff":"clock owner human/agent","inputSource":"unavailable","owner":"agent"},"quiescent":false,"settleAt":100,"tick":0}],"epoch":2,"incarnation":1}
type world {"key":"KeyW","phase":"down"}
{"typed":6,"delivery":"recognized","epoch":2,"incarnation":1,"clock":0,"target":"world","carrier":"linux","mode":"agent"}
clock +0
{"clock":0,"world":[{"canvas":6,"changing":["not observed","input queued"],"hash":"0x7df5e5a89b4d0207","ownership":{"clock":"controlled","contamination":0,"handoff":"clock owner human/agent","inputSource":"unavailable","owner":"agent"},"quiescent":false,"settleAt":16.667,"tick":0}],"epoch":2,"incarnation":1}
clock +500
{"clock":500,"world":[{"canvas":6,"changing":["player.Player","player.Transform","camera.Transform","resource.Rng"],"hash":"0x3f561fb17d8554df","ownership":{"clock":"controlled","contamination":0,"handoff":"clock owner human/agent","inputSource":"unavailable","owner":"agent"},"quiescent":false,"settleAt":600,"tick":30}],"epoch":2,"incarnation":1}
type world {"key":"Space","phase":"down"}
{"typed":6,"delivery":"recognized","epoch":2,"incarnation":1,"clock":500,"target":"world","carrier":"linux","mode":"agent"}
state world:*
{
  "entities": [
    {
      "components": {
        "Material": {
          "color": [
            0.25,
            0.27,
            0.3,
            1
          ],
          "emissive": [
            0,
            0,
            0
          ],
          "grid_spacing": 1,
          "metallic": 0,
          "roughness": 0.5
        },
        "Mesh": {
          "Plane": {
            "depth": 40,
            "width": 40
          }
        },
        "Transform": {
          "position": [
            0,
            0,
            0
          ],
          "rotation": [
            0,
            0,
            0,
            1
          ],
          "scale": [
            1,
            1,
            1
          ]
        }
      },
      "id": 0,
      "name": "ground"
    },
    {
      "components": {
        "Material": {
          "color": [
            0.8,
            0.45,
            0.15,
            1
          ],
          "emissive": [
            0,
            0,
            0
          ],
          "grid_spacing": 0,
          "metallic": 0,
          "roughness": 0.5
        },
        "Mesh": {
          "Capsule": {
            "height": 1.8,
            "radius": 0.4
          }
        },
        "Player": {
          "character": {
            "accel": 12,
            "airborne": false,
            "bounds": [
              [
                -19.6,
                19.6
              ]
            ],
            "brake": 20,
            "gravity": 9.81,
            "ground": 0.9,
            "jump": 1.2,
            "speed": 4,
            "velocity": [
              0,
              0,
              -4
            ]
          },
          "stride": 0.016667068
        },
        "Transform": {
          "position": [
            0,
            0.9,
            -1.366667
          ],
          "rotation": [
            0,
            0,
            0,
            1
          ],
          "scale": [
            1,
            1,
            1
          ]
        }
      },
      "id": 1,
      "name": "player"
    },
    {
      "components": {
        "AudioListener": {},
        "AudioSource": {
          "gain": 0.3,
          "playing": true,
          "sound": "wind"
        },
        "Camera": {
          "active": true,
          "far": 1000,
          "fov_y_degrees": 60,
          "near": 0.1
        },
        "Follow": {
          "initialized": true,
          "lag": 0,
          "look_at_offset": [
            0,
            0,
            0
          ],
          "offset": [
            0,
            5,
            8
          ],
          "resolved": [
            {
              "generation": 0,
              "index": 1
            }
          ],
          "target": {
            "Entity": [
              {
                "generation": 0,
                "index": 1
              }
            ]
          }
        },
        "Transform": {
          "position": [
            0,
            5.9,
            6.633333
          ],
          "rotation": [
            -0.27568254,
            0,
            0,
            0.9612488
          ],
          "scale": [
            1,
            1,
            1
          ]
        }
      },
      "id": 2,
      "name": "camera"
    },
    {
      "components": {
        "DirectionalLight": {
          "color": [
            1,
            1,
            1
          ],
          "illuminance": 10000,
          "shadows": true
        },
        "Transform": {
          "position": [
            5,
            10,
            5
          ],
          "rotation": [
            -0.4247082,
            0.33985114,
            0.1759199,
            0.82047325
          ],
          "scale": [
            1,
            1,
            1
          ]
        }
      },
      "id": 3,
      "name": "sun"
    },
    {
      "components": {
        "Material": {
          "color": [
            1,
            1,
            1,
            1
          ],
          "emissive": [
            0,
            0,
            0
          ],
          "grid_spacing": 0,
          "metallic": 0,
          "roughness": 0.5
        },
        "Mesh": {
          "Box": {
            "size": [
              1,
              1,
              1
            ]
          }
        },
        "Transform": {
          "position": [
            5.6685147,
            0.5,
            7.563838
          ],
          "rotation": [
            0,
            0,
            0,
            1
          ],
          "scale": [
            1,
            1,
            1
          ]
        }
      },
      "id": 4,
      "name": "crate-1"
    },
    {
      "components": {
        "Material": {
          "color": [
            1,
            1,
            1,
            1
          ],
          "emissive": [
            0,
            0,
            0
          ],
          "grid_spacing": 0,
          "metallic": 0,
          "roughness": 0.5
        },
        "Mesh": {
          "Box": {
            "size": [
              1,
              1,
              1
            ]
          }
        },
        "Transform": {
          "position": [
            6.6891494,
            0.5,
            5.7472677
          ],
          "rotation": [
            0,
            0,
            0,
            1
          ],
          "scale": [
            1,
            1,
            1
          ]
        }
      },
      "id": 5,
      "name": "crate-2"
    },
    {
      "components": {
        "Material": {
          "color": [
            1,
            1,
            1,
            1
          ],
          "emissive": [
            0,
            0,
            0
          ],
          "grid_spacing": 0,
          "metallic": 0,
          "roughness": 0.5
        },
        "Mesh": {
          "Box": {
            "size": [
              1,
              1,
              1
            ]
          }
        },
        "Transform": {
          "position": [
            4.3184667,
            0.5,
            -1.0410995
          ],
          "rotation": [
            0,
            0,
            0,
            1
          ],
          "scale": [
            1,
            1,
            1
          ]
        }
      },
      "id": 6,
      "name": "crate-3"
    },
    {
      "components": {
        "Beacon": {
          "glow": {
            "config": {
              "damping": 10,
              "mass": 1,
              "stiffness": 100
            },
            "start_tick": 0,
            "start_value": 0,
            "start_velocity": 0,
            "target": 0
          },
          "lit": false
        },
        "Material": {
          "color": [
            0.15,
            0.6,
            0.8,
            1
          ],
          "emissive": [
            0,
            0,
            0
          ],
          "grid_spacing": 0,
          "metallic": 0,
          "roughness": 0.5
        },
        "Mesh": {
          "Sphere": {
            "radius": 0.5
          }
        },
        "Transform": {
          "position": [
            0,
            0.75,
            -6.5
          ],
          "rotation": [
            0,
            0,
            0,
            1
          ],
          "scale": [
            1,
            1,
            1
          ]
        }
      },
      "id": 7,
      "name": "beacon-1"
    }
  ],
  "hash": "0x3f561fb17d8554df",
  "tick": 30,
  "truncated": false,
  "epoch": 2,
  "incarnation": 1,
  "clock": 500
}
screenshot /home/ccheever/lanes/gamenext/exact2-i1/game/games/greybox/artifacts/checkpoint.world world save
{"bytes":9286,"hash":"0x3f561fb17d8554df","tick":30,"epoch":2,"incarnation":1,"clock":500,"screenshot":"/home/ccheever/lanes/gamenext/exact2-i1/game/games/greybox/artifacts/checkpoint.world"}
state 
{
  "capabilities": {
    "build": {
      "host": "b711c59d2d941400ec01588e99bbc93f",
      "lastSuccessfulSwap": null,
      "loadedGame": {
        "app": "com.exact.greybox",
        "cohort": "b711c59d2d941400ec01588e99bbc93f",
        "name": "libgreybox_gpu.so",
        "sha256": "8df00874c859d7292f6efe3dfdd80b7868fb70a78a569854e24d958ebfc3c706",
        "trust": "development"
      },
      "phase": "launch",
      "planDigest": {
        "unavailable": true
      },
      "requestedGame": {
        "app": "com.exact.greybox",
        "cohort": "b711c59d2d941400ec01588e99bbc93f",
        "name": "libgreybox_gpu.so",
        "sha256": "8df00874c859d7292f6efe3dfdd80b7868fb70a78a569854e24d958ebfc3c706",
        "trust": "development"
      }
    },
    "carrier": {
      "active": "stdio-headless",
      "available": [
        "stdio-headless"
      ],
      "delivery": {
        "canvasKey": "recognized",
        "device": false,
        "heldContact": false,
        "tap": "recognized"
      },
      "eof": "exit",
      "scope": "launch"
    },
    "clockOwnership": false,
    "detach": false,
    "handoff": false,
    "host": "linux",
    "inputProvenance": {
      "reason": "GPU input ABI does not carry source attestation",
      "unavailable": true
    },
    "reload": {
      "game": "rebuild-relaunch",
      "liveGameReplacement": false,
      "ui": "restart-with-compatible-slot-carry",
      "worldCarry": "explicit-save-restore",
      "worldOnUIReload": {
        "reason": "surface instances are rebound by view id; transactional game carry is not implemented",
        "unavailable": true
      }
    }
  },
  "clock": 500,
  "delivery": {
    "E": [
      "native"
    ],
    "L": "0",
    "compatibilityId": "b711c59d2d941400ec01588e99bbc93f",
    "embeddedSeq": 0,
    "interpreted": [],
    "seq": 0,
    "staged": false,
    "stream": "embedded",
    "sunset": ""
  },
  "derives": {},
  "epoch": 2,
  "focus": {
    "logical": null
  },
  "incarnation": 1,
  "keyboard": {
    "unavailable": true
  },
  "logic": {
    "ready": true,
    "revision": null,
    "rustExecutor": null
  },
  "navigation": {
    "unavailable": true
  },
  "ownership": {
    "clock": "controlled",
    "launchMode": "agent",
    "owner": "agent",
    "scope": "launch"
  },
  "pending": [],
  "resources": {
    "hud": {
      "beacons": 0
    }
  },
  "slots": {
    "paused": false,
    "playing": true,
    "seed": 7
  },
  "store": [],
  "world": [
    {
      "args": {
        "paused": false,
        "seed": 7
      },
      "assets": [],
      "audio": {
        "sources": [
          {
            "entity": "camera",
            "gain": 0.3,
            "playing": true,
            "sound": "wind"
          }
        ],
        "voices": [
          {
            "at": "player",
            "began": 30,
            "ends": 36,
            "gain": 1,
            "sound": "footstep"
          }
        ]
      },
      "canvas": 6,
      "capture": null,
      "clockState": {
        "hostMicros": 500000,
        "worldMicros": 500000
      },
      "device": false,
      "entities": 8,
      "gpu": {
        "afterReady": {
          "bindGroupLayouts": 0,
          "bufferReallocations": 0,
          "computePipelines": 0,
          "declaredExceptions": {
            "counts": {
              "bindGroupLayouts": 0,
              "bufferReallocations": 0,
              "computePipelines": 0,
              "indexBuffers": 0,
              "meshBytesUploaded": 0,
              "renderPipelines": 0,
              "shaderModules": 0,
              "slotCapacityGrowth": 0,
              "textureBytesUploaded": 0,
              "textures": 0,
              "vertexBuffers": 0
            },
            "events": 0,
            "last": null
          },
          "indexBuffers": 0,
          "meshBytesUploaded": 0,
          "renderPipelines": 0,
          "shaderModules": 0,
          "slotCapacityGrowth": 0,
          "streamingVertexBytes": 0,
          "textureBytesUploaded": 0,
          "textures": 0,
          "vertexBuffers": 0,
          "violations": 0
        },
        "beforeReady": {
          "bindGroupLayouts": 0,
          "bufferReallocations": 3,
          "computePipelines": 0,
          "indexBuffers": 3,
          "meshBytesUploaded": 41536,
          "renderPipelines": 0,
          "shaderModules": 0,
          "slotCapacityGrowth": 1,
          "streamingVertexBytes": 0,
          "textureBytesUploaded": 0,
          "textures": 0,
          "vertexBuffers": 3
        },
        "device": false,
        "lastAfterReady": null,
        "restoreUploads": {
          "counts": {
            "bindGroupLayouts": 0,
            "bufferReallocations": 0,
            "computePipelines": 0,
            "indexBuffers": 0,
            "meshBytesUploaded": 0,
            "renderPipelines": 0,
            "shaderModules": 0,
            "slotCapacityGrowth": 0,
            "textureBytesUploaded": 0,
            "textures": 0,
            "vertexBuffers": 0
          },
          "events": 0,
          "last": null
        }
      },
      "hash": "0x3f561fb17d8554df",
      "hz": 60,
      "input": {
        "actions": {
          "act": {
            "keys": [
              "KeyE",
              "Enter"
            ],
            "name": "act",
            "stick": [],
            "touch": []
          },
          "jump": {
            "keys": [
              "Space"
            ],
            "name": "jump",
            "stick": [],
            "touch": []
          },
          "move": {
            "keys": [],
            "name": "move",
            "stick": [
              {
                "keys": [
                  [
                    "KeyW",
                    "KeyS",
                    "KeyA",
                    "KeyD"
                  ],
                  [
                    "ArrowUp",
                    "ArrowDown",
                    "ArrowLeft",
                    "ArrowRight"
                  ]
                ],
                "touch": []
              }
            ],
            "touch": []
          }
        },
        "forwarded": [
          "KeyW",
          "Space"
        ],
        "held": [
          "KeyW"
        ]
      },
      "loading": [],
      "name": "world",
      "ownership": {
        "clock": "controlled",
        "contamination": 0,
        "handoff": "clock owner human/agent",
        "inputSource": "unavailable",
        "owner": "agent"
      },
      "paused": false,
      "perf": {
        "armed": false,
        "draws": 0,
        "encodeMs": {
          "count": 0,
          "max": 0,
          "mean": 0,
          "p50": 0,
          "p95": 0,
          "p99": 0
        },
        "feedMs": {
          "count": 0,
          "max": 0,
          "mean": 0,
          "p50": 0,
          "p95": 0,
          "p99": 0
        },
        "frameMs": {
          "count": 0,
          "max": 0,
          "mean": 0,
          "p50": 0,
          "p95": 0,
          "p99": 0
        },
        "instances": 0,
        "pixels": [
          0,
          0
        ],
        "tickMs": {
          "count": 0,
          "max": 0,
          "mean": 0,
          "p50": 0,
          "p95": 0,
          "p99": 0
        },
        "ticksPerFrame": {
          "count": 0,
          "max": 0,
          "mean": 0,
          "p50": 0,
          "p95": 0,
          "p99": 0
        },
        "triangles": 0,
        "wallClock": true
      },
      "published": {
        "beacons": 0
      },
      "ready": true,
      "readyReasons": [],
      "reload": {
        "added": [],
        "applied": [],
        "kept": [],
        "omitted": 0,
        "removed": [],
        "unmatched": []
      },
      "resources": {
        "Audio": {
          "master": 1,
          "reports": [
            {
              "entity": {
                "generation": 0,
                "index": 2
              },
              "gain": 0.3,
              "playing": true,
              "refused": false,
              "sound": "wind"
            }
          ]
        },
        "Sounds": [
          {
            "chime": {
              "attack": 0.005,
              "decay": 0.15,
              "gain": 0.3,
              "highpass_hz": 0,
              "hz": 880,
              "layers": [
                {
                  "attack": 0.005,
                  "decay": 0.15,
                  "gain": 0.12,
                  "highpass_hz": 0,
                  "hz": 1320,
                  "layers": [],
                  "looping": false,
                  "lowpass_hz": 0,
                  "release": 0.45,
                  "seconds": 0.5,
                  "slide": 0,
                  "sustain": 0,
                  "vibrato_depth": 0,
                  "vibrato_hz": 0,
                  "wave": {
                    "Sine": {}
                  }
                }
              ],
              "looping": false,
              "lowpass_hz": 0,
              "release": 0.7,
              "seconds": 0.8,
              "slide": 0,
              "sustain": 0,
              "vibrato_depth": 0,
              "vibrato_hz": 0,
              "wave": {
                "Sine": {}
              }
            },
            "footstep": {
              "attack": 0.002,
              "decay": 0.15,
              "gain": 0.4,
              "highpass_hz": 0,
              "hz": 440,
              "layers": [],
              "looping": false,
              "lowpass_hz": 650,
              "release": 0.08,
              "seconds": 0.09,
              "slide": 0,
              "sustain": 0,
              "vibrato_depth": 0,
              "vibrato_hz": 0,
              "wave": {
                "Noise": {}
              }
            },
            "wind": {
              "attack": 0,
              "decay": 0.15,
              "gain": 0.12,
              "highpass_hz": 0,
              "hz": 440,
              "layers": [],
              "looping": true,
              "lowpass_hz": 380,
              "release": 0,
              "seconds": 2,
              "slide": 0,
              "sustain": 1,
              "vibrato_depth": 0,
              "vibrato_hz": 0,
              "wave": {
                "Noise": {}
              }
            }
          }
        ],
        "Voices": {
          "next_id": 3,
          "voices": [
            {
              "at": {
                "Entity": [
                  {
                    "generation": 0,
                    "index": 1
                  }
                ]
              },
              "began": 30,
              "ends": 36,
              "gain": 1,
              "id": 2,
              "pitch": 1.056795,
              "position": [
                [
                  0,
                  0.9,
                  -1.366667
                ]
              ],
              "sound": "footstep",
              "synth": {
                "attack": 0.002,
                "decay": 0.15,
                "gain": 0.4,
                "highpass_hz": 0,
                "hz": 440,
                "layers": [],
                "looping": false,
                "lowpass_hz": 650,
                "release": 0.08,
                "seconds": 0.09,
                "slide": 0,
                "sustain": 0,
                "vibrato_depth": 0,
                "vibrato_hz": 0,
                "wave": {
                  "Noise": {}
                }
              }
            }
          ]
        }
      },
      "restored": false,
      "seed": 7,
      "tick": 30
    }
  ]
}
clock +0
{"clock":500,"world":[{"canvas":6,"changing":["not observed","input queued"],"hash":"0x3f561fb17d8554df","ownership":{"clock":"controlled","contamination":0,"handoff":"clock owner human/agent","inputSource":"unavailable","owner":"agent"},"quiescent":false,"settleAt":516.667,"tick":30}],"epoch":2,"incarnation":1}
clock +500
{"clock":1000,"world":[{"canvas":6,"changing":["player.Player","player.Transform","camera.Transform"],"hash":"0x859e8a82f9ee004e","ownership":{"clock":"controlled","contamination":0,"handoff":"clock owner human/agent","inputSource":"unavailable","owner":"agent"},"quiescent":false,"settleAt":1100,"tick":60}],"epoch":2,"incarnation":1}
state 
{
  "capabilities": {
    "build": {
      "host": "b711c59d2d941400ec01588e99bbc93f",
      "lastSuccessfulSwap": null,
      "loadedGame": {
        "app": "com.exact.greybox",
        "cohort": "b711c59d2d941400ec01588e99bbc93f",
        "name": "libgreybox_gpu.so",
        "sha256": "8df00874c859d7292f6efe3dfdd80b7868fb70a78a569854e24d958ebfc3c706",
        "trust": "development"
      },
      "phase": "launch",
      "planDigest": {
        "unavailable": true
      },
      "requestedGame": {
        "app": "com.exact.greybox",
        "cohort": "b711c59d2d941400ec01588e99bbc93f",
        "name": "libgreybox_gpu.so",
        "sha256": "8df00874c859d7292f6efe3dfdd80b7868fb70a78a569854e24d958ebfc3c706",
        "trust": "development"
      }
    },
    "carrier": {
      "active": "stdio-headless",
      "available": [
        "stdio-headless"
      ],
      "delivery": {
        "canvasKey": "recognized",
        "device": false,
        "heldContact": false,
        "tap": "recognized"
      },
      "eof": "exit",
      "scope": "launch"
    },
    "clockOwnership": false,
    "detach": false,
    "handoff": false,
    "host": "linux",
    "inputProvenance": {
      "reason": "GPU input ABI does not carry source attestation",
      "unavailable": true
    },
    "reload": {
      "game": "rebuild-relaunch",
      "liveGameReplacement": false,
      "ui": "restart-with-compatible-slot-carry",
      "worldCarry": "explicit-save-restore",
      "worldOnUIReload": {
        "reason": "surface instances are rebound by view id; transactional game carry is not implemented",
        "unavailable": true
      }
    }
  },
  "clock": 1000,
  "delivery": {
    "E": [
      "native"
    ],
    "L": "0",
    "compatibilityId": "b711c59d2d941400ec01588e99bbc93f",
    "embeddedSeq": 0,
    "interpreted": [],
    "seq": 0,
    "staged": false,
    "stream": "embedded",
    "sunset": ""
  },
  "derives": {},
  "epoch": 2,
  "focus": {
    "logical": null
  },
  "incarnation": 1,
  "keyboard": {
    "unavailable": true
  },
  "logic": {
    "ready": true,
    "revision": null,
    "rustExecutor": null
  },
  "navigation": {
    "unavailable": true
  },
  "ownership": {
    "clock": "controlled",
    "launchMode": "agent",
    "owner": "agent",
    "scope": "launch"
  },
  "pending": [],
  "resources": {
    "hud": {
      "beacons": 0
    }
  },
  "slots": {
    "paused": false,
    "playing": true,
    "seed": 7
  },
  "store": [],
  "world": [
    {
      "args": {
        "paused": false,
        "seed": 7
      },
      "assets": [],
      "audio": {
        "sources": [
          {
            "entity": "camera",
            "gain": 0.3,
            "playing": true,
            "sound": "wind"
          }
        ],
        "voices": []
      },
      "canvas": 6,
      "capture": null,
      "clockState": {
        "hostMicros": 1000000,
        "worldMicros": 1000000
      },
      "device": false,
      "entities": 8,
      "gpu": {
        "afterReady": {
          "bindGroupLayouts": 0,
          "bufferReallocations": 0,
          "computePipelines": 0,
          "declaredExceptions": {
            "counts": {
              "bindGroupLayouts": 0,
              "bufferReallocations": 0,
              "computePipelines": 0,
              "indexBuffers": 0,
              "meshBytesUploaded": 0,
              "renderPipelines": 0,
              "shaderModules": 0,
              "slotCapacityGrowth": 0,
              "textureBytesUploaded": 0,
              "textures": 0,
              "vertexBuffers": 0
            },
            "events": 0,
            "last": null
          },
          "indexBuffers": 0,
          "meshBytesUploaded": 0,
          "renderPipelines": 0,
          "shaderModules": 0,
          "slotCapacityGrowth": 0,
          "streamingVertexBytes": 0,
          "textureBytesUploaded": 0,
          "textures": 0,
          "vertexBuffers": 0,
          "violations": 0
        },
        "beforeReady": {
          "bindGroupLayouts": 0,
          "bufferReallocations": 3,
          "computePipelines": 0,
          "indexBuffers": 3,
          "meshBytesUploaded": 41536,
          "renderPipelines": 0,
          "shaderModules": 0,
          "slotCapacityGrowth": 1,
          "streamingVertexBytes": 0,
          "textureBytesUploaded": 0,
          "textures": 0,
          "vertexBuffers": 3
        },
        "device": false,
        "lastAfterReady": null,
        "restoreUploads": {
          "counts": {
            "bindGroupLayouts": 0,
            "bufferReallocations": 0,
            "computePipelines": 0,
            "indexBuffers": 0,
            "meshBytesUploaded": 0,
            "renderPipelines": 0,
            "shaderModules": 0,
            "slotCapacityGrowth": 0,
            "textureBytesUploaded": 0,
            "textures": 0,
            "vertexBuffers": 0
          },
          "events": 0,
          "last": null
        }
      },
      "hash": "0x859e8a82f9ee004e",
      "hz": 60,
      "input": {
        "actions": {
          "act": {
            "keys": [
              "KeyE",
              "Enter"
            ],
            "name": "act",
            "stick": [],
            "touch": []
          },
          "jump": {
            "keys": [
              "Space"
            ],
            "name": "jump",
            "stick": [],
            "touch": []
          },
          "move": {
            "keys": [],
            "name": "move",
            "stick": [
              {
                "keys": [
                  [
                    "KeyW",
                    "KeyS",
                    "KeyA",
                    "KeyD"
                  ],
                  [
                    "ArrowUp",
                    "ArrowDown",
                    "ArrowLeft",
                    "ArrowRight"
                  ]
                ],
                "touch": []
              }
            ],
            "touch": []
          }
        },
        "forwarded": [
          "KeyW",
          "Space"
        ],
        "held": [
          "KeyW",
          "Space"
        ]
      },
      "loading": [],
      "name": "world",
      "ownership": {
        "clock": "controlled",
        "contamination": 0,
        "handoff": "clock owner human/agent",
        "inputSource": "unavailable",
        "owner": "agent"
      },
      "paused": false,
      "perf": {
        "armed": false,
        "draws": 0,
        "encodeMs": {
          "count": 0,
          "max": 0,
          "mean": 0,
          "p50": 0,
          "p95": 0,
          "p99": 0
        },
        "feedMs": {
          "count": 0,
          "max": 0,
          "mean": 0,
          "p50": 0,
          "p95": 0,
          "p99": 0
        },
        "frameMs": {
          "count": 0,
          "max": 0,
          "mean": 0,
          "p50": 0,
          "p95": 0,
          "p99": 0
        },
        "instances": 0,
        "pixels": [
          0,
          0
        ],
        "tickMs": {
          "count": 0,
          "max": 0,
          "mean": 0,
          "p50": 0,
          "p95": 0,
          "p99": 0
        },
        "ticksPerFrame": {
          "count": 0,
          "max": 0,
          "mean": 0,
          "p50": 0,
          "p95": 0,
          "p99": 0
        },
        "triangles": 0,
        "wallClock": true
      },
      "published": {
        "beacons": 0
      },
      "ready": true,
      "readyReasons": [],
      "reload": {
        "added": [],
        "applied": [],
        "kept": [],
        "omitted": 0,
        "removed": [],
        "unmatched": []
      },
      "resources": {
        "Audio": {
          "master": 1,
          "reports": [
            {
              "entity": {
                "generation": 0,
                "index": 2
              },
              "gain": 0.3,
              "playing": true,
              "refused": false,
              "sound": "wind"
            }
          ]
        },
        "Sounds": [
          {
            "chime": {
              "attack": 0.005,
              "decay": 0.15,
              "gain": 0.3,
              "highpass_hz": 0,
              "hz": 880,
              "layers": [
                {
                  "attack": 0.005,
                  "decay": 0.15,
                  "gain": 0.12,
                  "highpass_hz": 0,
                  "hz": 1320,
                  "layers": [],
                  "looping": false,
                  "lowpass_hz": 0,
                  "release": 0.45,
                  "seconds": 0.5,
                  "slide": 0,
                  "sustain": 0,
                  "vibrato_depth": 0,
                  "vibrato_hz": 0,
                  "wave": {
                    "Sine": {}
                  }
                }
              ],
              "looping": false,
              "lowpass_hz": 0,
              "release": 0.7,
              "seconds": 0.8,
              "slide": 0,
              "sustain": 0,
              "vibrato_depth": 0,
              "vibrato_hz": 0,
              "wave": {
                "Sine": {}
              }
            },
            "footstep": {
              "attack": 0.002,
              "decay": 0.15,
              "gain": 0.4,
              "highpass_hz": 0,
              "hz": 440,
              "layers": [],
              "looping": false,
              "lowpass_hz": 650,
              "release": 0.08,
              "seconds": 0.09,
              "slide": 0,
              "sustain": 0,
              "vibrato_depth": 0,
              "vibrato_hz": 0,
              "wave": {
                "Noise": {}
              }
            },
            "wind": {
              "attack": 0,
              "decay": 0.15,
              "gain": 0.12,
              "highpass_hz": 0,
              "hz": 440,
              "layers": [],
              "looping": true,
              "lowpass_hz": 380,
              "release": 0,
              "seconds": 2,
              "slide": 0,
              "sustain": 1,
              "vibrato_depth": 0,
              "vibrato_hz": 0,
              "wave": {
                "Noise": {}
              }
            }
          }
        ],
        "Voices": {
          "next_id": 3,
          "voices": []
        }
      },
      "restored": false,
      "seed": 7,
      "tick": 60
    }
  ]
}
PASS first continuation clock +500 advances exactly 30 ticks
state world:player
{
  "entity": {
    "components": {
      "Material": {
        "color": [
          0.8,
          0.45,
          0.15,
          1
        ],
        "emissive": [
          0,
          0,
          0
        ],
        "grid_spacing": 0,
        "metallic": 0,
        "roughness": 0.5
      },
      "Mesh": {
        "Capsule": {
          "height": 1.8,
          "radius": 0.4
        }
      },
      "Player": {
        "character": {
          "accel": 12,
          "airborne": true,
          "bounds": [
            [
              -19.6,
              19.6
            ]
          ],
          "brake": 20,
          "gravity": 9.81,
          "ground": 0.9,
          "jump": 1.2,
          "speed": 4,
          "velocity": [
            0,
            -0.052784264,
            -4
          ]
        },
        "stride": 0.016667068
      },
      "Transform": {
        "position": [
          0,
          2.099858,
          -3.3666663
        ],
        "rotation": [
          0,
          0,
          0,
          1
        ],
        "scale": [
          1,
          1,
          1
        ]
      }
    },
    "id": 1,
    "name": "player"
  },
  "tick": 60,
  "epoch": 2,
  "incarnation": 1,
  "clock": 1000
}
PASS saved queued jump executes after capture: [0,2.099858,-3.3666663]
type world {"key":"Space","phase":"up"}
{"typed":6,"delivery":"recognized","epoch":2,"incarnation":1,"clock":1000,"target":"world","carrier":"linux","mode":"agent"}
clock +0
{"clock":1000,"world":[{"canvas":6,"changing":["not observed","input queued"],"hash":"0x859e8a82f9ee004e","ownership":{"clock":"controlled","contamination":0,"handoff":"clock owner human/agent","inputSource":"unavailable","owner":"agent"},"quiescent":false,"settleAt":1016.667,"tick":60}],"epoch":2,"incarnation":1}
clock +1000
{"clock":2000,"world":[{"canvas":6,"changing":["player.Player","player.Transform","camera.Transform"],"hash":"0xa3a47021d1fd47a4","ownership":{"clock":"controlled","contamination":0,"handoff":"clock owner human/agent","inputSource":"unavailable","owner":"agent"},"quiescent":false,"settleAt":2100,"tick":120}],"epoch":2,"incarnation":1}
type world {"key":"KeyW","phase":"up"}
{"typed":6,"delivery":"recognized","epoch":2,"incarnation":1,"clock":2000,"target":"world","carrier":"linux","mode":"agent"}
state world:*
{
  "entities": [
    {
      "components": {
        "Material": {
          "color": [
            0.25,
            0.27,
            0.3,
            1
          ],
          "emissive": [
            0,
            0,
            0
          ],
          "grid_spacing": 1,
          "metallic": 0,
          "roughness": 0.5
        },
        "Mesh": {
          "Plane": {
            "depth": 40,
            "width": 40
          }
        },
        "Transform": {
          "position": [
            0,
            0,
            0
          ],
          "rotation": [
            0,
            0,
            0,
            1
          ],
          "scale": [
            1,
            1,
            1
          ]
        }
      },
      "id": 0,
      "name": "ground"
    },
    {
      "components": {
        "Material": {
          "color": [
            0.8,
            0.45,
            0.15,
            1
          ],
          "emissive": [
            0,
            0,
            0
          ],
          "grid_spacing": 0,
          "metallic": 0,
          "roughness": 0.5
        },
        "Mesh": {
          "Capsule": {
            "height": 1.8,
            "radius": 0.4
          }
        },
        "Player": {
          "character": {
            "accel": 12,
            "airborne": false,
            "bounds": [
              [
                -19.6,
                19.6
              ]
            ],
            "brake": 20,
            "gravity": 9.81,
            "ground": 0.9,
            "jump": 1.2,
            "speed": 4,
            "velocity": [
              0,
              0,
              -4
            ]
          },
          "stride": 0.2833318
        },
        "Transform": {
          "position": [
            0,
            0.9,
            -7.3666625
          ],
          "rotation": [
            0,
            0,
            0,
            1
          ],
          "scale": [
            1,
            1,
            1
          ]
        }
      },
      "id": 1,
      "name": "player"
    },
    {
      "components": {
        "AudioListener": {},
        "AudioSource": {
          "gain": 0.3,
          "playing": true,
          "sound": "wind"
        },
        "Camera": {
          "active": true,
          "far": 1000,
          "fov_y_degrees": 60,
          "near": 0.1
        },
        "Follow": {
          "initialized": true,
          "lag": 0,
          "look_at_offset": [
            0,
            0,
            0
          ],
          "offset": [
            0,
            5,
            8
          ],
          "resolved": [
            {
              "generation": 0,
              "index": 1
            }
          ],
          "target": {
            "Entity": [
              {
                "generation": 0,
                "index": 1
              }
            ]
          }
        },
        "Transform": {
          "position": [
            0,
            5.9,
            0.6333375
          ],
          "rotation": [
            -0.27568254,
            0,
            0,
            0.9612488
          ],
          "scale": [
            1,
            1,
            1
          ]
        }
      },
      "id": 2,
      "name": "camera"
    },
    {
      "components": {
        "DirectionalLight": {
          "color": [
            1,
            1,
            1
          ],
          "illuminance": 10000,
          "shadows": true
        },
        "Transform": {
          "position": [
            5,
            10,
            5
          ],
          "rotation": [
            -0.4247082,
            0.33985114,
            0.1759199,
            0.82047325
          ],
          "scale": [
            1,
            1,
            1
          ]
        }
      },
      "id": 3,
      "name": "sun"
    },
    {
      "components": {
        "Material": {
          "color": [
            1,
            1,
            1,
            1
          ],
          "emissive": [
            0,
            0,
            0
          ],
          "grid_spacing": 0,
          "metallic": 0,
          "roughness": 0.5
        },
        "Mesh": {
          "Box": {
            "size": [
              1,
              1,
              1
            ]
          }
        },
        "Transform": {
          "position": [
            5.6685147,
            0.5,
            7.563838
          ],
          "rotation": [
            0,
            0,
            0,
            1
          ],
          "scale": [
            1,
            1,
            1
          ]
        }
      },
      "id": 4,
      "name": "crate-1"
    },
    {
      "components": {
        "Material": {
          "color": [
            1,
            1,
            1,
            1
          ],
          "emissive": [
            0,
            0,
            0
          ],
          "grid_spacing": 0,
          "metallic": 0,
          "roughness": 0.5
        },
        "Mesh": {
          "Box": {
            "size": [
              1,
              1,
              1
            ]
          }
        },
        "Transform": {
          "position": [
            6.6891494,
            0.5,
            5.7472677
          ],
          "rotation": [
            0,
            0,
            0,
            1
          ],
          "scale": [
            1,
            1,
            1
          ]
        }
      },
      "id": 5,
      "name": "crate-2"
    },
    {
      "components": {
        "Material": {
          "color": [
            1,
            1,
            1,
            1
          ],
          "emissive": [
            0,
            0,
            0
          ],
          "grid_spacing": 0,
          "metallic": 0,
          "roughness": 0.5
        },
        "Mesh": {
          "Box": {
            "size": [
              1,
              1,
              1
            ]
          }
        },
        "Transform": {
          "position": [
            4.3184667,
            0.5,
            -1.0410995
          ],
          "rotation": [
            0,
            0,
            0,
            1
          ],
          "scale": [
            1,
            1,
            1
          ]
        }
      },
      "id": 6,
      "name": "crate-3"
    },
    {
      "components": {
        "Beacon": {
          "glow": {
            "config": {
              "damping": 10,
              "mass": 1,
              "stiffness": 100
            },
            "start_tick": 0,
            "start_value": 0,
            "start_velocity": 0,
            "target": 0
          },
          "lit": false
        },
        "Material": {
          "color": [
            0.15,
            0.6,
            0.8,
            1
          ],
          "emissive": [
            0,
            0,
            0
          ],
          "grid_spacing": 0,
          "metallic": 0,
          "roughness": 0.5
        },
        "Mesh": {
          "Sphere": {
            "radius": 0.5
          }
        },
        "Transform": {
          "position": [
            0,
            0.75,
            -6.5
          ],
          "rotation": [
            0,
            0,
            0,
            1
          ],
          "scale": [
            1,
            1,
            1
          ]
        }
      },
      "id": 7,
      "name": "beacon-1"
    }
  ],
  "hash": "0xa3a47021d1fd47a4",
  "tick": 120,
  "truncated": false,
  "epoch": 2,
  "incarnation": 1,
  "clock": 2000
}
screenshot /home/ccheever/lanes/gamenext/exact2-i1/game/games/greybox/artifacts/original.world world save
{"bytes":9576,"hash":"0xa3a47021d1fd47a4","tick":120,"epoch":2,"incarnation":1,"clock":2000,"screenshot":"/home/ccheever/lanes/gamenext/exact2-i1/game/games/greybox/artifacts/original.world"}
PASS ready: no GPU allocations or asset uploads after ready: {"ready":true,"gpu":{"afterReady":{"bindGroupLayouts":0,"bufferReallocations":0,"computePipelines":0,"declaredExceptions":{"counts":{"bindGroupLayouts":0,"bufferReallocations":0,"computePipelines":0,"indexBuffers":0,"meshBytesUploaded":0,"renderPipelines":0,"shaderModules":0,"slotCapacityGrowth":0,"textureBytesUploaded":0,"textures":0,"vertexBuffers":0},"events":0,"last":null},"indexBuffers":0,"meshBytesUploaded":0,"renderPipelines":0,"shaderModules":0,"slotCapacityGrowth":0,"streamingVertexBytes":0,"textureBytesUploaded":0,"textures":0,"vertexBuffers":0,"violations":0},"beforeReady":{"bindGroupLayouts":0,"bufferReallocations":3,"computePipelines":0,"indexBuffers":3,"meshBytesUploaded":41536,"renderPipelines":0,"shaderModules":0,"slotCapacityGrowth":1,"streamingVertexBytes":0,"textureBytesUploaded":0,"textures":0,"vertexBuffers":3},"device":false,"lastAfterReady":null,"restoreUploads":{"counts":{"bindGroupLayouts":0,"bufferReallocations":0,"computePipelines":0,"indexBuffers":0,"meshBytesUploaded":0,"renderPipelines":0,"shaderModules":0,"slotCapacityGrowth":0,"textureBytesUploaded":0,"textures":0,"vertexBuffers":0},"events":0,"last":null}},"lastAfterReady":null}
CLOSED original browser/process before restoring
tree 
epoch 1 · incarnation 1 · clock 0 ms · 5 nodes
View#1
  View#2
    Text#3 "Grey box"
    Pressable#4 [play] [focused] name="Play" (press)
      Text#5 "Play"
PASS save waits behind Play
tap play
{"tapped":4,"at":[640,400],"epoch":2,"incarnation":1,"clock":0,"target":"play","delivery":"platform","carrier":"linux","mode":"agent"}
state 
{
  "capabilities": {
    "build": {
      "host": "b711c59d2d941400ec01588e99bbc93f",
      "lastSuccessfulSwap": null,
      "loadedGame": {
        "app": "com.exact.greybox",
        "cohort": "b711c59d2d941400ec01588e99bbc93f",
        "name": "libgreybox_gpu.so",
        "sha256": "8df00874c859d7292f6efe3dfdd80b7868fb70a78a569854e24d958ebfc3c706",
        "trust": "development"
      },
      "phase": "launch",
      "planDigest": {
        "unavailable": true
      },
      "requestedGame": {
        "app": "com.exact.greybox",
        "cohort": "b711c59d2d941400ec01588e99bbc93f",
        "name": "libgreybox_gpu.so",
        "sha256": "8df00874c859d7292f6efe3dfdd80b7868fb70a78a569854e24d958ebfc3c706",
        "trust": "development"
      }
    },
    "carrier": {
      "active": "stdio-headless",
      "available": [
        "stdio-headless"
      ],
      "delivery": {
        "canvasKey": "recognized",
        "device": false,
        "heldContact": false,
        "tap": "recognized"
      },
      "eof": "exit",
      "scope": "launch"
    },
    "clockOwnership": false,
    "detach": false,
    "handoff": false,
    "host": "linux",
    "inputProvenance": {
      "reason": "GPU input ABI does not carry source attestation",
      "unavailable": true
    },
    "reload": {
      "game": "rebuild-relaunch",
      "liveGameReplacement": false,
      "ui": "restart-with-compatible-slot-carry",
      "worldCarry": "explicit-save-restore",
      "worldOnUIReload": {
        "reason": "surface instances are rebound by view id; transactional game carry is not implemented",
        "unavailable": true
      }
    }
  },
  "clock": 0,
  "delivery": {
    "E": [
      "native"
    ],
    "L": "0",
    "compatibilityId": "b711c59d2d941400ec01588e99bbc93f",
    "embeddedSeq": 0,
    "interpreted": [],
    "seq": 0,
    "staged": false,
    "stream": "embedded",
    "sunset": ""
  },
  "derives": {},
  "epoch": 2,
  "focus": {
    "logical": null
  },
  "incarnation": 1,
  "keyboard": {
    "unavailable": true
  },
  "logic": {
    "ready": true,
    "revision": null,
    "rustExecutor": null
  },
  "navigation": {
    "unavailable": true
  },
  "ownership": {
    "clock": "controlled",
    "launchMode": "agent",
    "owner": "agent",
    "scope": "launch"
  },
  "pending": [],
  "resources": {
    "hud": {
      "beacons": 0
    }
  },
  "slots": {
    "paused": false,
    "playing": true,
    "seed": 7
  },
  "store": [],
  "world": [
    {
      "args": {
        "paused": false,
        "seed": 7
      },
      "assets": [],
      "audio": {
        "sources": [
          {
            "entity": "camera",
            "gain": 0.3,
            "playing": true,
            "sound": "wind"
          }
        ],
        "voices": [
          {
            "at": "player",
            "began": 30,
            "ends": 36,
            "gain": 1,
            "sound": "footstep"
          }
        ]
      },
      "canvas": 6,
      "capture": null,
      "clockState": {
        "hostMicros": 0,
        "worldMicros": 500000
      },
      "device": false,
      "entities": 8,
      "gpu": {
        "afterReady": {
          "bindGroupLayouts": 0,
          "bufferReallocations": 0,
          "computePipelines": 0,
          "declaredExceptions": {
            "counts": {
              "bindGroupLayouts": 0,
              "bufferReallocations": 0,
              "computePipelines": 0,
              "indexBuffers": 0,
              "meshBytesUploaded": 0,
              "renderPipelines": 0,
              "shaderModules": 0,
              "slotCapacityGrowth": 0,
              "textureBytesUploaded": 0,
              "textures": 0,
              "vertexBuffers": 0
            },
            "events": 0,
            "last": null
          },
          "indexBuffers": 0,
          "meshBytesUploaded": 0,
          "renderPipelines": 0,
          "shaderModules": 0,
          "slotCapacityGrowth": 0,
          "streamingVertexBytes": 0,
          "textureBytesUploaded": 0,
          "textures": 0,
          "vertexBuffers": 0,
          "violations": 0
        },
        "beforeReady": {
          "bindGroupLayouts": 0,
          "bufferReallocations": 3,
          "computePipelines": 0,
          "indexBuffers": 3,
          "meshBytesUploaded": 41536,
          "renderPipelines": 0,
          "shaderModules": 0,
          "slotCapacityGrowth": 1,
          "streamingVertexBytes": 0,
          "textureBytesUploaded": 0,
          "textures": 0,
          "vertexBuffers": 3
        },
        "device": false,
        "lastAfterReady": null,
        "restoreUploads": {
          "counts": {
            "bindGroupLayouts": 0,
            "bufferReallocations": 0,
            "computePipelines": 0,
            "indexBuffers": 0,
            "meshBytesUploaded": 0,
            "renderPipelines": 0,
            "shaderModules": 0,
            "slotCapacityGrowth": 0,
            "textureBytesUploaded": 0,
            "textures": 0,
            "vertexBuffers": 0
          },
          "events": 0,
          "last": null
        }
      },
      "hash": "0x3f561fb17d8554df",
      "hz": 60,
      "input": {
        "actions": {
          "act": {
            "keys": [
              "KeyE",
              "Enter"
            ],
            "name": "act",
            "stick": [],
            "touch": []
          },
          "jump": {
            "keys": [
              "Space"
            ],
            "name": "jump",
            "stick": [],
            "touch": []
          },
          "move": {
            "keys": [],
            "name": "move",
            "stick": [
              {
                "keys": [
                  [
                    "KeyW",
                    "KeyS",
                    "KeyA",
                    "KeyD"
                  ],
                  [
                    "ArrowUp",
                    "ArrowDown",
                    "ArrowLeft",
                    "ArrowRight"
                  ]
                ],
                "touch": []
              }
            ],
            "touch": []
          }
        },
        "forwarded": [
          "KeyW",
          "Space"
        ],
        "held": [
          "KeyW"
        ]
      },
      "loading": [],
      "name": "world",
      "ownership": {
        "clock": "controlled",
        "contamination": 0,
        "handoff": "clock owner human/agent",
        "inputSource": "unavailable",
        "owner": "agent"
      },
      "paused": false,
      "perf": {
        "armed": false,
        "draws": 0,
        "encodeMs": {
          "count": 0,
          "max": 0,
          "mean": 0,
          "p50": 0,
          "p95": 0,
          "p99": 0
        },
        "feedMs": {
          "count": 0,
          "max": 0,
          "mean": 0,
          "p50": 0,
          "p95": 0,
          "p99": 0
        },
        "frameMs": {
          "count": 0,
          "max": 0,
          "mean": 0,
          "p50": 0,
          "p95": 0,
          "p99": 0
        },
        "instances": 0,
        "pixels": [
          0,
          0
        ],
        "tickMs": {
          "count": 0,
          "max": 0,
          "mean": 0,
          "p50": 0,
          "p95": 0,
          "p99": 0
        },
        "ticksPerFrame": {
          "count": 0,
          "max": 0,
          "mean": 0,
          "p50": 0,
          "p95": 0,
          "p99": 0
        },
        "triangles": 0,
        "wallClock": true
      },
      "published": {
        "beacons": 0
      },
      "ready": true,
      "readyReasons": [],
      "reload": {
        "added": [],
        "applied": [],
        "kept": [],
        "omitted": 0,
        "removed": [],
        "unmatched": []
      },
      "resources": {
        "Audio": {
          "master": 1,
          "reports": [
            {
              "entity": {
                "generation": 0,
                "index": 2
              },
              "gain": 0.3,
              "playing": true,
              "refused": false,
              "sound": "wind"
            }
          ]
        },
        "Sounds": [
          {
            "chime": {
              "attack": 0.005,
              "decay": 0.15,
              "gain": 0.3,
              "highpass_hz": 0,
              "hz": 880,
              "layers": [
                {
                  "attack": 0.005,
                  "decay": 0.15,
                  "gain": 0.12,
                  "highpass_hz": 0,
                  "hz": 1320,
                  "layers": [],
                  "looping": false,
                  "lowpass_hz": 0,
                  "release": 0.45,
                  "seconds": 0.5,
                  "slide": 0,
                  "sustain": 0,
                  "vibrato_depth": 0,
                  "vibrato_hz": 0,
                  "wave": {
                    "Sine": {}
                  }
                }
              ],
              "looping": false,
              "lowpass_hz": 0,
              "release": 0.7,
              "seconds": 0.8,
              "slide": 0,
              "sustain": 0,
              "vibrato_depth": 0,
              "vibrato_hz": 0,
              "wave": {
                "Sine": {}
              }
            },
            "footstep": {
              "attack": 0.002,
              "decay": 0.15,
              "gain": 0.4,
              "highpass_hz": 0,
              "hz": 440,
              "layers": [],
              "looping": false,
              "lowpass_hz": 650,
              "release": 0.08,
              "seconds": 0.09,
              "slide": 0,
              "sustain": 0,
              "vibrato_depth": 0,
              "vibrato_hz": 0,
              "wave": {
                "Noise": {}
              }
            },
            "wind": {
              "attack": 0,
              "decay": 0.15,
              "gain": 0.12,
              "highpass_hz": 0,
              "hz": 440,
              "layers": [],
              "looping": true,
              "lowpass_hz": 380,
              "release": 0,
              "seconds": 2,
              "slide": 0,
              "sustain": 1,
              "vibrato_depth": 0,
              "vibrato_hz": 0,
              "wave": {
                "Noise": {}
              }
            }
          }
        ],
        "Voices": {
          "next_id": 3,
          "voices": [
            {
              "at": {
                "Entity": [
                  {
                    "generation": 0,
                    "index": 1
                  }
                ]
              },
              "began": 30,
              "ends": 36,
              "gain": 1,
              "id": 2,
              "pitch": 1.056795,
              "position": [
                [
                  0,
                  0.9,
                  -1.366667
                ]
              ],
              "sound": "footstep",
              "synth": {
                "attack": 0.002,
                "decay": 0.15,
                "gain": 0.4,
                "highpass_hz": 0,
                "hz": 440,
                "layers": [],
                "looping": false,
                "lowpass_hz": 650,
                "release": 0.08,
                "seconds": 0.09,
                "slide": 0,
                "sustain": 0,
                "vibrato_depth": 0,
                "vibrato_hz": 0,
                "wave": {
                  "Noise": {}
                }
              }
            }
          ]
        }
      },
      "restored": true,
      "restoredFrom": {
        "paused": false,
        "seed": 7
      },
      "seed": 7,
      "tick": 30
    }
  ]
}
PASS new session restores before first render, with the same tick and hash: {"args":{"paused":false,"seed":7},"assets":[],"audio":{"sources":[{"entity":"camera","gain":0.3,"playing":true,"sound":"wind"}],"voices":[{"at":"player","began":30,"ends":36,"gain":1,"sound":"footstep"}]},"canvas":6,"capture":null,"clockState":{"hostMicros":0,"worldMicros":500000},"device":false,"entities":8,"gpu":{"afterReady":{"bindGroupLayouts":0,"bufferReallocations":0,"computePipelines":0,"declaredExceptions":{"counts":{"bindGroupLayouts":0,"bufferReallocations":0,"computePipelines":0,"indexBuffers":0,"meshBytesUploaded":0,"renderPipelines":0,"shaderModules":0,"slotCapacityGrowth":0,"textureBytesUploaded":0,"textures":0,"vertexBuffers":0},"events":0,"last":null},"indexBuffers":0,"meshBytesUploaded":0,"renderPipelines":0,"shaderModules":0,"slotCapacityGrowth":0,"streamingVertexBytes":0,"textureBytesUploaded":0,"textures":0,"vertexBuffers":0,"violations":0},"beforeReady":{"bindGroupLayouts":0,"bufferReallocations":3,"computePipelines":0,"indexBuffers":3,"meshBytesUploaded":41536,"renderPipelines":0,"shaderModules":0,"slotCapacityGrowth":1,"streamingVertexBytes":0,"textureBytesUploaded":0,"textures":0,"vertexBuffers":3},"device":false,"lastAfterReady":null,"restoreUploads":{"counts":{"bindGroupLayouts":0,"bufferReallocations":0,"computePipelines":0,"indexBuffers":0,"meshBytesUploaded":0,"renderPipelines":0,"shaderModules":0,"slotCapacityGrowth":0,"textureBytesUploaded":0,"textures":0,"vertexBuffers":0},"events":0,"last":null}},"hash":"0x3f561fb17d8554df","hz":60,"input":{"actions":{"act":{"keys":["KeyE","Enter"],"name":"act","stick":[],"touch":[]},"jump":{"keys":["Space"],"name":"jump","stick":[],"touch":[]},"move":{"keys":[],"name":"move","stick":[{"keys":[["KeyW","KeyS","KeyA","KeyD"],["ArrowUp","ArrowDown","ArrowLeft","ArrowRight"]],"touch":[]}],"touch":[]}},"forwarded":["KeyW","Space"],"held":["KeyW"]},"loading":[],"name":"world","ownership":{"clock":"controlled","contamination":0,"handoff":"clock owner human/agent","inputSource":"unavailable","owner":"agent"},"paused":false,"perf":{"armed":false,"draws":0,"encodeMs":{"count":0,"max":0,"mean":0,"p50":0,"p95":0,"p99":0},"feedMs":{"count":0,"max":0,"mean":0,"p50":0,"p95":0,"p99":0},"frameMs":{"count":0,"max":0,"mean":0,"p50":0,"p95":0,"p99":0},"instances":0,"pixels":[0,0],"tickMs":{"count":0,"max":0,"mean":0,"p50":0,"p95":0,"p99":0},"ticksPerFrame":{"count":0,"max":0,"mean":0,"p50":0,"p95":0,"p99":0},"triangles":0,"wallClock":true},"published":{"beacons":0},"ready":true,"readyReasons":[],"reload":{"added":[],"applied":[],"kept":[],"omitted":0,"removed":[],"unmatched":[]},"resources":{"Audio":{"master":1,"reports":[{"entity":{"generation":0,"index":2},"gain":0.3,"playing":true,"refused":false,"sound":"wind"}]},"Sounds":[{"chime":{"attack":0.005,"decay":0.15,"gain":0.3,"highpass_hz":0,"hz":880,"layers":[{"attack":0.005,"decay":0.15,"gain":0.12,"highpass_hz":0,"hz":1320,"layers":[],"looping":false,"lowpass_hz":0,"release":0.45,"seconds":0.5,"slide":0,"sustain":0,"vibrato_depth":0,"vibrato_hz":0,"wave":{"Sine":{}}}],"looping":false,"lowpass_hz":0,"release":0.7,"seconds":0.8,"slide":0,"sustain":0,"vibrato_depth":0,"vibrato_hz":0,"wave":{"Sine":{}}},"footstep":{"attack":0.002,"decay":0.15,"gain":0.4,"highpass_hz":0,"hz":440,"layers":[],"looping":false,"lowpass_hz":650,"release":0.08,"seconds":0.09,"slide":0,"sustain":0,"vibrato_depth":0,"vibrato_hz":0,"wave":{"Noise":{}}},"wind":{"attack":0,"decay":0.15,"gain":0.12,"highpass_hz":0,"hz":440,"layers":[],"looping":true,"lowpass_hz":380,"release":0,"seconds":2,"slide":0,"sustain":1,"vibrato_depth":0,"vibrato_hz":0,"wave":{"Noise":{}}}}],"Voices":{"next_id":3,"voices":[{"at":{"Entity":[{"generation":0,"index":1}]},"began":30,"ends":36,"gain":1,"id":2,"pitch":1.056795,"position":[[0,0.9,-1.366667]],"sound":"footstep","synth":{"attack":0.002,"decay":0.15,"gain":0.4,"highpass_hz":0,"hz":440,"layers":[],"looping":false,"lowpass_hz":650,"release":0.08,"seconds":0.09,"slide":0,"sustain":0,"vibrato_depth":0,"vibrato_hz":0,"wave":{"Noise":{}}}}]}},"restored":true,"restoredFrom":{"paused":false,"seed":7},"seed":7,"tick":30}
state world:*
{
  "entities": [
    {
      "components": {
        "Material": {
          "color": [
            0.25,
            0.27,
            0.3,
            1
          ],
          "emissive": [
            0,
            0,
            0
          ],
          "grid_spacing": 1,
          "metallic": 0,
          "roughness": 0.5
        },
        "Mesh": {
          "Plane": {
            "depth": 40,
            "width": 40
          }
        },
        "Transform": {
          "position": [
            0,
            0,
            0
          ],
          "rotation": [
            0,
            0,
            0,
            1
          ],
          "scale": [
            1,
            1,
            1
          ]
        }
      },
      "id": 0,
      "name": "ground"
    },
    {
      "components": {
        "Material": {
          "color": [
            0.8,
            0.45,
            0.15,
            1
          ],
          "emissive": [
            0,
            0,
            0
          ],
          "grid_spacing": 0,
          "metallic": 0,
          "roughness": 0.5
        },
        "Mesh": {
          "Capsule": {
            "height": 1.8,
            "radius": 0.4
          }
        },
        "Player": {
          "character": {
            "accel": 12,
            "airborne": false,
            "bounds": [
              [
                -19.6,
                19.6
              ]
            ],
            "brake": 20,
            "gravity": 9.81,
            "ground": 0.9,
            "jump": 1.2,
            "speed": 4,
            "velocity": [
              0,
              0,
              -4
            ]
          },
          "stride": 0.016667068
        },
        "Transform": {
          "position": [
            0,
            0.9,
            -1.366667
          ],
          "rotation": [
            0,
            0,
            0,
            1
          ],
          "scale": [
            1,
            1,
            1
          ]
        }
      },
      "id": 1,
      "name": "player"
    },
    {
      "components": {
        "AudioListener": {},
        "AudioSource": {
          "gain": 0.3,
          "playing": true,
          "sound": "wind"
        },
        "Camera": {
          "active": true,
          "far": 1000,
          "fov_y_degrees": 60,
          "near": 0.1
        },
        "Follow": {
          "initialized": true,
          "lag": 0,
          "look_at_offset": [
            0,
            0,
            0
          ],
          "offset": [
            0,
            5,
            8
          ],
          "resolved": [
            {
              "generation": 0,
              "index": 1
            }
          ],
          "target": {
            "Entity": [
              {
                "generation": 0,
                "index": 1
              }
            ]
          }
        },
        "Transform": {
          "position": [
            0,
            5.9,
            6.633333
          ],
          "rotation": [
            -0.27568254,
            0,
            0,
            0.9612488
          ],
          "scale": [
            1,
            1,
            1
          ]
        }
      },
      "id": 2,
      "name": "camera"
    },
    {
      "components": {
        "DirectionalLight": {
          "color": [
            1,
            1,
            1
          ],
          "illuminance": 10000,
          "shadows": true
        },
        "Transform": {
          "position": [
            5,
            10,
            5
          ],
          "rotation": [
            -0.4247082,
            0.33985114,
            0.1759199,
            0.82047325
          ],
          "scale": [
            1,
            1,
            1
          ]
        }
      },
      "id": 3,
      "name": "sun"
    },
    {
      "components": {
        "Material": {
          "color": [
            1,
            1,
            1,
            1
          ],
          "emissive": [
            0,
            0,
            0
          ],
          "grid_spacing": 0,
          "metallic": 0,
          "roughness": 0.5
        },
        "Mesh": {
          "Box": {
            "size": [
              1,
              1,
              1
            ]
          }
        },
        "Transform": {
          "position": [
            5.6685147,
            0.5,
            7.563838
          ],
          "rotation": [
            0,
            0,
            0,
            1
          ],
          "scale": [
            1,
            1,
            1
          ]
        }
      },
      "id": 4,
      "name": "crate-1"
    },
    {
      "components": {
        "Material": {
          "color": [
            1,
            1,
            1,
            1
          ],
          "emissive": [
            0,
            0,
            0
          ],
          "grid_spacing": 0,
          "metallic": 0,
          "roughness": 0.5
        },
        "Mesh": {
          "Box": {
            "size": [
              1,
              1,
              1
            ]
          }
        },
        "Transform": {
          "position": [
            6.6891494,
            0.5,
            5.7472677
          ],
          "rotation": [
            0,
            0,
            0,
            1
          ],
          "scale": [
            1,
            1,
            1
          ]
        }
      },
      "id": 5,
      "name": "crate-2"
    },
    {
      "components": {
        "Material": {
          "color": [
            1,
            1,
            1,
            1
          ],
          "emissive": [
            0,
            0,
            0
          ],
          "grid_spacing": 0,
          "metallic": 0,
          "roughness": 0.5
        },
        "Mesh": {
          "Box": {
            "size": [
              1,
              1,
              1
            ]
          }
        },
        "Transform": {
          "position": [
            4.3184667,
            0.5,
            -1.0410995
          ],
          "rotation": [
            0,
            0,
            0,
            1
          ],
          "scale": [
            1,
            1,
            1
          ]
        }
      },
      "id": 6,
      "name": "crate-3"
    },
    {
      "components": {
        "Beacon": {
          "glow": {
            "config": {
              "damping": 10,
              "mass": 1,
              "stiffness": 100
            },
            "start_tick": 0,
            "start_value": 0,
            "start_velocity": 0,
            "target": 0
          },
          "lit": false
        },
        "Material": {
          "color": [
            0.15,
            0.6,
            0.8,
            1
          ],
          "emissive": [
            0,
            0,
            0
          ],
          "grid_spacing": 0,
          "metallic": 0,
          "roughness": 0.5
        },
        "Mesh": {
          "Sphere": {
            "radius": 0.5
          }
        },
        "Transform": {
          "position": [
            0,
            0.75,
            -6.5
          ],
          "rotation": [
            0,
            0,
            0,
            1
          ],
          "scale": [
            1,
            1,
            1
          ]
        }
      },
      "id": 7,
      "name": "beacon-1"
    }
  ],
  "hash": "0x3f561fb17d8554df",
  "tick": 30,
  "truncated": false,
  "epoch": 2,
  "incarnation": 1,
  "clock": 0
}
PASS restore preserves the simulation snapshot
state 
{
  "capabilities": {
    "build": {
      "host": "b711c59d2d941400ec01588e99bbc93f",
      "lastSuccessfulSwap": null,
      "loadedGame": {
        "app": "com.exact.greybox",
        "cohort": "b711c59d2d941400ec01588e99bbc93f",
        "name": "libgreybox_gpu.so",
        "sha256": "8df00874c859d7292f6efe3dfdd80b7868fb70a78a569854e24d958ebfc3c706",
        "trust": "development"
      },
      "phase": "launch",
      "planDigest": {
        "unavailable": true
      },
      "requestedGame": {
        "app": "com.exact.greybox",
        "cohort": "b711c59d2d941400ec01588e99bbc93f",
        "name": "libgreybox_gpu.so",
        "sha256": "8df00874c859d7292f6efe3dfdd80b7868fb70a78a569854e24d958ebfc3c706",
        "trust": "development"
      }
    },
    "carrier": {
      "active": "stdio-headless",
      "available": [
        "stdio-headless"
      ],
      "delivery": {
        "canvasKey": "recognized",
        "device": false,
        "heldContact": false,
        "tap": "recognized"
      },
      "eof": "exit",
      "scope": "launch"
    },
    "clockOwnership": false,
    "detach": false,
    "handoff": false,
    "host": "linux",
    "inputProvenance": {
      "reason": "GPU input ABI does not carry source attestation",
      "unavailable": true
    },
    "reload": {
      "game": "rebuild-relaunch",
      "liveGameReplacement": false,
      "ui": "restart-with-compatible-slot-carry",
      "worldCarry": "explicit-save-restore",
      "worldOnUIReload": {
        "reason": "surface instances are rebound by view id; transactional game carry is not implemented",
        "unavailable": true
      }
    }
  },
  "clock": 0,
  "delivery": {
    "E": [
      "native"
    ],
    "L": "0",
    "compatibilityId": "b711c59d2d941400ec01588e99bbc93f",
    "embeddedSeq": 0,
    "interpreted": [],
    "seq": 0,
    "staged": false,
    "stream": "embedded",
    "sunset": ""
  },
  "derives": {},
  "epoch": 2,
  "focus": {
    "logical": null
  },
  "incarnation": 1,
  "keyboard": {
    "unavailable": true
  },
  "logic": {
    "ready": true,
    "revision": null,
    "rustExecutor": null
  },
  "navigation": {
    "unavailable": true
  },
  "ownership": {
    "clock": "controlled",
    "launchMode": "agent",
    "owner": "agent",
    "scope": "launch"
  },
  "pending": [],
  "resources": {
    "hud": {
      "beacons": 0
    }
  },
  "slots": {
    "paused": false,
    "playing": true,
    "seed": 7
  },
  "store": [],
  "world": [
    {
      "args": {
        "paused": false,
        "seed": 7
      },
      "assets": [],
      "audio": {
        "sources": [
          {
            "entity": "camera",
            "gain": 0.3,
            "playing": true,
            "sound": "wind"
          }
        ],
        "voices": [
          {
            "at": "player",
            "began": 30,
            "ends": 36,
            "gain": 1,
            "sound": "footstep"
          }
        ]
      },
      "canvas": 6,
      "capture": null,
      "clockState": {
        "hostMicros": 0,
        "worldMicros": 500000
      },
      "device": false,
      "entities": 8,
      "gpu": {
        "afterReady": {
          "bindGroupLayouts": 0,
          "bufferReallocations": 0,
          "computePipelines": 0,
          "declaredExceptions": {
            "counts": {
              "bindGroupLayouts": 0,
              "bufferReallocations": 0,
              "computePipelines": 0,
              "indexBuffers": 0,
              "meshBytesUploaded": 0,
              "renderPipelines": 0,
              "shaderModules": 0,
              "slotCapacityGrowth": 0,
              "textureBytesUploaded": 0,
              "textures": 0,
              "vertexBuffers": 0
            },
            "events": 0,
            "last": null
          },
          "indexBuffers": 0,
          "meshBytesUploaded": 0,
          "renderPipelines": 0,
          "shaderModules": 0,
          "slotCapacityGrowth": 0,
          "streamingVertexBytes": 0,
          "textureBytesUploaded": 0,
          "textures": 0,
          "vertexBuffers": 0,
          "violations": 0
        },
        "beforeReady": {
          "bindGroupLayouts": 0,
          "bufferReallocations": 3,
          "computePipelines": 0,
          "indexBuffers": 3,
          "meshBytesUploaded": 41536,
          "renderPipelines": 0,
          "shaderModules": 0,
          "slotCapacityGrowth": 1,
          "streamingVertexBytes": 0,
          "textureBytesUploaded": 0,
          "textures": 0,
          "vertexBuffers": 3
        },
        "device": false,
        "lastAfterReady": null,
        "restoreUploads": {
          "counts": {
            "bindGroupLayouts": 0,
            "bufferReallocations": 0,
            "computePipelines": 0,
            "indexBuffers": 0,
            "meshBytesUploaded": 0,
            "renderPipelines": 0,
            "shaderModules": 0,
            "slotCapacityGrowth": 0,
            "textureBytesUploaded": 0,
            "textures": 0,
            "vertexBuffers": 0
          },
          "events": 0,
          "last": null
        }
      },
      "hash": "0x3f561fb17d8554df",
      "hz": 60,
      "input": {
        "actions": {
          "act": {
            "keys": [
              "KeyE",
              "Enter"
            ],
            "name": "act",
            "stick": [],
            "touch": []
          },
          "jump": {
            "keys": [
              "Space"
            ],
            "name": "jump",
            "stick": [],
            "touch": []
          },
          "move": {
            "keys": [],
            "name": "move",
            "stick": [
              {
                "keys": [
                  [
                    "KeyW",
                    "KeyS",
                    "KeyA",
                    "KeyD"
                  ],
                  [
                    "ArrowUp",
                    "ArrowDown",
                    "ArrowLeft",
                    "ArrowRight"
                  ]
                ],
                "touch": []
              }
            ],
            "touch": []
          }
        },
        "forwarded": [
          "KeyW",
          "Space"
        ],
        "held": [
          "KeyW"
        ]
      },
      "loading": [],
      "name": "world",
      "ownership": {
        "clock": "controlled",
        "contamination": 0,
        "handoff": "clock owner human/agent",
        "inputSource": "unavailable",
        "owner": "agent"
      },
      "paused": false,
      "perf": {
        "armed": false,
        "draws": 0,
        "encodeMs": {
          "count": 0,
          "max": 0,
          "mean": 0,
          "p50": 0,
          "p95": 0,
          "p99": 0
        },
        "feedMs": {
          "count": 0,
          "max": 0,
          "mean": 0,
          "p50": 0,
          "p95": 0,
          "p99": 0
        },
        "frameMs": {
          "count": 0,
          "max": 0,
          "mean": 0,
          "p50": 0,
          "p95": 0,
          "p99": 0
        },
        "instances": 0,
        "pixels": [
          0,
          0
        ],
        "tickMs": {
          "count": 0,
          "max": 0,
          "mean": 0,
          "p50": 0,
          "p95": 0,
          "p99": 0
        },
        "ticksPerFrame": {
          "count": 0,
          "max": 0,
          "mean": 0,
          "p50": 0,
          "p95": 0,
          "p99": 0
        },
        "triangles": 0,
        "wallClock": true
      },
      "published": {
        "beacons": 0
      },
      "ready": true,
      "readyReasons": [],
      "reload": {
        "added": [],
        "applied": [],
        "kept": [],
        "omitted": 0,
        "removed": [],
        "unmatched": []
      },
      "resources": {
        "Audio": {
          "master": 1,
          "reports": [
            {
              "entity": {
                "generation": 0,
                "index": 2
              },
              "gain": 0.3,
              "playing": true,
              "refused": false,
              "sound": "wind"
            }
          ]
        },
        "Sounds": [
          {
            "chime": {
              "attack": 0.005,
              "decay": 0.15,
              "gain": 0.3,
              "highpass_hz": 0,
              "hz": 880,
              "layers": [
                {
                  "attack": 0.005,
                  "decay": 0.15,
                  "gain": 0.12,
                  "highpass_hz": 0,
                  "hz": 1320,
                  "layers": [],
                  "looping": false,
                  "lowpass_hz": 0,
                  "release": 0.45,
                  "seconds": 0.5,
                  "slide": 0,
                  "sustain": 0,
                  "vibrato_depth": 0,
                  "vibrato_hz": 0,
                  "wave": {
                    "Sine": {}
                  }
                }
              ],
              "looping": false,
              "lowpass_hz": 0,
              "release": 0.7,
              "seconds": 0.8,
              "slide": 0,
              "sustain": 0,
              "vibrato_depth": 0,
              "vibrato_hz": 0,
              "wave": {
                "Sine": {}
              }
            },
            "footstep": {
              "attack": 0.002,
              "decay": 0.15,
              "gain": 0.4,
              "highpass_hz": 0,
              "hz": 440,
              "layers": [],
              "looping": false,
              "lowpass_hz": 650,
              "release": 0.08,
              "seconds": 0.09,
              "slide": 0,
              "sustain": 0,
              "vibrato_depth": 0,
              "vibrato_hz": 0,
              "wave": {
                "Noise": {}
              }
            },
            "wind": {
              "attack": 0,
              "decay": 0.15,
              "gain": 0.12,
              "highpass_hz": 0,
              "hz": 440,
              "layers": [],
              "looping": true,
              "lowpass_hz": 380,
              "release": 0,
              "seconds": 2,
              "slide": 0,
              "sustain": 1,
              "vibrato_depth": 0,
              "vibrato_hz": 0,
              "wave": {
                "Noise": {}
              }
            }
          }
        ],
        "Voices": {
          "next_id": 3,
          "voices": [
            {
              "at": {
                "Entity": [
                  {
                    "generation": 0,
                    "index": 1
                  }
                ]
              },
              "began": 30,
              "ends": 36,
              "gain": 1,
              "id": 2,
              "pitch": 1.056795,
              "position": [
                [
                  0,
                  0.9,
                  -1.366667
                ]
              ],
              "sound": "footstep",
              "synth": {
                "attack": 0.002,
                "decay": 0.15,
                "gain": 0.4,
                "highpass_hz": 0,
                "hz": 440,
                "layers": [],
                "looping": false,
                "lowpass_hz": 650,
                "release": 0.08,
                "seconds": 0.09,
                "slide": 0,
                "sustain": 0,
                "vibrato_depth": 0,
                "vibrato_hz": 0,
                "wave": {
                  "Noise": {}
                }
              }
            }
          ]
        }
      },
      "restored": true,
      "restoredFrom": {
        "paused": false,
        "seed": 7
      },
      "seed": 7,
      "tick": 30
    }
  ]
}
clock +0
{"clock":0,"world":[{"canvas":6,"changing":["not observed","input queued"],"hash":"0x3f561fb17d8554df","ownership":{"clock":"controlled","contamination":0,"handoff":"clock owner human/agent","inputSource":"unavailable","owner":"agent"},"quiescent":false,"settleAt":16.667,"tick":30}],"epoch":2,"incarnation":1}
clock +500
{"clock":500,"world":[{"canvas":6,"changing":["player.Player","player.Transform","camera.Transform"],"hash":"0x859e8a82f9ee004e","ownership":{"clock":"controlled","contamination":0,"handoff":"clock owner human/agent","inputSource":"unavailable","owner":"agent"},"quiescent":false,"settleAt":600,"tick":60}],"epoch":2,"incarnation":1}
state 
{
  "capabilities": {
    "build": {
      "host": "b711c59d2d941400ec01588e99bbc93f",
      "lastSuccessfulSwap": null,
      "loadedGame": {
        "app": "com.exact.greybox",
        "cohort": "b711c59d2d941400ec01588e99bbc93f",
        "name": "libgreybox_gpu.so",
        "sha256": "8df00874c859d7292f6efe3dfdd80b7868fb70a78a569854e24d958ebfc3c706",
        "trust": "development"
      },
      "phase": "launch",
      "planDigest": {
        "unavailable": true
      },
      "requestedGame": {
        "app": "com.exact.greybox",
        "cohort": "b711c59d2d941400ec01588e99bbc93f",
        "name": "libgreybox_gpu.so",
        "sha256": "8df00874c859d7292f6efe3dfdd80b7868fb70a78a569854e24d958ebfc3c706",
        "trust": "development"
      }
    },
    "carrier": {
      "active": "stdio-headless",
      "available": [
        "stdio-headless"
      ],
      "delivery": {
        "canvasKey": "recognized",
        "device": false,
        "heldContact": false,
        "tap": "recognized"
      },
      "eof": "exit",
      "scope": "launch"
    },
    "clockOwnership": false,
    "detach": false,
    "handoff": false,
    "host": "linux",
    "inputProvenance": {
      "reason": "GPU input ABI does not carry source attestation",
      "unavailable": true
    },
    "reload": {
      "game": "rebuild-relaunch",
      "liveGameReplacement": false,
      "ui": "restart-with-compatible-slot-carry",
      "worldCarry": "explicit-save-restore",
      "worldOnUIReload": {
        "reason": "surface instances are rebound by view id; transactional game carry is not implemented",
        "unavailable": true
      }
    }
  },
  "clock": 500,
  "delivery": {
    "E": [
      "native"
    ],
    "L": "0",
    "compatibilityId": "b711c59d2d941400ec01588e99bbc93f",
    "embeddedSeq": 0,
    "interpreted": [],
    "seq": 0,
    "staged": false,
    "stream": "embedded",
    "sunset": ""
  },
  "derives": {},
  "epoch": 2,
  "focus": {
    "logical": null
  },
  "incarnation": 1,
  "keyboard": {
    "unavailable": true
  },
  "logic": {
    "ready": true,
    "revision": null,
    "rustExecutor": null
  },
  "navigation": {
    "unavailable": true
  },
  "ownership": {
    "clock": "controlled",
    "launchMode": "agent",
    "owner": "agent",
    "scope": "launch"
  },
  "pending": [],
  "resources": {
    "hud": {
      "beacons": 0
    }
  },
  "slots": {
    "paused": false,
    "playing": true,
    "seed": 7
  },
  "store": [],
  "world": [
    {
      "args": {
        "paused": false,
        "seed": 7
      },
      "assets": [],
      "audio": {
        "sources": [
          {
            "entity": "camera",
            "gain": 0.3,
            "playing": true,
            "sound": "wind"
          }
        ],
        "voices": []
      },
      "canvas": 6,
      "capture": null,
      "clockState": {
        "hostMicros": 500000,
        "worldMicros": 1000000
      },
      "device": false,
      "entities": 8,
      "gpu": {
        "afterReady": {
          "bindGroupLayouts": 0,
          "bufferReallocations": 0,
          "computePipelines": 0,
          "declaredExceptions": {
            "counts": {
              "bindGroupLayouts": 0,
              "bufferReallocations": 0,
              "computePipelines": 0,
              "indexBuffers": 0,
              "meshBytesUploaded": 0,
              "renderPipelines": 0,
              "shaderModules": 0,
              "slotCapacityGrowth": 0,
              "textureBytesUploaded": 0,
              "textures": 0,
              "vertexBuffers": 0
            },
            "events": 0,
            "last": null
          },
          "indexBuffers": 0,
          "meshBytesUploaded": 0,
          "renderPipelines": 0,
          "shaderModules": 0,
          "slotCapacityGrowth": 0,
          "streamingVertexBytes": 0,
          "textureBytesUploaded": 0,
          "textures": 0,
          "vertexBuffers": 0,
          "violations": 0
        },
        "beforeReady": {
          "bindGroupLayouts": 0,
          "bufferReallocations": 3,
          "computePipelines": 0,
          "indexBuffers": 3,
          "meshBytesUploaded": 41536,
          "renderPipelines": 0,
          "shaderModules": 0,
          "slotCapacityGrowth": 1,
          "streamingVertexBytes": 0,
          "textureBytesUploaded": 0,
          "textures": 0,
          "vertexBuffers": 3
        },
        "device": false,
        "lastAfterReady": null,
        "restoreUploads": {
          "counts": {
            "bindGroupLayouts": 0,
            "bufferReallocations": 0,
            "computePipelines": 0,
            "indexBuffers": 0,
            "meshBytesUploaded": 0,
            "renderPipelines": 0,
            "shaderModules": 0,
            "slotCapacityGrowth": 0,
            "textureBytesUploaded": 0,
            "textures": 0,
            "vertexBuffers": 0
          },
          "events": 0,
          "last": null
        }
      },
      "hash": "0x859e8a82f9ee004e",
      "hz": 60,
      "input": {
        "actions": {
          "act": {
            "keys": [
              "KeyE",
              "Enter"
            ],
            "name": "act",
            "stick": [],
            "touch": []
          },
          "jump": {
            "keys": [
              "Space"
            ],
            "name": "jump",
            "stick": [],
            "touch": []
          },
          "move": {
            "keys": [],
            "name": "move",
            "stick": [
              {
                "keys": [
                  [
                    "KeyW",
                    "KeyS",
                    "KeyA",
                    "KeyD"
                  ],
                  [
                    "ArrowUp",
                    "ArrowDown",
                    "ArrowLeft",
                    "ArrowRight"
                  ]
                ],
                "touch": []
              }
            ],
            "touch": []
          }
        },
        "forwarded": [
          "KeyW",
          "Space"
        ],
        "held": [
          "KeyW",
          "Space"
        ]
      },
      "loading": [],
      "name": "world",
      "ownership": {
        "clock": "controlled",
        "contamination": 0,
        "handoff": "clock owner human/agent",
        "inputSource": "unavailable",
        "owner": "agent"
      },
      "paused": false,
      "perf": {
        "armed": false,
        "draws": 0,
        "encodeMs": {
          "count": 0,
          "max": 0,
          "mean": 0,
          "p50": 0,
          "p95": 0,
          "p99": 0
        },
        "feedMs": {
          "count": 0,
          "max": 0,
          "mean": 0,
          "p50": 0,
          "p95": 0,
          "p99": 0
        },
        "frameMs": {
          "count": 0,
          "max": 0,
          "mean": 0,
          "p50": 0,
          "p95": 0,
          "p99": 0
        },
        "instances": 0,
        "pixels": [
          0,
          0
        ],
        "tickMs": {
          "count": 0,
          "max": 0,
          "mean": 0,
          "p50": 0,
          "p95": 0,
          "p99": 0
        },
        "ticksPerFrame": {
          "count": 0,
          "max": 0,
          "mean": 0,
          "p50": 0,
          "p95": 0,
          "p99": 0
        },
        "triangles": 0,
        "wallClock": true
      },
      "published": {
        "beacons": 0
      },
      "ready": true,
      "readyReasons": [],
      "reload": {
        "added": [],
        "applied": [],
        "kept": [],
        "omitted": 0,
        "removed": [],
        "unmatched": []
      },
      "resources": {
        "Audio": {
          "master": 1,
          "reports": [
            {
              "entity": {
                "generation": 0,
                "index": 2
              },
              "gain": 0.3,
              "playing": true,
              "refused": false,
              "sound": "wind"
            }
          ]
        },
        "Sounds": [
          {
            "chime": {
              "attack": 0.005,
              "decay": 0.15,
              "gain": 0.3,
              "highpass_hz": 0,
              "hz": 880,
              "layers": [
                {
                  "attack": 0.005,
                  "decay": 0.15,
                  "gain": 0.12,
                  "highpass_hz": 0,
                  "hz": 1320,
                  "layers": [],
                  "looping": false,
                  "lowpass_hz": 0,
                  "release": 0.45,
                  "seconds": 0.5,
                  "slide": 0,
                  "sustain": 0,
                  "vibrato_depth": 0,
                  "vibrato_hz": 0,
                  "wave": {
                    "Sine": {}
                  }
                }
              ],
              "looping": false,
              "lowpass_hz": 0,
              "release": 0.7,
              "seconds": 0.8,
              "slide": 0,
              "sustain": 0,
              "vibrato_depth": 0,
              "vibrato_hz": 0,
              "wave": {
                "Sine": {}
              }
            },
            "footstep": {
              "attack": 0.002,
              "decay": 0.15,
              "gain": 0.4,
              "highpass_hz": 0,
              "hz": 440,
              "layers": [],
              "looping": false,
              "lowpass_hz": 650,
              "release": 0.08,
              "seconds": 0.09,
              "slide": 0,
              "sustain": 0,
              "vibrato_depth": 0,
              "vibrato_hz": 0,
              "wave": {
                "Noise": {}
              }
            },
            "wind": {
              "attack": 0,
              "decay": 0.15,
              "gain": 0.12,
              "highpass_hz": 0,
              "hz": 440,
              "layers": [],
              "looping": true,
              "lowpass_hz": 380,
              "release": 0,
              "seconds": 2,
              "slide": 0,
              "sustain": 1,
              "vibrato_depth": 0,
              "vibrato_hz": 0,
              "wave": {
                "Noise": {}
              }
            }
          }
        ],
        "Voices": {
          "next_id": 3,
          "voices": []
        }
      },
      "restored": false,
      "seed": 7,
      "tick": 60
    }
  ]
}
PASS first continuation clock +500 advances exactly 30 ticks
state world:player
{
  "entity": {
    "components": {
      "Material": {
        "color": [
          0.8,
          0.45,
          0.15,
          1
        ],
        "emissive": [
          0,
          0,
          0
        ],
        "grid_spacing": 0,
        "metallic": 0,
        "roughness": 0.5
      },
      "Mesh": {
        "Capsule": {
          "height": 1.8,
          "radius": 0.4
        }
      },
      "Player": {
        "character": {
          "accel": 12,
          "airborne": true,
          "bounds": [
            [
              -19.6,
              19.6
            ]
          ],
          "brake": 20,
          "gravity": 9.81,
          "ground": 0.9,
          "jump": 1.2,
          "speed": 4,
          "velocity": [
            0,
            -0.052784264,
            -4
          ]
        },
        "stride": 0.016667068
      },
      "Transform": {
        "position": [
          0,
          2.099858,
          -3.3666663
        ],
        "rotation": [
          0,
          0,
          0,
          1
        ],
        "scale": [
          1,
          1,
          1
        ]
      }
    },
    "id": 1,
    "name": "player"
  },
  "tick": 60,
  "epoch": 2,
  "incarnation": 1,
  "clock": 500
}
PASS saved queued jump executes after capture: [0,2.099858,-3.3666663]
type world {"key":"Space","phase":"up"}
{"typed":6,"delivery":"recognized","epoch":2,"incarnation":1,"clock":500,"target":"world","carrier":"linux","mode":"agent"}
clock +0
{"clock":500,"world":[{"canvas":6,"changing":["not observed","input queued"],"hash":"0x859e8a82f9ee004e","ownership":{"clock":"controlled","contamination":0,"handoff":"clock owner human/agent","inputSource":"unavailable","owner":"agent"},"quiescent":false,"settleAt":516.667,"tick":60}],"epoch":2,"incarnation":1}
clock +1000
{"clock":1500,"world":[{"canvas":6,"changing":["player.Player","player.Transform","camera.Transform"],"hash":"0xa3a47021d1fd47a4","ownership":{"clock":"controlled","contamination":0,"handoff":"clock owner human/agent","inputSource":"unavailable","owner":"agent"},"quiescent":false,"settleAt":1600,"tick":120}],"epoch":2,"incarnation":1}
type world {"key":"KeyW","phase":"up"}
{"typed":6,"delivery":"recognized","epoch":2,"incarnation":1,"clock":1500,"target":"world","carrier":"linux","mode":"agent"}
state world:*
{
  "entities": [
    {
      "components": {
        "Material": {
          "color": [
            0.25,
            0.27,
            0.3,
            1
          ],
          "emissive": [
            0,
            0,
            0
          ],
          "grid_spacing": 1,
          "metallic": 0,
          "roughness": 0.5
        },
        "Mesh": {
          "Plane": {
            "depth": 40,
            "width": 40
          }
        },
        "Transform": {
          "position": [
            0,
            0,
            0
          ],
          "rotation": [
            0,
            0,
            0,
            1
          ],
          "scale": [
            1,
            1,
            1
          ]
        }
      },
      "id": 0,
      "name": "ground"
    },
    {
      "components": {
        "Material": {
          "color": [
            0.8,
            0.45,
            0.15,
            1
          ],
          "emissive": [
            0,
            0,
            0
          ],
          "grid_spacing": 0,
          "metallic": 0,
          "roughness": 0.5
        },
        "Mesh": {
          "Capsule": {
            "height": 1.8,
            "radius": 0.4
          }
        },
        "Player": {
          "character": {
            "accel": 12,
            "airborne": false,
            "bounds": [
              [
                -19.6,
                19.6
              ]
            ],
            "brake": 20,
            "gravity": 9.81,
            "ground": 0.9,
            "jump": 1.2,
            "speed": 4,
            "velocity": [
              0,
              0,
              -4
            ]
          },
          "stride": 0.2833318
        },
        "Transform": {
          "position": [
            0,
            0.9,
            -7.3666625
          ],
          "rotation": [
            0,
            0,
            0,
            1
          ],
          "scale": [
            1,
            1,
            1
          ]
        }
      },
      "id": 1,
      "name": "player"
    },
    {
      "components": {
        "AudioListener": {},
        "AudioSource": {
          "gain": 0.3,
          "playing": true,
          "sound": "wind"
        },
        "Camera": {
          "active": true,
          "far": 1000,
          "fov_y_degrees": 60,
          "near": 0.1
        },
        "Follow": {
          "initialized": true,
          "lag": 0,
          "look_at_offset": [
            0,
            0,
            0
          ],
          "offset": [
            0,
            5,
            8
          ],
          "resolved": [
            {
              "generation": 0,
              "index": 1
            }
          ],
          "target": {
            "Entity": [
              {
                "generation": 0,
                "index": 1
              }
            ]
          }
        },
        "Transform": {
          "position": [
            0,
            5.9,
            0.6333375
          ],
          "rotation": [
            -0.27568254,
            0,
            0,
            0.9612488
          ],
          "scale": [
            1,
            1,
            1
          ]
        }
      },
      "id": 2,
      "name": "camera"
    },
    {
      "components": {
        "DirectionalLight": {
          "color": [
            1,
            1,
            1
          ],
          "illuminance": 10000,
          "shadows": true
        },
        "Transform": {
          "position": [
            5,
            10,
            5
          ],
          "rotation": [
            -0.4247082,
            0.33985114,
            0.1759199,
            0.82047325
          ],
          "scale": [
            1,
            1,
            1
          ]
        }
      },
      "id": 3,
      "name": "sun"
    },
    {
      "components": {
        "Material": {
          "color": [
            1,
            1,
            1,
            1
          ],
          "emissive": [
            0,
            0,
            0
          ],
          "grid_spacing": 0,
          "metallic": 0,
          "roughness": 0.5
        },
        "Mesh": {
          "Box": {
            "size": [
              1,
              1,
              1
            ]
          }
        },
        "Transform": {
          "position": [
            5.6685147,
            0.5,
            7.563838
          ],
          "rotation": [
            0,
            0,
            0,
            1
          ],
          "scale": [
            1,
            1,
            1
          ]
        }
      },
      "id": 4,
      "name": "crate-1"
    },
    {
      "components": {
        "Material": {
          "color": [
            1,
            1,
            1,
            1
          ],
          "emissive": [
            0,
            0,
            0
          ],
          "grid_spacing": 0,
          "metallic": 0,
          "roughness": 0.5
        },
        "Mesh": {
          "Box": {
            "size": [
              1,
              1,
              1
            ]
          }
        },
        "Transform": {
          "position": [
            6.6891494,
            0.5,
            5.7472677
          ],
          "rotation": [
            0,
            0,
            0,
            1
          ],
          "scale": [
            1,
            1,
            1
          ]
        }
      },
      "id": 5,
      "name": "crate-2"
    },
    {
      "components": {
        "Material": {
          "color": [
            1,
            1,
            1,
            1
          ],
          "emissive": [
            0,
            0,
            0
          ],
          "grid_spacing": 0,
          "metallic": 0,
          "roughness": 0.5
        },
        "Mesh": {
          "Box": {
            "size": [
              1,
              1,
              1
            ]
          }
        },
        "Transform": {
          "position": [
            4.3184667,
            0.5,
            -1.0410995
          ],
          "rotation": [
            0,
            0,
            0,
            1
          ],
          "scale": [
            1,
            1,
            1
          ]
        }
      },
      "id": 6,
      "name": "crate-3"
    },
    {
      "components": {
        "Beacon": {
          "glow": {
            "config": {
              "damping": 10,
              "mass": 1,
              "stiffness": 100
            },
            "start_tick": 0,
            "start_value": 0,
            "start_velocity": 0,
            "target": 0
          },
          "lit": false
        },
        "Material": {
          "color": [
            0.15,
            0.6,
            0.8,
            1
          ],
          "emissive": [
            0,
            0,
            0
          ],
          "grid_spacing": 0,
          "metallic": 0,
          "roughness": 0.5
        },
        "Mesh": {
          "Sphere": {
            "radius": 0.5
          }
        },
        "Transform": {
          "position": [
            0,
            0.75,
            -6.5
          ],
          "rotation": [
            0,
            0,
            0,
            1
          ],
          "scale": [
            1,
            1,
            1
          ]
        }
      },
      "id": 7,
      "name": "beacon-1"
    }
  ],
  "hash": "0xa3a47021d1fd47a4",
  "tick": 120,
  "truncated": false,
  "epoch": 2,
  "incarnation": 1,
  "clock": 1500
}
screenshot /home/ccheever/lanes/gamenext/exact2-i1/game/games/greybox/artifacts/restored.world world save
{"bytes":9576,"hash":"0xa3a47021d1fd47a4","tick":120,"epoch":2,"incarnation":1,"clock":1500,"screenshot":"/home/ccheever/lanes/gamenext/exact2-i1/game/games/greybox/artifacts/restored.world"}
PASS D6 two sessions continue to the same simulation snapshot
PASS D6 entire Sim save is byte-identical, including held input, queue, clock, journal and publications
PASS ready: no GPU allocations or asset uploads after ready: {"ready":true,"gpu":{"afterReady":{"bindGroupLayouts":0,"bufferReallocations":0,"computePipelines":0,"declaredExceptions":{"counts":{"bindGroupLayouts":0,"bufferReallocations":0,"computePipelines":0,"indexBuffers":0,"meshBytesUploaded":0,"renderPipelines":0,"shaderModules":0,"slotCapacityGrowth":0,"textureBytesUploaded":0,"textures":0,"vertexBuffers":0},"events":0,"last":null},"indexBuffers":0,"meshBytesUploaded":0,"renderPipelines":0,"shaderModules":0,"slotCapacityGrowth":0,"streamingVertexBytes":0,"textureBytesUploaded":0,"textures":0,"vertexBuffers":0,"violations":0},"beforeReady":{"bindGroupLayouts":0,"bufferReallocations":3,"computePipelines":0,"indexBuffers":3,"meshBytesUploaded":41536,"renderPipelines":0,"shaderModules":0,"slotCapacityGrowth":1,"streamingVertexBytes":0,"textureBytesUploaded":0,"textures":0,"vertexBuffers":3},"device":false,"lastAfterReady":null,"restoreUploads":{"counts":{"bindGroupLayouts":0,"bufferReallocations":0,"computePipelines":0,"indexBuffers":0,"meshBytesUploaded":0,"renderPipelines":0,"shaderModules":0,"slotCapacityGrowth":0,"textureBytesUploaded":0,"textures":0,"vertexBuffers":0},"events":0,"last":null}},"lastAfterReady":null}
PASS the operation creating the canvas reports its restore refusal: "restore refused: unsupported simulation save format (expected EXSIM v6; older saves lack the tick-zero base, restart required; saw [69, 6e, 76, 61, 6c, 69, 64, 20])"
state 
{
  "capabilities": {
    "build": {
      "host": "b711c59d2d941400ec01588e99bbc93f",
      "lastSuccessfulSwap": null,
      "loadedGame": {
        "app": "com.exact.greybox",
        "cohort": "b711c59d2d941400ec01588e99bbc93f",
        "name": "libgreybox_gpu.so",
        "sha256": "8df00874c859d7292f6efe3dfdd80b7868fb70a78a569854e24d958ebfc3c706",
        "trust": "development"
      },
      "phase": "launch",
      "planDigest": {
        "unavailable": true
      },
      "requestedGame": {
        "app": "com.exact.greybox",
        "cohort": "b711c59d2d941400ec01588e99bbc93f",
        "name": "libgreybox_gpu.so",
        "sha256": "8df00874c859d7292f6efe3dfdd80b7868fb70a78a569854e24d958ebfc3c706",
        "trust": "development"
      }
    },
    "carrier": {
      "active": "stdio-headless",
      "available": [
        "stdio-headless"
      ],
      "delivery": {
        "canvasKey": "recognized",
        "device": false,
        "heldContact": false,
        "tap": "recognized"
      },
      "eof": "exit",
      "scope": "launch"
    },
    "clockOwnership": false,
    "detach": false,
    "handoff": false,
    "host": "linux",
    "inputProvenance": {
      "reason": "GPU input ABI does not carry source attestation",
      "unavailable": true
    },
    "reload": {
      "game": "rebuild-relaunch",
      "liveGameReplacement": false,
      "ui": "restart-with-compatible-slot-carry",
      "worldCarry": "explicit-save-restore",
      "worldOnUIReload": {
        "reason": "surface instances are rebound by view id; transactional game carry is not implemented",
        "unavailable": true
      }
    }
  },
  "clock": 0,
  "delivery": {
    "E": [
      "native"
    ],
    "L": "0",
    "compatibilityId": "b711c59d2d941400ec01588e99bbc93f",
    "embeddedSeq": 0,
    "interpreted": [],
    "seq": 0,
    "staged": false,
    "stream": "embedded",
    "sunset": ""
  },
  "derives": {},
  "epoch": 2,
  "focus": {
    "logical": null
  },
  "incarnation": 1,
  "keyboard": {
    "unavailable": true
  },
  "logic": {
    "ready": true,
    "revision": null,
    "rustExecutor": null
  },
  "navigation": {
    "unavailable": true
  },
  "ownership": {
    "clock": "controlled",
    "launchMode": "agent",
    "owner": "agent",
    "scope": "launch"
  },
  "pending": [],
  "resources": {
    "hud": {
      "beacons": 0
    }
  },
  "slots": {
    "paused": false,
    "playing": true,
    "seed": 7
  },
  "store": [],
  "world": [
    {
      "args": {
        "paused": false,
        "seed": 7
      },
      "assets": [],
      "audio": {
        "sources": [
          {
            "entity": "camera",
            "gain": 0.3,
            "playing": true,
            "sound": "wind"
          }
        ],
        "voices": []
      },
      "canvas": 6,
      "capture": null,
      "clockState": {
        "hostMicros": 0,
        "worldMicros": 0
      },
      "device": false,
      "entities": 8,
      "gpu": {
        "afterReady": {
          "bindGroupLayouts": 0,
          "bufferReallocations": 0,
          "computePipelines": 0,
          "declaredExceptions": {
            "counts": {
              "bindGroupLayouts": 0,
              "bufferReallocations": 0,
              "computePipelines": 0,
              "indexBuffers": 0,
              "meshBytesUploaded": 0,
              "renderPipelines": 0,
              "shaderModules": 0,
              "slotCapacityGrowth": 0,
              "textureBytesUploaded": 0,
              "textures": 0,
              "vertexBuffers": 0
            },
            "events": 0,
            "last": null
          },
          "indexBuffers": 0,
          "meshBytesUploaded": 0,
          "renderPipelines": 0,
          "shaderModules": 0,
          "slotCapacityGrowth": 0,
          "streamingVertexBytes": 0,
          "textureBytesUploaded": 0,
          "textures": 0,
          "vertexBuffers": 0,
          "violations": 0
        },
        "beforeReady": {
          "bindGroupLayouts": 0,
          "bufferReallocations": 3,
          "computePipelines": 0,
          "indexBuffers": 3,
          "meshBytesUploaded": 41536,
          "renderPipelines": 0,
          "shaderModules": 0,
          "slotCapacityGrowth": 1,
          "streamingVertexBytes": 0,
          "textureBytesUploaded": 0,
          "textures": 0,
          "vertexBuffers": 3
        },
        "device": false,
        "lastAfterReady": null,
        "restoreUploads": {
          "counts": {
            "bindGroupLayouts": 0,
            "bufferReallocations": 0,
            "computePipelines": 0,
            "indexBuffers": 0,
            "meshBytesUploaded": 0,
            "renderPipelines": 0,
            "shaderModules": 0,
            "slotCapacityGrowth": 0,
            "textureBytesUploaded": 0,
            "textures": 0,
            "vertexBuffers": 0
          },
          "events": 0,
          "last": null
        }
      },
      "hash": "0x7df5e5a89b4d0207",
      "hz": 60,
      "input": {
        "actions": {
          "act": {
            "keys": [
              "KeyE",
              "Enter"
            ],
            "name": "act",
            "stick": [],
            "touch": []
          },
          "jump": {
            "keys": [
              "Space"
            ],
            "name": "jump",
            "stick": [],
            "touch": []
          },
          "move": {
            "keys": [],
            "name": "move",
            "stick": [
              {
                "keys": [
                  [
                    "KeyW",
                    "KeyS",
                    "KeyA",
                    "KeyD"
                  ],
                  [
                    "ArrowUp",
                    "ArrowDown",
                    "ArrowLeft",
                    "ArrowRight"
                  ]
                ],
                "touch": []
              }
            ],
            "touch": []
          }
        },
        "forwarded": [],
        "held": []
      },
      "loading": [],
      "name": "world",
      "ownership": {
        "clock": "controlled",
        "contamination": 0,
        "handoff": "clock owner human/agent",
        "inputSource": "unavailable",
        "owner": "agent"
      },
      "paused": false,
      "perf": {
        "armed": false,
        "draws": 0,
        "encodeMs": {
          "count": 0,
          "max": 0,
          "mean": 0,
          "p50": 0,
          "p95": 0,
          "p99": 0
        },
        "feedMs": {
          "count": 0,
          "max": 0,
          "mean": 0,
          "p50": 0,
          "p95": 0,
          "p99": 0
        },
        "frameMs": {
          "count": 0,
          "max": 0,
          "mean": 0,
          "p50": 0,
          "p95": 0,
          "p99": 0
        },
        "instances": 0,
        "pixels": [
          0,
          0
        ],
        "tickMs": {
          "count": 0,
          "max": 0,
          "mean": 0,
          "p50": 0,
          "p95": 0,
          "p99": 0
        },
        "ticksPerFrame": {
          "count": 0,
          "max": 0,
          "mean": 0,
          "p50": 0,
          "p95": 0,
          "p99": 0
        },
        "triangles": 0,
        "wallClock": true
      },
      "published": {
        "beacons": 0
      },
      "ready": true,
      "readyReasons": [],
      "reload": {
        "added": [],
        "applied": [],
        "kept": [],
        "omitted": 0,
        "removed": [],
        "unmatched": []
      },
      "resources": {
        "Audio": {
          "master": 1,
          "reports": []
        },
        "Sounds": [
          {
            "chime": {
              "attack": 0.005,
              "decay": 0.15,
              "gain": 0.3,
              "highpass_hz": 0,
              "hz": 880,
              "layers": [
                {
                  "attack": 0.005,
                  "decay": 0.15,
                  "gain": 0.12,
                  "highpass_hz": 0,
                  "hz": 1320,
                  "layers": [],
                  "looping": false,
                  "lowpass_hz": 0,
                  "release": 0.45,
                  "seconds": 0.5,
                  "slide": 0,
                  "sustain": 0,
                  "vibrato_depth": 0,
                  "vibrato_hz": 0,
                  "wave": {
                    "Sine": {}
                  }
                }
              ],
              "looping": false,
              "lowpass_hz": 0,
              "release": 0.7,
              "seconds": 0.8,
              "slide": 0,
              "sustain": 0,
              "vibrato_depth": 0,
              "vibrato_hz": 0,
              "wave": {
                "Sine": {}
              }
            },
            "footstep": {
              "attack": 0.002,
              "decay": 0.15,
              "gain": 0.4,
              "highpass_hz": 0,
              "hz": 440,
              "layers": [],
              "looping": false,
              "lowpass_hz": 650,
              "release": 0.08,
              "seconds": 0.09,
              "slide": 0,
              "sustain": 0,
              "vibrato_depth": 0,
              "vibrato_hz": 0,
              "wave": {
                "Noise": {}
              }
            },
            "wind": {
              "attack": 0,
              "decay": 0.15,
              "gain": 0.12,
              "highpass_hz": 0,
              "hz": 440,
              "layers": [],
              "looping": true,
              "lowpass_hz": 380,
              "release": 0,
              "seconds": 2,
              "slide": 0,
              "sustain": 1,
              "vibrato_depth": 0,
              "vibrato_hz": 0,
              "wave": {
                "Noise": {}
              }
            }
          }
        ],
        "Voices": {
          "next_id": 0,
          "voices": []
        }
      },
      "restoreError": "restore refused: unsupported simulation save format (expected EXSIM v6; older saves lack the tick-zero base, restart required; saw [69, 6e, 76, 61, 6c, 69, 64, 20])",
      "restored": false,
      "seed": 7,
      "tick": 0
    }
  ]
}
PASS refusal belongs to canvas state and leaves a fresh world: {"args":{"paused":false,"seed":7},"assets":[],"audio":{"sources":[{"entity":"camera","gain":0.3,"playing":true,"sound":"wind"}],"voices":[]},"canvas":6,"capture":null,"clockState":{"hostMicros":0,"worldMicros":0},"device":false,"entities":8,"gpu":{"afterReady":{"bindGroupLayouts":0,"bufferReallocations":0,"computePipelines":0,"declaredExceptions":{"counts":{"bindGroupLayouts":0,"bufferReallocations":0,"computePipelines":0,"indexBuffers":0,"meshBytesUploaded":0,"renderPipelines":0,"shaderModules":0,"slotCapacityGrowth":0,"textureBytesUploaded":0,"textures":0,"vertexBuffers":0},"events":0,"last":null},"indexBuffers":0,"meshBytesUploaded":0,"renderPipelines":0,"shaderModules":0,"slotCapacityGrowth":0,"streamingVertexBytes":0,"textureBytesUploaded":0,"textures":0,"vertexBuffers":0,"violations":0},"beforeReady":{"bindGroupLayouts":0,"bufferReallocations":3,"computePipelines":0,"indexBuffers":3,"meshBytesUploaded":41536,"renderPipelines":0,"shaderModules":0,"slotCapacityGrowth":1,"streamingVertexBytes":0,"textureBytesUploaded":0,"textures":0,"vertexBuffers":3},"device":false,"lastAfterReady":null,"restoreUploads":{"counts":{"bindGroupLayouts":0,"bufferReallocations":0,"computePipelines":0,"indexBuffers":0,"meshBytesUploaded":0,"renderPipelines":0,"shaderModules":0,"slotCapacityGrowth":0,"textureBytesUploaded":0,"textures":0,"vertexBuffers":0},"events":0,"last":null}},"hash":"0x7df5e5a89b4d0207","hz":60,"input":{"actions":{"act":{"keys":["KeyE","Enter"],"name":"act","stick":[],"touch":[]},"jump":{"keys":["Space"],"name":"jump","stick":[],"touch":[]},"move":{"keys":[],"name":"move","stick":[{"keys":[["KeyW","KeyS","KeyA","KeyD"],["ArrowUp","ArrowDown","ArrowLeft","ArrowRight"]],"touch":[]}],"touch":[]}},"forwarded":[],"held":[]},"loading":[],"name":"world","ownership":{"clock":"controlled","contamination":0,"handoff":"clock owner human/agent","inputSource":"unavailable","owner":"agent"},"paused":false,"perf":{"armed":false,"draws":0,"encodeMs":{"count":0,"max":0,"mean":0,"p50":0,"p95":0,"p99":0},"feedMs":{"count":0,"max":0,"mean":0,"p50":0,"p95":0,"p99":0},"frameMs":{"count":0,"max":0,"mean":0,"p50":0,"p95":0,"p99":0},"instances":0,"pixels":[0,0],"tickMs":{"count":0,"max":0,"mean":0,"p50":0,"p95":0,"p99":0},"ticksPerFrame":{"count":0,"max":0,"mean":0,"p50":0,"p95":0,"p99":0},"triangles":0,"wallClock":true},"published":{"beacons":0},"ready":true,"readyReasons":[],"reload":{"added":[],"applied":[],"kept":[],"omitted":0,"removed":[],"unmatched":[]},"resources":{"Audio":{"master":1,"reports":[]},"Sounds":[{"chime":{"attack":0.005,"decay":0.15,"gain":0.3,"highpass_hz":0,"hz":880,"layers":[{"attack":0.005,"decay":0.15,"gain":0.12,"highpass_hz":0,"hz":1320,"layers":[],"looping":false,"lowpass_hz":0,"release":0.45,"seconds":0.5,"slide":0,"sustain":0,"vibrato_depth":0,"vibrato_hz":0,"wave":{"Sine":{}}}],"looping":false,"lowpass_hz":0,"release":0.7,"seconds":0.8,"slide":0,"sustain":0,"vibrato_depth":0,"vibrato_hz":0,"wave":{"Sine":{}}},"footstep":{"attack":0.002,"decay":0.15,"gain":0.4,"highpass_hz":0,"hz":440,"layers":[],"looping":false,"lowpass_hz":650,"release":0.08,"seconds":0.09,"slide":0,"sustain":0,"vibrato_depth":0,"vibrato_hz":0,"wave":{"Noise":{}}},"wind":{"attack":0,"decay":0.15,"gain":0.12,"highpass_hz":0,"hz":440,"layers":[],"looping":true,"lowpass_hz":380,"release":0,"seconds":2,"slide":0,"sustain":1,"vibrato_depth":0,"vibrato_hz":0,"wave":{"Noise":{}}}}],"Voices":{"next_id":0,"voices":[]}},"restoreError":"restore refused: unsupported simulation save format (expected EXSIM v6; older saves lack the tick-zero base, restart required; saw [69, 6e, 76, 61, 6c, 69, 64, 20])","restored":false,"seed":7,"tick":0}
clock +0
{"clock":0,"world":[{"canvas":6,"changing":["not observed"],"hash":"0x7df5e5a89b4d0207","ownership":{"clock":"controlled","contamination":0,"handoff":"clock owner human/agent","inputSource":"unavailable","owner":"agent"},"quiescent":false,"settleAt":100,"tick":0}],"epoch":2,"incarnation":1}
clock +100
{"clock":100,"world":[{"canvas":6,"changing":[],"hash":"0x0e678b967a4f3d3c","ownership":{"clock":"controlled","contamination":0,"handoff":"clock owner human/agent","inputSource":"unavailable","owner":"agent"},"quiescent":true,"tick":6}],"epoch":2,"incarnation":1}
state 
{
  "capabilities": {
    "build": {
      "host": "b711c59d2d941400ec01588e99bbc93f",
      "lastSuccessfulSwap": null,
      "loadedGame": {
        "app": "com.exact.greybox",
        "cohort": "b711c59d2d941400ec01588e99bbc93f",
        "name": "libgreybox_gpu.so",
        "sha256": "8df00874c859d7292f6efe3dfdd80b7868fb70a78a569854e24d958ebfc3c706",
        "trust": "development"
      },
      "phase": "launch",
      "planDigest": {
        "unavailable": true
      },
      "requestedGame": {
        "app": "com.exact.greybox",
        "cohort": "b711c59d2d941400ec01588e99bbc93f",
        "name": "libgreybox_gpu.so",
        "sha256": "8df00874c859d7292f6efe3dfdd80b7868fb70a78a569854e24d958ebfc3c706",
        "trust": "development"
      }
    },
    "carrier": {
      "active": "stdio-headless",
      "available": [
        "stdio-headless"
      ],
      "delivery": {
        "canvasKey": "recognized",
        "device": false,
        "heldContact": false,
        "tap": "recognized"
      },
      "eof": "exit",
      "scope": "launch"
    },
    "clockOwnership": false,
    "detach": false,
    "handoff": false,
    "host": "linux",
    "inputProvenance": {
      "reason": "GPU input ABI does not carry source attestation",
      "unavailable": true
    },
    "reload": {
      "game": "rebuild-relaunch",
      "liveGameReplacement": false,
      "ui": "restart-with-compatible-slot-carry",
      "worldCarry": "explicit-save-restore",
      "worldOnUIReload": {
        "reason": "surface instances are rebound by view id; transactional game carry is not implemented",
        "unavailable": true
      }
    }
  },
  "clock": 100,
  "delivery": {
    "E": [
      "native"
    ],
    "L": "0",
    "compatibilityId": "b711c59d2d941400ec01588e99bbc93f",
    "embeddedSeq": 0,
    "interpreted": [],
    "seq": 0,
    "staged": false,
    "stream": "embedded",
    "sunset": ""
  },
  "derives": {},
  "epoch": 2,
  "focus": {
    "logical": null
  },
  "incarnation": 1,
  "keyboard": {
    "unavailable": true
  },
  "logic": {
    "ready": true,
    "revision": null,
    "rustExecutor": null
  },
  "navigation": {
    "unavailable": true
  },
  "ownership": {
    "clock": "controlled",
    "launchMode": "agent",
    "owner": "agent",
    "scope": "launch"
  },
  "pending": [],
  "resources": {
    "hud": {
      "beacons": 0
    }
  },
  "slots": {
    "paused": false,
    "playing": true,
    "seed": 7
  },
  "store": [],
  "world": [
    {
      "args": {
        "paused": false,
        "seed": 7
      },
      "assets": [],
      "audio": {
        "sources": [
          {
            "entity": "camera",
            "gain": 0.3,
            "playing": true,
            "sound": "wind"
          }
        ],
        "voices": []
      },
      "canvas": 6,
      "capture": null,
      "clockState": {
        "hostMicros": 100000,
        "worldMicros": 100000
      },
      "device": false,
      "entities": 8,
      "gpu": {
        "afterReady": {
          "bindGroupLayouts": 0,
          "bufferReallocations": 0,
          "computePipelines": 0,
          "declaredExceptions": {
            "counts": {
              "bindGroupLayouts": 0,
              "bufferReallocations": 0,
              "computePipelines": 0,
              "indexBuffers": 0,
              "meshBytesUploaded": 0,
              "renderPipelines": 0,
              "shaderModules": 0,
              "slotCapacityGrowth": 0,
              "textureBytesUploaded": 0,
              "textures": 0,
              "vertexBuffers": 0
            },
            "events": 0,
            "last": null
          },
          "indexBuffers": 0,
          "meshBytesUploaded": 0,
          "renderPipelines": 0,
          "shaderModules": 0,
          "slotCapacityGrowth": 0,
          "streamingVertexBytes": 0,
          "textureBytesUploaded": 0,
          "textures": 0,
          "vertexBuffers": 0,
          "violations": 0
        },
        "beforeReady": {
          "bindGroupLayouts": 0,
          "bufferReallocations": 3,
          "computePipelines": 0,
          "indexBuffers": 3,
          "meshBytesUploaded": 41536,
          "renderPipelines": 0,
          "shaderModules": 0,
          "slotCapacityGrowth": 1,
          "streamingVertexBytes": 0,
          "textureBytesUploaded": 0,
          "textures": 0,
          "vertexBuffers": 3
        },
        "device": false,
        "lastAfterReady": null,
        "restoreUploads": {
          "counts": {
            "bindGroupLayouts": 0,
            "bufferReallocations": 0,
            "computePipelines": 0,
            "indexBuffers": 0,
            "meshBytesUploaded": 0,
            "renderPipelines": 0,
            "shaderModules": 0,
            "slotCapacityGrowth": 0,
            "textureBytesUploaded": 0,
            "textures": 0,
            "vertexBuffers": 0
          },
          "events": 0,
          "last": null
        }
      },
      "hash": "0x0e678b967a4f3d3c",
      "hz": 60,
      "input": {
        "actions": {
          "act": {
            "keys": [
              "KeyE",
              "Enter"
            ],
            "name": "act",
            "stick": [],
            "touch": []
          },
          "jump": {
            "keys": [
              "Space"
            ],
            "name": "jump",
            "stick": [],
            "touch": []
          },
          "move": {
            "keys": [],
            "name": "move",
            "stick": [
              {
                "keys": [
                  [
                    "KeyW",
                    "KeyS",
                    "KeyA",
                    "KeyD"
                  ],
                  [
                    "ArrowUp",
                    "ArrowDown",
                    "ArrowLeft",
                    "ArrowRight"
                  ]
                ],
                "touch": []
              }
            ],
            "touch": []
          }
        },
        "forwarded": [],
        "held": []
      },
      "loading": [],
      "name": "world",
      "ownership": {
        "clock": "controlled",
        "contamination": 0,
        "handoff": "clock owner human/agent",
        "inputSource": "unavailable",
        "owner": "agent"
      },
      "paused": false,
      "perf": {
        "armed": false,
        "draws": 0,
        "encodeMs": {
          "count": 0,
          "max": 0,
          "mean": 0,
          "p50": 0,
          "p95": 0,
          "p99": 0
        },
        "feedMs": {
          "count": 0,
          "max": 0,
          "mean": 0,
          "p50": 0,
          "p95": 0,
          "p99": 0
        },
        "frameMs": {
          "count": 0,
          "max": 0,
          "mean": 0,
          "p50": 0,
          "p95": 0,
          "p99": 0
        },
        "instances": 0,
        "pixels": [
          0,
          0
        ],
        "tickMs": {
          "count": 0,
          "max": 0,
          "mean": 0,
          "p50": 0,
          "p95": 0,
          "p99": 0
        },
        "ticksPerFrame": {
          "count": 0,
          "max": 0,
          "mean": 0,
          "p50": 0,
          "p95": 0,
          "p99": 0
        },
        "triangles": 0,
        "wallClock": true
      },
      "published": {
        "beacons": 0
      },
      "ready": true,
      "readyReasons": [],
      "reload": {
        "added": [],
        "applied": [],
        "kept": [],
        "omitted": 0,
        "removed": [],
        "unmatched": []
      },
      "resources": {
        "Audio": {
          "master": 1,
          "reports": [
            {
              "entity": {
                "generation": 0,
                "index": 2
              },
              "gain": 0.3,
              "playing": true,
              "refused": false,
              "sound": "wind"
            }
          ]
        },
        "Sounds": [
          {
            "chime": {
              "attack": 0.005,
              "decay": 0.15,
              "gain": 0.3,
              "highpass_hz": 0,
              "hz": 880,
              "layers": [
                {
                  "attack": 0.005,
                  "decay": 0.15,
                  "gain": 0.12,
                  "highpass_hz": 0,
                  "hz": 1320,
                  "layers": [],
                  "looping": false,
                  "lowpass_hz": 0,
                  "release": 0.45,
                  "seconds": 0.5,
                  "slide": 0,
                  "sustain": 0,
                  "vibrato_depth": 0,
                  "vibrato_hz": 0,
                  "wave": {
                    "Sine": {}
                  }
                }
              ],
              "looping": false,
              "lowpass_hz": 0,
              "release": 0.7,
              "seconds": 0.8,
              "slide": 0,
              "sustain": 0,
              "vibrato_depth": 0,
              "vibrato_hz": 0,
              "wave": {
                "Sine": {}
              }
            },
            "footstep": {
              "attack": 0.002,
              "decay": 0.15,
              "gain": 0.4,
              "highpass_hz": 0,
              "hz": 440,
              "layers": [],
              "looping": false,
              "lowpass_hz": 650,
              "release": 0.08,
              "seconds": 0.09,
              "slide": 0,
              "sustain": 0,
              "vibrato_depth": 0,
              "vibrato_hz": 0,
              "wave": {
                "Noise": {}
              }
            },
            "wind": {
              "attack": 0,
              "decay": 0.15,
              "gain": 0.12,
              "highpass_hz": 0,
              "hz": 440,
              "layers": [],
              "looping": true,
              "lowpass_hz": 380,
              "release": 0,
              "seconds": 2,
              "slide": 0,
              "sustain": 1,
              "vibrato_depth": 0,
              "vibrato_hz": 0,
              "wave": {
                "Noise": {}
              }
            }
          }
        ],
        "Voices": {
          "next_id": 0,
          "voices": []
        }
      },
      "restoreError": "restore refused: unsupported simulation save format (expected EXSIM v6; older saves lack the tick-zero base, restart required; saw [69, 6e, 76, 61, 6c, 69, 64, 20])",
      "restored": false,
      "seed": 7,
      "tick": 6
    }
  ]
}
PASS unrelated operations keep working after a refused restore
logs 
t=0 boot: 5 nodes, epoch 1
t=0 trust roots: the system's trust store (121 roots)
t=0 press view 4 (play) → epoch 2 (+4 −4 ~1)
t=0 surface world (1 asked again) → epoch 2 (+0 −0 ~0)
world t=0 tick=0 spawn #0
world t=0 tick=0 spawn #1
world t=0 tick=0 spawn #2
world t=0 tick=0 spawn #3
world t=0 tick=0 spawn #4
world t=0 tick=0 spawn #5
world t=0 tick=0 spawn #6
world t=0 tick=0 spawn #7
world t=0 tick=0 publish beacons: {"Number":[0.0]}
world t=0 tick=0 control: agent attached; controlled clock
world t=0 tick=0 loop wind on gain 0.30
world restore refused: unsupported simulation save format (expected EXSIM v6; older saves lack the tick-zero base, restart required; saw [69, 6e, 76, 61, 6c, 69, 64, 20])
PASS restore refusal is in the canvas journal: [{"canvas":6,"from":0,"lines":["t=0 tick=0 spawn #0","t=0 tick=0 spawn #1","t=0 tick=0 spawn #2","t=0 tick=0 spawn #3","t=0 tick=0 spawn #4","t=0 tick=0 spawn #5","t=0 tick=0 spawn #6","t=0 tick=0 spawn #7","t=0 tick=0 publish beacons: {\"Number\":[0.0]}","t=0 tick=0 control: agent attached; controlled clock","t=0 tick=0 loop wind on gain 0.30","restore refused: unsupported simulation save format (expected EXSIM v6; older saves lack the tick-zero base, restart required; saw [69, 6e, 76, 61, 6c, 69, 64, 20])"],"next":11,"tick":6}]
PASS ready: no GPU allocations or asset uploads after ready: {"ready":true,"gpu":{"afterReady":{"bindGroupLayouts":0,"bufferReallocations":0,"computePipelines":0,"declaredExceptions":{"counts":{"bindGroupLayouts":0,"bufferReallocations":0,"computePipelines":0,"indexBuffers":0,"meshBytesUploaded":0,"renderPipelines":0,"shaderModules":0,"slotCapacityGrowth":0,"textureBytesUploaded":0,"textures":0,"vertexBuffers":0},"events":0,"last":null},"indexBuffers":0,"meshBytesUploaded":0,"renderPipelines":0,"shaderModules":0,"slotCapacityGrowth":0,"streamingVertexBytes":0,"textureBytesUploaded":0,"textures":0,"vertexBuffers":0,"violations":0},"beforeReady":{"bindGroupLayouts":0,"bufferReallocations":3,"computePipelines":0,"indexBuffers":3,"meshBytesUploaded":41536,"renderPipelines":0,"shaderModules":0,"slotCapacityGrowth":1,"streamingVertexBytes":0,"textureBytesUploaded":0,"textures":0,"vertexBuffers":3},"device":false,"lastAfterReady":null,"restoreUploads":{"counts":{"bindGroupLayouts":0,"bufferReallocations":0,"computePipelines":0,"indexBuffers":0,"meshBytesUploaded":0,"renderPipelines":0,"shaderModules":0,"slotCapacityGrowth":0,"textureBytesUploaded":0,"textures":0,"vertexBuffers":0},"events":0,"last":null}},"lastAfterReady":null}
PASS all recorded children exited: []
PROOF PASS greybox linux: 0 failures; 22.024 s
